latitude,longitude,state,grid_key,acq_date,acq_time,model_predicted_class,prediction_confidence,heuristic_label,risk_score,risk_level,risk_score_api,frp,brightness,bright_t31,bright_ti4,bright_ti5,dist_industrial_zone_km,dist_power_plant_km,dist_quarry_km,dist_brick_kiln_km,dist_oil_gas_km,dist_waste_site_km,landcover_name,landcover_class,population_density,recurrence_score,recency_score,trend_score,stability_score,persistence_confidence,site_detection_count,top_shap_feature,top_shap_impact,risk_explanation,prob_Agricultural_Burning,prob_Brick_Kiln,prob_Industrial,prob_Mining_Extraction,prob_Other_Unknown,prob_Waste_Landfill,prob_Wildfire,scan,track,satellite,instrument,confidence,version,daynight,confidence_numeric,landcover_code,ndvi,nbr,sar_backscatter_delta,type,label_confidence
10.01406,78.08731,TamilNadu,1001_7809,2026-09-01,854.0,Agricultural Burning,0.8238,Other/Unknown,8.9,Low,0.332,3.52,332.78,297.7,332.78,297.7,4.995,19.168,6.9,45.628,124.98,63.539,Cropland,40.0,492.2283020019531,0.13070098600339122,4.3421168989444537e-13,,,0.5,2.0,recurrence_score,1.543,Classified as Agricultural Burning (82% confidence). low persistence / first-seen (persistence score 7/100). Intensity score 33/100. Overall risk: 9/100.,0.8238,0.0,0.0,0.0,0.1761,0.0,0.0,0.58,0.7,N21,VIIRS,n,2.0NRT,D,50.0,40.0,,,,0,n/a
10.03975,77.97247,TamilNadu,1004_7797,2026-08-28,828.0,Other/Unknown,0.9999,Other/Unknown,15.9,Low,0.35,5.07,338.0,304.45,338.0,304.45,11.54,18.106,4.996,57.243,116.989,53.127,,,,0.0,0.0,,,0.5,1.0,landcover_code,0.8734,Classified as Other/Unknown (100% confidence). low persistence / first-seen (persistence score 0/100). Intensity score 39/100. Overall risk: 16/100.,0.0,0.0,0.0,0.0,0.9999,0.0,0.0,0.42,0.45,N21,VIIRS,n,2.0NRT,D,50.0,,,,,0,n/a
10.05289,77.95028,TamilNadu,1005_7795,2026-08-27,848.0,Other/Unknown,0.9999,Other/Unknown,19.7,Low,0.35,11.04,355.42,292.05,355.42,292.05,10.026,15.424,6.097,60.07,114.705,50.301,Tree cover,10.0,701.9544677734375,0.13070098600339122,2.632567406981942e-12,,,0.5,2.0,dist_industrial_zone_km,0.9876,Classified as Other/Unknown (100% confidence). low persistence / first-seen (persistence score 7/100). Intensity score 54/100. Overall risk: 20/100.,0.0,0.0,0.0,0.0,0.9999,0.0,0.0,0.44,0.62,N21,VIIRS,n,2.0NRT,D,50.0,10.0,,,,0,n/a
10.04896,78.97438,TamilNadu,1005_7897,2026-08-31,731.0,Other/Unknown,0.9999,Other/Unknown,17.3,Low,0.35,8.45,339.72,301.32,339.72,301.32,20.044,30.639,34.053,70.661,103.715,43.393,,,,0.0,0.0,,,0.5,1.0,landcover_code,1.41,Classified as Other/Unknown (100% confidence). low persistence / first-seen (persistence score 0/100). Intensity score 49/100. Overall risk: 17/100.,0.0,0.0,0.0,0.0,0.9999,0.0,0.0,0.59,0.53,N21,VIIRS,n,2.0NRT,D,50.0,,,,,0,n/a
10.07835,77.31503,TamilNadu,1008_7732,2026-08-29,2046.0,Other/Unknown,0.9999,Other/Unknown,12.3,Low,0.35,0.23,295.94,281.68,295.94,281.68,10.991,33.526,7.192,100.121,98.292,8.14,Tree cover,10.0,261.8417663574219,0.13070098600339122,4.945481347442239e-17,,,0.5,2.0,dist_quarry_km,1.0922,Classified as Other/Unknown (100% confidence). low persistence / first-seen (persistence score 7/100). Intensity score 4/100. Overall risk: 12/100.,0.0,0.0,0.0,0.0,0.9999,0.0,0.0,0.44,0.46,N21,VIIRS,n,2.0NRT,N,50.0,10.0,,,,0,n/a
10.1045,77.46542,TamilNadu,1010_7747,2026-08-30,2025.0,Other/Unknown,0.9999,Other/Unknown,14.1,Low,0.35,0.59,307.32,290.73,307.32,290.73,6.501,21.684,12.444,108.054,100.855,15.15,Tree cover,10.0,105.33490753173828,0.20715616162265582,4.945481347442239e-17,,,0.5,3.0,dist_industrial_zone_km,1.5241,Classified as Other/Unknown (100% confidence). low persistence / first-seen (persistence score 10/100). Intensity score 10/100. Overall risk: 14/100.,0.0,0.0,0.0,0.0,0.9999,0.0,0.0,0.4,0.37,N21,VIIRS,n,2.0NRT,N,50.0,10.0,,,,0,n/a
10.26561,78.37807,TamilNadu,1027_7838,2026-08-31,2008.0,Other/Unknown,0.9999,Other/Unknown,13.0,Low,0.35,1.49,308.2,294.61,308.2,294.61,14.71,33.988,11.512,58.476,122.246,55.334,,,,0.0,0.0,,,0.5,1.0,landcover_code,1.3609,Classified as Other/Unknown (100% confidence). low persistence / first-seen (persistence score 0/100). Intensity score 20/100. Overall risk: 13/100.,0.0,0.0,0.0,0.0,0.9999,0.0,0.0,0.44,0.38,N21,VIIRS,n,2.0NRT,N,50.0,,,,,0,n/a
10.38894,79.17622,TamilNadu,1039_7918,2026-08-26,726.0,Agricultural Burning,0.7539,Other/Unknown,9.0,Low,0.325,5.0,330.34,292.83,330.34,292.83,26.261,34.357,38.307,61.447,61.27,55.182,Cropland,40.0,348.7404479980469,0.13070098600339122,3.3964309415154864e-09,,,0.5,2.0,recurrence_score,1.5392,Classified as Agricultural Burning (75% confidence). low persistence / first-seen (persistence score 7/100). Intensity score 39/100. Overall risk: 9/100.,0.7539,0.0,0.0,0.0,0.246,0.0,0.0,0.37,0.58,N21,VIIRS,n,2.0NRT,D,50.0,40.0,,,,0,n/a
10.3891,79.27283,TamilNadu,1039_7927,2026-09-01,714.0,Other/Unknown,1.0,Other/Unknown,23.8,Low,0.327,6.32,340.75,293.63,340.75,293.63,23.615,25.681,46.785,67.609,53.745,57.495,Cropland,40.0,439.9088134765625,0.337857147626047,8.236842632101639e-08,0.454476419914007,0.4036316929297389,1.0,6.0,landcover_code,0.8151,Classified as Other/Unknown (100% confidence). low persistence / first-seen (persistence score 29/100). Intensity score 43/100. Overall risk: 24/100.,0.0,0.0,0.0,0.0,1.0,0.0,0.0,0.59,0.7,N21,VIIRS,n,2.0NRT,D,50.0,40.0,,,,0,n/a
10.40263,79.35952,TamilNadu,1040_7936,2026-08-29,809.0,Agricultural Burning,0.9022,Other/Unknown,9.3,Low,0.34,3.41,336.63,304.48,336.63,304.48,22.511,18.277,45.914,72.948,46.736,54.495,Cropland,40.0,688.086669921875,0.13070098600339122,6.242359416607783e-08,,,0.5,2.0,recurrence_score,1.5363,Classified as Agricultural Burning (90% confidence). low persistence / first-seen (persistence score 7/100). Intensity score 32/100. Overall risk: 9/100.,0.9022,0.0,0.0,0.0,0.0978,0.0,0.0,0.42,0.38,N21,VIIRS,n,2.0NRT,D,50.0,40.0,,,,0,n/a
10.41422,77.11642,TamilNadu,1041_7712,2026-08-31,2008.0,Wildfire,0.9997,Wildfire,25.0,Medium,0.333,2.48,320.12,290.43,320.12,290.43,15.6,17.954,42.105,57.1,81.373,43.513,Tree cover,10.0,81.80438232421875,0.26140197200678245,4.242942811910362e-13,0.4660937834124445,0.4142135623730951,1.0,4.0,landcover_code,3.2199,Classified as Wildfire (100% confidence). low persistence / first-seen (persistence score 27/100). Intensity score 27/100. Overall risk: 25/100.,0.0,0.0,0.0,0.0,0.0003,0.0,0.9997,0.51,0.41,N21,VIIRS,n,2.0NRT,N,50.0,10.0,,,,0,n/a
10.40814,79.51502,TamilNadu,1041_7952,2026-08-29,809.0,Other/Unknown,0.9999,Other/Unknown,15.8,Low,0.35,4.87,345.82,303.98,345.82,303.98,10.552,16.407,30.584,85.633,39.206,37.578,,,,0.0,0.0,,,0.5,1.0,landcover_code,1.1827,Classified as Other/Unknown (100% confidence). low persistence / first-seen (persistence score 0/100). Intensity score 38/100. Overall risk: 16/100.,0.0,0.0,0.0,0.0,0.9999,0.0,0.0,0.43,0.38,N21,VIIRS,n,2.0NRT,D,50.0,,,,,0,n/a
10.43844,77.555,TamilNadu,1044_7756,2026-09-01,1947.0,Other/Unknown,0.9999,Other/Unknown,11.3,Low,0.35,0.47,304.16,290.23,304.16,290.23,4.355,15.111,8.956,92.698,63.273,5.645,,,,0.0,0.0,,,0.5,1.0,landcover_code,1.3565,Classified as Other/Unknown (100% confidence). low persistence / first-seen (persistence score 0/100). Intensity score 8/100. Overall risk: 11/100.,0.0,0.0,1e-04,0.0,0.9999,0.0,0.0,0.32,0.55,N21,VIIRS,n,2.0NRT,N,50.0,,,,,0,n/a
10.44864,79.65552,TamilNadu,1045_7966,2026-08-28,828.0,Other/Unknown,1.0,Other/Unknown,15.1,Low,0.35,3.77,335.25,294.59,335.25,294.59,5.495,24.732,16.078,96.29,34.186,23.479,,,,0.0,0.0,,,0.5,1.0,landcover_code,1.4016,Classified as Other/Unknown (100% confidence). low persistence / first-seen (persistence score 0/100). Intensity score 34/100. Overall risk: 15/100.,0.0,0.0,0.0,0.0,1.0,0.0,0.0,0.55,0.51,N21,VIIRS,n,2.0NRT,D,50.0,,,,,0,n/a
10.51079,79.66752,TamilNadu,1051_7967,2026-08-29,809.0,Other/Unknown,1.0,Other/Unknown,16.7,Low,0.35,6.97,337.73,302.68,337.73,302.68,4.568,24.044,10.378,94.408,27.744,25.588,,,,0.0,0.0,,,0.5,1.0,landcover_code,1.3967,Classified as Other/Unknown (100% confidence). low persistence / first-seen (persistence score 0/100). Intensity score 45/100. Overall risk: 17/100.,0.0,0.0,0.0,0.0,1.0,0.0,0.0,0.43,0.38,N21,VIIRS,n,2.0NRT,D,50.0,,,,,0,n/a
10.53212,78.34332,TamilNadu,1053_7834,2026-08-28,828.0,Other/Unknown,0.9999,Other/Unknown,17.3,Low,0.35,4.64,334.17,295.99,334.17,295.99,5.7,11.735,23.78,65.321,101.272,51.505,Tree cover,10.0,219.30686950683597,0.13070098600339122,8.935866365058843e-24,,,0.5,3.0,dist_industrial_zone_km,1.5128,Classified as Other/Unknown (100% confidence). low persistence / first-seen (persistence score 7/100). Intensity score 37/100. Overall risk: 17/100.,0.0,0.0,0.0,0.0,0.9999,0.0,0.0,0.45,0.47,N21,VIIRS,n,2.0NRT,D,50.0,10.0,,,,0,n/a
10.53153,78.34397,TamilNadu,1053_7834,2026-08-28,828.0,Other/Unknown,0.9999,Other/Unknown,29.3,Medium,0.35,2.69,332.5,295.32,332.5,295.32,5.748,11.81,23.825,65.3,101.366,51.486,Tree cover,10.0,219.30686950683597,0.20715616162265582,1.0,,,0.5,3.0,dist_industrial_zone_km,1.5592,Classified as Other/Unknown (100% confidence). moderately persistent (persistence score 60/100). Intensity score 28/100. Overall risk: 29/100.,0.0,0.0,0.0,0.0,0.9999,0.0,0.0,0.45,0.47,N21,VIIRS,n,2.0NRT,D,50.0,10.0,,,,0,n/a
10.52717,79.34861,TamilNadu,1053_7935,2026-08-29,809.0,Other/Unknown,0.9998,Other/Unknown,14.5,Low,0.35,2.96,335.93,305.39,335.93,305.39,10.677,11.162,43.717,63.133,36.969,47.154,,,,0.0,0.0,,,0.5,1.0,landcover_code,1.1826,Classified as Other/Unknown (100% confidence). low persistence / first-seen (persistence score 0/100). Intensity score 30/100. Overall risk: 14/100.,1e-04,0.0,1e-04,0.0,0.9998,0.0,0.0,0.42,0.38,N21,VIIRS,n,2.0NRT,D,50.0,,,,,0,n/a
10.76591,78.63389,TamilNadu,1077_7863,2026-09-02,837.0,Other/Unknown,0.9999,Other/Unknown,15.5,Low,0.35,4.46,332.65,299.67,332.65,299.67,2.219,4.423,14.26,24.627,105.417,10.807,,,,0.0,0.0,,,0.5,1.0,landcover_code,1.3427,Classified as Other/Unknown (100% confidence). low persistence / first-seen (persistence score 0/100). Intensity score 37/100. Overall risk: 16/100.,0.0,0.0,1e-04,0.0,0.9999,0.0,0.0,0.61,0.53,N21,VIIRS,n,2.0NRT,D,50.0,,,,,0,n/a
10.77498,78.64761,TamilNadu,1077_7865,2026-09-01,714.0,Other/Unknown,0.9999,Other/Unknown,25.9,Medium,0.371,9.28,339.35,298.22,339.35,298.22,3.976,4.608,16.048,22.834,103.938,9.039,Cropland,40.0,629.5093994140625,0.3921029580101737,5.646484220439205e-09,0.5421497278567008,0.3904201328503162,1.0,8.0,dist_industrial_zone_km,1.0736,Classified as Other/Unknown (100% confidence). moderately persistent (persistence score 33/100). Intensity score 50/100. Overall risk: 26/100.,0.0,0.0,0.0,0.0,0.9999,0.0,0.0,0.64,0.72,N21,VIIRS,n,2.0NRT,D,50.0,40.0,,,,0,n/a
10.77575,78.88298,TamilNadu,1078_7888,2026-08-25,2019.0,Industrial,0.9999,Industrial,29.5,Medium,0.75,1.6,305.38,283.61,305.38,283.61,0.946,10.181,8.579,9.163,78.241,17.551,Cropland,40.0,452.9272766113281,0.13070098600339122,1.8201022752267257e-09,,,0.5,2.0,dist_industrial_zone_km,4.2089,Classified as Industrial (100% confidence). low persistence / first-seen (persistence score 7/100). Intensity score 21/100. Overall risk: 30/100.,1e-04,0.0,0.9999,0.0,0.0,0.0,0.0,0.39,0.36,N21,VIIRS,n,2.0NRT,N,50.0,40.0,,,,0,medium
10.8313,78.8009,TamilNadu,1083_7880,2026-09-01,854.0,Other/Unknown,0.9999,Other/Unknown,17.7,Low,0.35,5.56,336.72,294.99,336.72,294.99,6.103,9.281,6.354,5.406,87.607,8.837,Tree cover,10.0,451.4962768554688,0.13070098600339122,3.7823449650604067e-10,,,0.5,2.0,dist_industrial_zone_km,0.9744,Classified as Other/Unknown (100% confidence). low persistence / first-seen (persistence score 7/100). Intensity score 41/100. Overall risk: 18/100.,0.0,0.0,0.0,0.0,0.9999,0.0,0.0,0.66,0.73,N21,VIIRS,n,2.0NRT,D,50.0,10.0,,,,0,n/a
10.85161,78.75615,TamilNadu,1085_7876,2026-08-29,809.0,Industrial,1.0,Industrial,38.0,Medium,0.75,8.61,340.1,307.17,340.1,307.17,0.82,12.171,10.09,8.727,92.713,6.295,Grassland,30.0,487.8343200683594,0.13070098600339122,6.288056942486161e-10,,,0.5,2.0,dist_industrial_zone_km,4.1385,Classified as Industrial (100% confidence). low persistence / first-seen (persistence score 7/100). Intensity score 49/100. Overall risk: 38/100.,0.0,0.0,1.0,0.0,0.0,0.0,0.0,0.41,0.37,N21,VIIRS,n,2.0NRT,D,50.0,30.0,,,,0,medium
10.86781,77.73611,TamilNadu,1087_7774,2026-09-02,837.0,Industrial,1.0,Industrial,28.7,Medium,0.75,2.79,336.59,302.33,336.59,302.33,9.059,1.756,8.53,100.191,25.355,34.642,,,,0.0,0.0,,,0.5,2.0,dist_power_plant_km,7.7703,Classified as Industrial (100% confidence). low persistence / first-seen (persistence score 0/100). Intensity score 29/100. Overall risk: 29/100.,0.0,0.0,1.0,0.0,0.0,0.0,0.0,0.53,0.5,N21,VIIRS,n,2.0NRT,D,50.0,,,,,0,medium
10.86859,77.7392,TamilNadu,1087_7774,2026-09-02,837.0,Industrial,1.0,Industrial,61.2,High,0.75,6.27,338.51,301.4,338.51,301.4,9.133,1.813,8.271,100.468,25.57,34.345,,,,0.13070098600339122,1.0,,,0.5,2.0,dist_power_plant_km,7.7948,Classified as Industrial (100% confidence). moderately persistent (persistence score 57/100). Intensity score 43/100. Overall risk: 61/100.,0.0,0.0,1.0,0.0,0.0,0.0,0.0,0.53,0.5,N21,VIIRS,n,2.0NRT,D,50.0,,,,,0,medium
10.87824,77.60252,TamilNadu,1088_7760,2026-08-27,848.0,Other/Unknown,1.0,Other/Unknown,13.2,Low,0.35,1.69,332.96,294.52,332.96,294.52,8.834,5.442,20.278,86.441,15.371,45.401,,,,0.0,0.0,,,0.5,1.0,landcover_code,1.372,Classified as Other/Unknown (100% confidence). low persistence / first-seen (persistence score 0/100). Intensity score 21/100. Overall risk: 13/100.,0.0,0.0,0.0,0.0,1.0,0.0,0.0,0.43,0.62,N21,VIIRS,n,2.0NRT,D,50.0,,,,,0,n/a
10.93779,78.20586,TamilNadu,1094_7821,2026-08-29,809.0,Agricultural Burning,0.8483,Other/Unknown,9.2,Low,0.335,4.0,337.13,302.71,337.13,302.71,3.264,8.502,21.746,69.092,71.74,29.342,Cropland,40.0,421.7097778320313,0.13070098600339122,7.495948007686355e-17,,,0.5,2.0,recurrence_score,1.5383,Classified as Agricultural Burning (85% confidence). low persistence / first-seen (persistence score 7/100). Intensity score 35/100. Overall risk: 9/100.,0.8483,0.0,0.0,0.0,0.1516,0.0,0.0,0.39,0.36,N21,VIIRS,n,2.0NRT,D,50.0,40.0,,,,0,n/a
10.93597,78.47108,TamilNadu,1094_7847,2026-08-29,809.0,Agricultural Burning,0.8491,Other/Unknown,9.9,Low,0.335,6.07,339.62,301.67,339.62,301.67,9.568,10.968,23.279,40.418,100.587,31.36,Cropland,40.0,339.2492980957031,0.13070098600339122,1.8289464680746746e-23,,,0.5,4.0,recurrence_score,1.5387,Classified as Agricultural Burning (85% confidence). low persistence / first-seen (persistence score 7/100). Intensity score 42/100. Overall risk: 10/100.,0.8491,0.0,0.0,0.0,0.1508,0.0,0.0,0.4,0.37,N21,VIIRS,n,2.0NRT,D,50.0,40.0,,,,0,n/a
10.93692,78.46759,TamilNadu,1094_7847,2026-08-29,2044.0,Other/Unknown,0.5958,Other/Unknown,25.5,Medium,0.31,2.94,317.71,290.06,317.71,290.06,9.335,10.904,23.255,40.812,100.199,31.746,Cropland,40.0,339.2492980957031,0.20715616162265582,1.0,,,0.5,4.0,dist_industrial_zone_km,0.9998,Classified as Other/Unknown (60% confidence). moderately persistent (persistence score 60/100). Intensity score 30/100. Overall risk: 26/100.,0.4041,0.0,0.0,0.0,0.5958,0.0,0.0,0.5,0.49,N21,VIIRS,n,2.0NRT,N,50.0,40.0,,,,0,n/a
10.94139,78.46842,TamilNadu,1094_7847,2026-08-29,2044.0,Other/Unknown,1.0,Other/Unknown,28.6,Medium,0.35,4.22,329.14,289.92,329.14,289.92,9.726,10.721,23.755,40.821,100.251,31.901,Cropland,40.0,339.2492980957031,0.26140197200678245,1.0,0.5004583332049576,0.4142135623730951,1.0,4.0,dist_industrial_zone_km,1.151,Classified as Other/Unknown (100% confidence). moderately persistent (persistence score 53/100). Intensity score 36/100. Overall risk: 29/100.,0.0,0.0,0.0,0.0,1.0,0.0,0.0,0.5,0.49,N21,VIIRS,n,2.0NRT,N,50.0,40.0,,,,0,n/a
10.95573,78.87653,TamilNadu,1096_7888,2026-08-29,809.0,Other/Unknown,0.9999,Other/Unknown,20.4,Low,0.35,9.96,347.12,305.99,347.12,305.99,6.895,22.91,6.284,8.23,82.093,23.636,Tree cover,10.0,250.5511932373047,0.20715616162265582,3.318856351600364e-09,,,0.5,3.0,dist_industrial_zone_km,1.039,Classified as Other/Unknown (100% confidence). low persistence / first-seen (persistence score 10/100). Intensity score 52/100. Overall risk: 20/100.,0.0,0.0,0.0,0.0,0.9999,0.0,0.0,0.41,0.37,N21,VIIRS,n,2.0NRT,D,50.0,10.0,,,,0,n/a
10.97389,77.72894,TamilNadu,1097_7773,2026-08-27,848.0,Industrial,1.0,Industrial,34.6,Medium,0.75,4.69,330.9,295.82,330.9,295.82,0.624,3.21,7.351,95.429,19.616,28.14,Grassland,30.0,230.58154296875,0.13070098600339122,1.3275425406401458e-08,,,0.5,2.0,dist_industrial_zone_km,4.4129,Classified as Industrial (100% confidence). low persistence / first-seen (persistence score 7/100). Intensity score 38/100. Overall risk: 35/100.,0.0,0.0,1.0,0.0,0.0,0.0,0.0,0.44,0.62,N21,VIIRS,n,2.0NRT,D,50.0,30.0,,,,0,medium
10.98005,79.4278,TamilNadu,1098_7943,2026-08-29,809.0,Agricultural Burning,0.5943,Other/Unknown,7.0,Low,0.309,2.61,332.11,293.0,332.11,293.0,4.602,14.47,23.804,60.192,31.581,36.324,Cropland,40.0,1506.8765869140625,0.13070098600339122,6.690395166333765e-08,,,0.5,2.0,recurrence_score,1.5228,Classified as Agricultural Burning (59% confidence). low persistence / first-seen (persistence score 7/100). Intensity score 28/100. Overall risk: 7/100.,0.5943,0.0,1e-04,0.0,0.4056,0.0,0.0,0.43,0.38,N21,VIIRS,n,2.0NRT,D,50.0,40.0,,,,0,n/a
10.99405,79.23645,TamilNadu,1099_7924,2026-09-01,1947.0,Other/Unknown,1.0,Other/Unknown,16.8,Low,0.35,7.05,332.49,290.43,332.49,290.43,7.397,7.513,6.467,40.276,47.916,18.609,,,,0.0,0.0,,,0.5,1.0,landcover_code,1.3131,Classified as Other/Unknown (100% confidence). low persistence / first-seen (persistence score 0/100). Intensity score 45/100. Overall risk: 17/100.,0.0,0.0,0.0,0.0,1.0,0.0,0.0,0.5,0.49,N21,VIIRS,n,2.0NRT,N,50.0,,,,,0,n/a
11.0839,78.75246,TamilNadu,1108_7875,2026-08-31,2008.0,Other/Unknown,1.0,Other/Unknown,12.3,Low,0.35,1.03,309.64,293.1,309.64,293.1,15.098,6.118,5.694,25.427,99.542,31.264,,,,0.0,0.0,,,0.5,2.0,landcover_code,0.8801,Classified as Other/Unknown (100% confidence). low persistence / first-seen (persistence score 0/100). Intensity score 15/100. Overall risk: 12/100.,0.0,0.0,0.0,0.0,1.0,0.0,0.0,0.43,0.38,N21,VIIRS,n,2.0NRT,N,50.0,,,,,0,n/a
11.08219,78.75288,TamilNadu,1108_7875,2026-08-31,2008.0,Other/Unknown,1.0,Other/Unknown,26.7,Medium,0.35,1.2,315.78,292.3,315.78,292.3,15.175,6.104,5.795,25.235,99.429,31.08,,,,0.13070098600339122,1.0,,,0.5,2.0,landcover_code,0.8423,Classified as Other/Unknown (100% confidence). moderately persistent (persistence score 57/100). Intensity score 17/100. Overall risk: 27/100.,0.0,0.0,0.0,0.0,1.0,0.0,0.0,0.43,0.38,N21,VIIRS,n,2.0NRT,N,50.0,,,,,0,n/a
11.09134,76.9546,TamilNadu,1109_7695,2026-08-28,830.0,Agricultural Burning,0.92,Other/Unknown,10.0,Low,0.342,5.04,332.31,299.78,332.31,299.78,3.786,6.024,17.535,15.899,65.916,34.833,Cropland,40.0,1415.6087646484375,0.13070098600339122,8.342559047449706e-21,,,0.5,2.0,recurrence_score,1.5397,Classified as Agricultural Burning (92% confidence). low persistence / first-seen (persistence score 7/100). Intensity score 39/100. Overall risk: 10/100.,0.92,0.0,0.0,0.0,0.08,0.0,0.0,0.56,0.43,N21,VIIRS,n,2.0NRT,D,50.0,40.0,,,,0,n/a
11.12129,78.68881,TamilNadu,1112_7869,2026-08-29,809.0,Industrial,1.0,Industrial,51.7,High,0.753,7.72,340.11,305.97,340.11,305.97,17.345,0.086,11.065,32.406,107.541,35.496,Built-up,50.0,373.1180114746094,0.4976250423777936,2.5740133225317655e-09,0.5051728923505955,0.3512568894346523,1.0,14.0,dist_power_plant_km,8.2327,Classified as Industrial (100% confidence). moderately persistent (persistence score 35/100). Intensity score 47/100. Overall risk: 52/100.,0.0,0.0,1.0,0.0,0.0,0.0,0.0,0.41,0.37,N21,VIIRS,n,2.0NRT,D,50.0,50.0,,,,0,medium
11.15095,78.03052,TamilNadu,1115_7803,2026-09-01,714.0,Other/Unknown,0.9999,Other/Unknown,28.6,Medium,0.413,14.18,334.43,293.33,334.43,293.33,3.53,8.054,10.933,93.264,54.547,3.53,Tree cover,10.0,1561.4364013671875,0.303478291430754,8.689546878792415e-10,0.6257436987079079,0.8460554159305499,1.0,6.0,dist_industrial_zone_km,1.5842,Classified as Other/Unknown (100% confidence). moderately persistent (persistence score 39/100). Intensity score 59/100. Overall risk: 29/100.,0.0,0.0,1e-04,0.0,0.9999,0.0,0.0,0.7,0.75,N21,VIIRS,n,2.0NRT,D,50.0,10.0,,,,0,n/a
11.14715,78.03418,TamilNadu,1115_7803,2026-09-01,714.0,Other/Unknown,1.0,Other/Unknown,31.3,Medium,0.368,8.84,342.27,292.94,342.27,292.94,3.309,8.408,10.897,92.746,54.808,3.403,Tree cover,10.0,1561.4364013671875,0.337857147626047,1.0,0.5359876620598939,0.35060724484893113,1.0,6.0,dist_industrial_zone_km,1.6182,Classified as Other/Unknown (100% confidence). moderately persistent (persistence score 55/100). Intensity score 50/100. Overall risk: 31/100.,0.0,0.0,0.0,0.0,1.0,0.0,0.0,0.7,0.75,N21,VIIRS,n,2.0NRT,D,50.0,10.0,,,,0,n/a
11.16639,78.01994,TamilNadu,1117_7802,2026-08-28,828.0,Other/Unknown,1.0,Other/Unknown,22.7,Low,0.338,3.13,337.01,299.49,337.01,299.49,5.036,6.743,11.625,94.937,53.98,4.827,Cropland,40.0,522.0392456054688,0.4341792774341453,4.876843294224836e-10,0.4766004387281731,0.34049444620681785,1.0,10.0,dist_industrial_zone_km,1.0505,Classified as Other/Unknown (100% confidence). moderately persistent (persistence score 32/100). Intensity score 31/100. Overall risk: 23/100.,0.0,0.0,0.0,0.0,1.0,0.0,0.0,0.44,0.46,N21,VIIRS,n,2.0NRT,D,50.0,40.0,,,,0,n/a
11.17819,77.71023,TamilNadu,1118_7771,2026-09-02,837.0,Agricultural Burning,0.7921,Other/Unknown,9.0,Low,0.329,4.45,331.93,298.86,331.93,298.86,5.37,17.312,12.503,89.467,25.624,28.664,Cropland,40.0,777.2516479492188,0.13070098600339122,1.5710530533030778e-13,,,0.5,2.0,recurrence_score,1.5389,Classified as Agricultural Burning (79% confidence). low persistence / first-seen (persistence score 7/100). Intensity score 37/100. Overall risk: 9/100.,0.7921,0.0,0.0,0.0,0.2079,0.0,0.0,0.53,0.5,N21,VIIRS,n,2.0NRT,D,50.0,40.0,,,,0,n/a
11.18236,79.10169,TamilNadu,1118_7910,2026-08-30,2025.0,Industrial,1.0,Industrial,46.5,Medium,0.75,1.27,308.16,286.73,308.16,286.73,0.978,32.511,4.974,40.867,72.425,33.523,Cropland,40.0,2757.265625,0.7413915852262982,8.11259423209053e-07,0.49901250128395375,0.2579768280889252,1.0,51.0,dist_industrial_zone_km,4.2218,Classified as Industrial (100% confidence). moderately persistent (persistence score 42/100). Intensity score 18/100. Overall risk: 46/100.,0.0,0.0,1.0,0.0,0.0,0.0,0.0,0.44,0.38,N21,VIIRS,n,2.0NRT,N,50.0,40.0,,,,0,medium
11.23065,78.08495,TamilNadu,1123_7808,2026-09-01,714.0,Other/Unknown,1.0,Other/Unknown,16.0,Low,0.35,5.38,331.82,295.11,331.82,295.11,4.763,4.528,9.887,91.253,63.172,14.189,,,,0.0,0.0,,,0.5,1.0,landcover_code,1.3105,Classified as Other/Unknown (100% confidence). low persistence / first-seen (persistence score 0/100). Intensity score 40/100. Overall risk: 16/100.,0.0,0.0,0.0,0.0,1.0,0.0,0.0,0.69,0.74,N21,VIIRS,n,2.0NRT,D,50.0,,,,,0,n/a
11.23093,78.85033,TamilNadu,1123_7885,2026-08-28,828.0,Other/Unknown,0.9997,Other/Unknown,14.9,Low,0.35,1.73,335.32,296.68,335.32,296.68,4.083,21.34,3.81,38.962,97.583,48.183,Built-up,50.0,1028.1829833984375,0.13070098600339122,2.4772819761717004e-08,,,0.5,2.0,dist_industrial_zone_km,0.8743,Classified as Other/Unknown (100% confidence). low persistence / first-seen (persistence score 7/100). Intensity score 22/100. Overall risk: 15/100.,0.0003,0.0,0.0,0.0,0.9997,0.0,0.0,0.49,0.49,N21,VIIRS,n,2.0NRT,D,50.0,50.0,,,,0,n/a
11.38602,78.86941,TamilNadu,1139_7887,2026-08-29,809.0,Agricultural Burning,0.8708,Other/Unknown,9.3,Low,0.337,3.92,337.84,306.96,337.84,306.96,11.331,22.914,10.196,56.044,106.401,62.021,Cropland,40.0,328.8666381835937,0.13070098600339122,6.466302250013921e-24,,,0.5,2.0,recurrence_score,1.5444,Classified as Agricultural Burning (87% confidence). low persistence / first-seen (persistence score 7/100). Intensity score 35/100. Overall risk: 9/100.,0.8708,0.0,0.0,0.0,0.1292,0.0,0.0,0.41,0.37,N21,VIIRS,n,2.0NRT,D,50.0,40.0,,,,0,n/a
11.39743,78.70004,TamilNadu,1140_7870,2026-08-31,731.0,Agricultural Burning,0.5471,Other/Unknown,10.2,Low,0.305,14.75,354.25,286.76,354.25,286.76,20.69,30.677,17.617,60.25,94.674,66.038,Cropland,40.0,258.5845947265625,0.20715616162265582,8.689546878792415e-10,,,0.5,3.0,recurrence_score,1.2481,Classified as Agricultural Burning (55% confidence). low persistence / first-seen (persistence score 10/100). Intensity score 60/100. Overall risk: 10/100.,0.5471,0.0,0.0,0.0,0.4529,0.0,0.0,0.59,0.53,N21,VIIRS,n,2.0NRT,D,50.0,40.0,,,,0,n/a
11.42341,77.40266,TamilNadu,1142_7740,2026-09-01,1947.0,Other/Unknown,0.9999,Other/Unknown,15.1,Low,0.35,1.92,324.28,290.37,324.28,290.37,9.777,16.848,30.693,60.183,49.055,59.622,Tree cover,10.0,410.11419677734375,0.13070098600339122,2.5537446599794306e-10,,,0.5,2.0,dist_industrial_zone_km,1.5174,Classified as Other/Unknown (100% confidence). low persistence / first-seen (persistence score 7/100). Intensity score 23/100. Overall risk: 15/100.,0.0,0.0,0.0,0.0,0.9999,0.0,0.0,0.34,0.56,N21,VIIRS,n,2.0NRT,N,50.0,10.0,,,,0,n/a
11.43303,77.16435,TamilNadu,1143_7716,2026-09-01,1947.0,Other/Unknown,0.9998,Other/Unknown,15.1,Low,0.35,1.15,309.49,290.7,309.49,290.7,12.893,6.2,26.955,38.056,63.496,33.68,Grassland,30.0,461.7827453613281,0.20715616162265582,1.993893136481572e-15,,,0.5,3.0,dist_power_plant_km,0.4828,Classified as Other/Unknown (100% confidence). low persistence / first-seen (persistence score 10/100). Intensity score 17/100. Overall risk: 15/100.,1e-04,0.0,1e-04,0.0,0.9998,0.0,1e-04,0.35,0.57,N21,VIIRS,n,2.0NRT,N,50.0,30.0,,,,0,n/a
11.42617,77.40337,TamilNadu,1143_7740,2026-09-01,1947.0,Agricultural Burning,0.8173,Other/Unknown,8.1,Low,0.332,2.14,319.32,290.58,319.32,290.58,9.734,17.155,30.897,60.37,49.319,59.702,Cropland,40.0,395.4164733886719,0.13070098600339122,1.1095441969678547e-19,,,0.5,2.0,recurrence_score,1.5406,Classified as Agricultural Burning (82% confidence). low persistence / first-seen (persistence score 7/100). Intensity score 25/100. Overall risk: 8/100.,0.8173,0.0,0.0,0.0,0.1827,0.0,0.0,0.34,0.56,N21,VIIRS,n,2.0NRT,N,50.0,40.0,,,,0,n/a
11.45934,79.18013,TamilNadu,1146_7918,2026-08-29,809.0,Other/Unknown,1.0,Other/Unknown,13.4,Low,0.35,1.85,331.81,304.5,331.81,304.5,8.487,7.11,4.979,71.766,91.053,32.307,,,,0.0,0.0,,,0.5,1.0,landcover_code,1.3405,Classified as Other/Unknown (100% confidence). low persistence / first-seen (persistence score 0/100). Intensity score 23/100. Overall risk: 13/100.,0.0,0.0,0.0,0.0,1.0,0.0,0.0,0.42,0.38,N21,VIIRS,l,2.0NRT,D,20.0,,,,,0,n/a
11.48213,79.03663,TamilNadu,1148_7904,2026-08-28,830.0,Wildfire,0.9994,Wildfire,25.4,Medium,0.323,2.53,337.21,293.55,337.21,293.55,15.608,10.933,13.077,68.709,101.841,46.446,Tree cover,10.0,378.29339599609375,0.337857147626047,2.090748489479304e-09,0.44583834723635146,0.3644260386075967,1.0,6.0,landcover_code,3.3875,Classified as Wildfire (100% confidence). low persistence / first-seen (persistence score 28/100). Intensity score 27/100. Overall risk: 25/100.,0.0,0.0,0.0,0.0,0.0006,0.0,0.9994,0.51,0.5,N21,VIIRS,n,2.0NRT,D,50.0,10.0,,,,0,n/a
11.48553,79.03905,TamilNadu,1149_7904,2026-08-28,830.0,Wildfire,0.9993,Wildfire,25.9,Medium,0.328,1.84,333.95,293.93,333.95,293.93,16.063,10.787,13.011,69.14,101.985,46.106,Tree cover,10.0,351.03228759765625,0.4341792774341453,2.2931851695197052e-09,0.45689890398957533,0.40495675978986373,1.0,10.0,landcover_code,3.3865,Classified as Wildfire (100% confidence). moderately persistent (persistence score 33/100). Intensity score 23/100. Overall risk: 26/100.,0.0,0.0,0.0,0.0,0.0007,0.0,0.9993,0.51,0.5,N21,VIIRS,n,2.0NRT,D,50.0,10.0,,,,0,n/a
11.58347,77.52039,TamilNadu,1158_7752,2026-08-29,2044.0,Other/Unknown,1.0,Other/Unknown,13.2,Low,0.35,1.7,316.58,287.12,316.58,287.12,12.199,22.942,30.799,79.609,64.145,39.464,,,,0.0,0.0,,,0.5,1.0,landcover_code,1.2238,Classified as Other/Unknown (100% confidence). low persistence / first-seen (persistence score 0/100). Intensity score 22/100. Overall risk: 13/100.,0.0,0.0,0.0,0.0,1.0,0.0,0.0,0.43,0.46,N21,VIIRS,n,2.0NRT,N,50.0,,,,,0,n/a
11.59137,77.27103,TamilNadu,1159_7727,2026-09-01,1947.0,Wildfire,0.9996,Wildfire,27.7,Medium,0.348,3.82,348.16,283.6,348.16,283.6,11.693,15.328,47.926,58.476,71.817,49.133,Grassland,30.0,60.6069221496582,0.4521511235672025,4.146033864154649e-13,0.4967750447219433,0.25,1.0,12.0,landcover_code,3.1297,Classified as Wildfire (100% confidence). moderately persistent (persistence score 32/100). Intensity score 34/100. Overall risk: 28/100.,0.0,0.0,0.0,0.0,0.0004,0.0,0.9996,0.35,0.57,N21,VIIRS,n,2.0NRT,N,50.0,30.0,,,,0,n/a
11.59178,77.26778,TamilNadu,1159_7727,2026-09-01,1947.0,Wildfire,0.9994,Wildfire,35.7,Medium,0.348,3.82,306.06,281.89,306.06,281.89,11.739,15.218,47.744,58.258,72.01,48.825,Grassland,30.0,60.6069221496582,0.46855813362943827,1.0,0.49706821541853685,0.32125395896958436,1.0,12.0,landcover_code,3.1385,Classified as Wildfire (100% confidence). moderately persistent (persistence score 59/100). Intensity score 34/100. Overall risk: 36/100.,0.0,0.0,0.0,0.0,0.0006,0.0,0.9994,0.35,0.57,N21,VIIRS,n,2.0NRT,N,50.0,30.0,,,,0,n/a
11.63834,77.61632,TamilNadu,1164_7762,2026-08-29,809.0,Other/Unknown,1.0,Other/Unknown,14.8,Low,0.35,3.44,332.91,301.31,332.91,301.31,4.245,25.143,22.836,91.708,69.369,27.376,,,,0.0,0.0,,,0.5,1.0,landcover_code,1.3967,Classified as Other/Unknown (100% confidence). low persistence / first-seen (persistence score 0/100). Intensity score 32/100. Overall risk: 15/100.,0.0,0.0,0.0,0.0,1.0,0.0,0.0,0.39,0.36,N21,VIIRS,n,2.0NRT,D,50.0,,,,,0,n/a
11.72303,78.5864,TamilNadu,1172_7859,2026-09-02,837.0,Other/Unknown,1.0,Other/Unknown,16.2,Low,0.35,5.77,332.6,293.09,332.6,293.09,14.663,46.288,20.123,98.475,61.457,73.3,,,,0.0,0.0,,,0.5,1.0,landcover_code,1.3232,Classified as Other/Unknown (100% confidence). low persistence / first-seen (persistence score 0/100). Intensity score 41/100. Overall risk: 16/100.,0.0,0.0,0.0,0.0,1.0,0.0,0.0,0.62,0.54,N21,VIIRS,n,2.0NRT,D,50.0,,,,,0,n/a
11.74077,78.97653,TamilNadu,1174_7898,2026-08-26,726.0,Other/Unknown,0.9998,Other/Unknown,16.9,Low,0.35,3.99,347.16,294.02,347.16,294.02,3.005,19.854,7.146,95.977,99.026,36.403,Tree cover,10.0,1974.0728759765625,0.13070098600339122,1.6838129707668566e-13,,,0.5,2.0,dist_industrial_zone_km,0.7016,Classified as Other/Unknown (100% confidence). low persistence / first-seen (persistence score 7/100). Intensity score 35/100. Overall risk: 17/100.,0.0,0.0,1e-04,0.0,0.9998,0.0,0.0,0.36,0.57,N21,VIIRS,n,2.0NRT,D,50.0,10.0,,,,0,n/a
11.7447,79.05466,TamilNadu,1174_7905,2026-08-26,726.0,Other/Unknown,0.9999,Other/Unknown,15.6,Low,0.35,1.51,333.07,295.21,333.07,295.21,11.517,21.922,8.331,97.657,106.981,30.767,Shrubland,20.0,753.7103271484375,0.20715616162265582,1.0214978639917687e-09,,,0.5,3.0,dist_quarry_km,1.1799,Classified as Other/Unknown (100% confidence). low persistence / first-seen (persistence score 10/100). Intensity score 20/100. Overall risk: 16/100.,0.0,0.0,0.0,0.0,0.9999,0.0,0.0,0.35,0.57,N21,VIIRS,n,2.0NRT,D,50.0,20.0,,,,0,n/a
11.81002,77.2115,Karnataka,1181_7721,2026-08-30,752.0,Other/Unknown,1.0,Other/Unknown,18.2,Low,0.35,11.53,340.99,298.3,340.99,298.3,31.662,26.023,60.769,74.31,86.479,58.212,,,,0.0,0.0,,,0.5,1.0,landcover_code,1.4203,Classified as Other/Unknown (100% confidence). low persistence / first-seen (persistence score 0/100). Intensity score 55/100. Overall risk: 18/100.,0.0,0.0,0.0,0.0,1.0,0.0,0.0,0.54,0.42,N21,VIIRS,n,2.0NRT,D,50.0,,,,,0,n/a
11.80773,77.92281,TamilNadu,1181_7792,2026-08-26,2000.0,Industrial,1.0,Industrial,47.9,Medium,0.749,1.42,307.55,279.96,307.55,279.96,0.903,10.404,16.178,130.023,32.117,9.237,Tree cover,10.0,5199.5126953125,0.7413915852262982,8.898096003883441e-07,0.49893250162196545,0.3983630494776587,1.0,51.0,dist_industrial_zone_km,4.0959,Classified as Industrial (100% confidence). moderately persistent (persistence score 44/100). Intensity score 19/100. Overall risk: 48/100.,0.0,0.0,1.0,0.0,0.0,0.0,0.0,0.39,0.44,N21,VIIRS,n,2.0NRT,N,50.0,10.0,,,,0,medium
11.81676,77.91685,TamilNadu,1182_7792,2026-08-26,2000.0,Industrial,1.0,Industrial,45.5,Medium,0.745,0.64,300.49,280.09,300.49,280.09,0.293,9.755,15.831,129.97,31.796,8.916,Tree cover,10.0,3181.231201171875,0.7413915852262982,8.302217133485085e-07,0.4899063714718523,0.4271938731833485,1.0,53.0,dist_industrial_zone_km,4.3931,Classified as Industrial (100% confidence). moderately persistent (persistence score 45/100). Intensity score 11/100. Overall risk: 46/100.,0.0,0.0,1.0,0.0,0.0,0.0,0.0,0.39,0.44,N21,VIIRS,n,2.0NRT,N,50.0,10.0,,,,0,medium
11.81654,77.91914,TamilNadu,1182_7792,2026-08-30,2025.0,Industrial,1.0,Industrial,58.3,High,0.752,1.71,308.82,289.99,308.82,289.99,0.25,10.002,16.06,130.172,31.646,9.141,Tree cover,10.0,3181.231201171875,0.7450530918139344,0.9117224885582168,0.5034778850849739,0.14788939214171196,1.0,53.0,dist_industrial_zone_km,4.2152,Classified as Industrial (100% confidence). moderately persistent (persistence score 64/100). Intensity score 22/100. Overall risk: 58/100.,0.0,0.0,1.0,0.0,0.0,0.0,0.0,0.4,0.37,N21,VIIRS,n,2.0NRT,N,50.0,10.0,,,,0,medium
11.81635,77.91774,TamilNadu,1182_7792,2026-08-31,2008.0,Industrial,1.0,Industrial,59.8,High,0.753,1.96,305.18,293.35,305.18,293.35,0.213,9.849,15.909,130.03,31.764,8.99,Tree cover,10.0,3181.231201171875,0.7486448511604031,0.9771599684342459,0.5065356854234697,0.1473259371333558,1.0,53.0,dist_industrial_zone_km,4.1307,Classified as Industrial (100% confidence). moderately persistent (persistence score 66/100). Intensity score 24/100. Overall risk: 60/100.,0.0,0.0,1.0,0.0,0.0,0.0,0.0,0.48,0.4,N21,VIIRS,n,2.0NRT,N,50.0,10.0,,,,0,medium
11.84292,78.90423,TamilNadu,1184_7890,2026-09-01,714.0,Other/Unknown,1.0,Other/Unknown,26.1,Medium,0.401,12.68,338.89,296.6,338.89,296.6,12.698,32.24,20.944,106.841,88.293,36.255,Cropland,40.0,471.30950927734375,0.26140197200678245,1.2378836413712361e-11,0.6021264743122898,0.4142135623730951,1.0,4.0,dist_industrial_zone_km,0.782,Classified as Other/Unknown (100% confidence). moderately persistent (persistence score 30/100). Intensity score 57/100. Overall risk: 26/100.,0.0,0.0,0.0,0.0,1.0,0.0,0.0,0.59,0.7,N21,VIIRS,n,2.0NRT,D,50.0,40.0,,,,0,n/a
12.03421,79.08394,TamilNadu,1203_7908,2026-08-29,809.0,Agricultural Burning,0.7407,Other/Unknown,9.5,Low,0.324,5.09,335.8,305.53,335.8,305.53,13.512,37.59,26.431,115.618,105.4,14.89,Cropland,40.0,488.7178039550781,0.20715616162265582,1.489205012326095e-11,,,0.5,4.0,recurrence_score,1.2719,Classified as Agricultural Burning (74% confidence). low persistence / first-seen (persistence score 10/100). Intensity score 39/100. Overall risk: 10/100.,0.7407,0.0,0.0,0.0,0.2592,0.0,0.0,0.42,0.38,N21,VIIRS,n,2.0NRT,D,50.0,40.0,,,,0,n/a
12.03365,79.08008,TamilNadu,1203_7908,2026-08-29,809.0,Other/Unknown,1.0,Other/Unknown,29.9,Medium,0.366,6.0,335.61,304.57,335.61,304.57,13.85,37.485,26.648,115.981,104.98,15.246,Cropland,40.0,488.7178039550781,0.26140197200678245,1.0,0.5319148841117686,0.46596531827030885,1.0,4.0,dist_industrial_zone_km,0.748,Classified as Other/Unknown (100% confidence). moderately persistent (persistence score 54/100). Intensity score 42/100. Overall risk: 30/100.,0.0,0.0,0.0,0.0,1.0,0.0,0.0,0.42,0.38,N21,VIIRS,n,2.0NRT,D,50.0,40.0,,,,0,n/a
12.0616,77.02872,Karnataka,1206_7703,2026-09-02,837.0,Agricultural Burning,0.7309,Other/Unknown,10.0,Low,0.323,9.89,343.15,296.93,343.15,296.93,16.015,7.434,49.274,94.768,53.345,46.726,Cropland,40.0,358.2007751464844,0.13070098600339122,5.60202186965438e-10,,,0.5,2.0,recurrence_score,1.536,Classified as Agricultural Burning (73% confidence). low persistence / first-seen (persistence score 7/100). Intensity score 52/100. Overall risk: 10/100.,0.7309,0.0,0.0,0.0,0.2691,0.0,0.0,0.49,0.49,N21,VIIRS,n,2.0NRT,D,50.0,40.0,,,,0,n/a
12.1201,79.1136,TamilNadu,1212_7911,2026-09-02,837.0,Wildfire,0.9985,Wildfire,19.7,Low,0.35,3.43,331.81,296.61,331.81,296.61,13.648,30.811,16.377,107.163,109.097,13.702,Shrubland,20.0,839.6851806640625,0.13070098600339122,7.170587993157624e-08,,,0.5,2.0,landcover_code,3.3279,Classified as Wildfire (100% confidence). low persistence / first-seen (persistence score 7/100). Intensity score 32/100. Overall risk: 20/100.,0.0,0.0,0.0,0.0,0.0015,0.0,0.9985,0.34,0.56,N21,VIIRS,n,2.0NRT,D,50.0,20.0,,,,0,n/a
12.15724,79.71613,TamilNadu,1216_7972,2026-08-29,809.0,Other/Unknown,0.9997,Other/Unknown,17.9,Low,0.35,5.78,336.86,304.83,336.86,304.83,10.342,29.048,5.809,63.453,109.681,22.935,Bare / sparse vegetation,60.0,300.5629272460937,0.13070098600339122,1.246183210300982e-16,,,0.5,2.0,landcover_code,0.9367,Classified as Other/Unknown (100% confidence). low persistence / first-seen (persistence score 7/100). Intensity score 41/100. Overall risk: 18/100.,0.0003,0.0,0.0,0.0,0.9997,0.0,0.0,0.45,0.39,N21,VIIRS,n,2.0NRT,D,50.0,60.0,,,,0,n/a
12.17032,78.99065,TamilNadu,1217_7899,2026-08-31,2008.0,Other/Unknown,0.9999,Other/Unknown,13.1,Low,0.35,1.61,297.43,286.67,297.43,286.67,11.044,19.978,22.087,115.172,95.016,10.582,,,,0.0,0.0,,,0.5,1.0,landcover_code,1.214,Classified as Other/Unknown (100% confidence). low persistence / first-seen (persistence score 0/100). Intensity score 21/100. Overall risk: 13/100.,0.0,0.0,1e-04,0.0,0.9999,0.0,0.0,0.43,0.38,N21,VIIRS,n,2.0NRT,N,50.0,,,,,0,n/a
12.1731,79.82799,TamilNadu,1217_7983,2026-08-31,731.0,Other/Unknown,1.0,Other/Unknown,17.4,Low,0.35,8.65,339.93,294.09,339.93,294.09,11.535,28.956,7.586,58.912,102.98,22.404,,,,0.0,0.0,,,0.5,1.0,landcover_code,0.8798,Classified as Other/Unknown (100% confidence). low persistence / first-seen (persistence score 0/100). Intensity score 49/100. Overall risk: 17/100.,0.0,0.0,0.0,0.0,1.0,0.0,0.0,0.48,0.48,N21,VIIRS,n,2.0NRT,D,50.0,,,,,0,n/a
12.17855,79.73819,TamilNadu,1218_7974,2026-08-29,809.0,Other/Unknown,0.9999,Other/Unknown,18.2,Low,0.35,11.61,345.4,305.64,345.4,305.64,10.722,30.562,2.543,60.459,106.477,24.206,,,,0.0,0.0,,,0.5,2.0,landcover_code,0.9222,Classified as Other/Unknown (100% confidence). low persistence / first-seen (persistence score 0/100). Intensity score 55/100. Overall risk: 18/100.,0.0,0.0,0.0,0.0,0.9999,0.0,0.0,0.45,0.39,N21,VIIRS,n,2.0NRT,D,50.0,,,,,0,n/a
12.17833,79.73863,TamilNadu,1218_7974,2026-08-29,809.0,Other/Unknown,0.9999,Other/Unknown,32.5,Medium,0.35,12.19,346.04,305.27,346.04,305.27,10.776,30.526,2.509,60.468,106.477,24.168,,,,0.13070098600339122,1.0,,,0.5,2.0,landcover_code,0.865,Classified as Other/Unknown (100% confidence). moderately persistent (persistence score 57/100). Intensity score 56/100. Overall risk: 32/100.,0.0,0.0,0.0,0.0,0.9999,0.0,0.0,0.45,0.39,N21,VIIRS,n,2.0NRT,D,50.0,,,,,0,n/a
12.2171,79.00295,TamilNadu,1222_7900,2026-08-25,2019.0,Other/Unknown,1.0,Other/Unknown,12.1,Low,0.35,0.9,299.01,272.29,299.01,272.29,7.243,15.43,19.118,111.431,95.013,6.84,,,,0.0,0.0,,,0.5,1.0,landcover_code,1.4436,Classified as Other/Unknown (100% confidence). low persistence / first-seen (persistence score 0/100). Intensity score 14/100. Overall risk: 12/100.,0.0,0.0,0.0,0.0,1.0,0.0,0.0,0.39,0.36,N21,VIIRS,n,2.0NRT,N,50.0,,,,,0,n/a
12.27269,77.37935,Karnataka,1227_7738,2026-09-09,2038.0,Other/Unknown,1.0,Other/Unknown,14.8,Low,0.35,3.41,322.92,290.57,322.92,290.57,7.229,11.878,21.483,128.55,59.531,57.668,,,,0.0,0.0,,,0.5,1.0,landcover_code,1.4101,Classified as Other/Unknown (100% confidence). low persistence / first-seen (persistence score 0/100). Intensity score 32/100. Overall risk: 15/100.,0.0,0.0,0.0,0.0,1.0,0.0,0.0,0.5,0.41,N21,VIIRS,n,2.0NRT,N,50.0,,,,,0,n/a
12.29299,79.93951,TamilNadu,1229_7994,2026-09-01,1947.0,Other/Unknown,0.9998,Other/Unknown,18.8,Low,0.35,5.71,323.45,289.13,323.45,289.13,14.2,35.052,21.365,45.177,86.305,38.336,Permanent water bodies,80.0,334.3426208496094,0.20715616162265582,3.866021117887037e-16,,,0.5,4.0,landcover_code,1.1322,Classified as Other/Unknown (100% confidence). low persistence / first-seen (persistence score 10/100). Intensity score 41/100. Overall risk: 19/100.,0.0002,0.0,0.0,0.0,0.9998,0.0,0.0,0.47,0.48,N21,VIIRS,n,2.0NRT,N,50.0,80.0,,,,0,n/a
12.29194,79.93996,TamilNadu,1229_7994,2026-09-01,1947.0,Other/Unknown,1.0,Other/Unknown,29.9,Medium,0.334,5.06,319.76,289.14,319.76,289.14,14.08,35.177,21.362,45.298,86.401,38.246,Permanent water bodies,80.0,334.3426208496094,0.26140197200678245,1.0,0.4677116616761178,0.678489134591822,1.0,4.0,landcover_code,1.0647,Classified as Other/Unknown (100% confidence). moderately persistent (persistence score 56/100). Intensity score 39/100. Overall risk: 30/100.,0.0,0.0,0.0,0.0,1.0,0.0,0.0,0.47,0.48,N21,VIIRS,n,2.0NRT,N,50.0,80.0,,,,0,n/a
12.41271,77.18036,Karnataka,1241_7718,2026-08-28,830.0,Wildfire,0.9989,Wildfire,23.1,Low,0.35,6.76,340.01,289.55,340.01,289.55,16.94,21.498,19.006,136.302,33.334,31.421,Grassland,30.0,366.1796569824219,0.20715616162265582,3.4150228486405985e-20,,,0.5,3.0,landcover_code,3.3276,Classified as Wildfire (100% confidence). low persistence / first-seen (persistence score 10/100). Intensity score 44/100. Overall risk: 23/100.,0.0,0.0,0.0,0.0,0.0011,0.0,0.9989,0.4,0.44,N21,VIIRS,n,2.0NRT,D,50.0,30.0,,,,0,n/a
12.42042,78.76832,TamilNadu,1242_7877,2026-09-02,837.0,Other/Unknown,1.0,Other/Unknown,15.1,Low,0.35,3.86,336.12,288.62,336.12,288.62,15.302,21.251,21.054,127.005,67.184,23.724,,,,0.0,0.0,,,0.5,1.0,landcover_code,1.3815,Classified as Other/Unknown (100% confidence). low persistence / first-seen (persistence score 0/100). Intensity score 34/100. Overall risk: 15/100.,0.0,0.0,0.0,0.0,1.0,0.0,0.0,0.33,0.55,N21,VIIRS,n,2.0NRT,D,50.0,,,,,0,n/a
12.46093,79.10439,TamilNadu,1246_7910,2026-08-29,809.0,Wildfire,0.9997,Wildfire,18.4,Low,0.35,2.1,332.34,303.76,332.34,303.76,22.914,21.3,24.159,90.632,103.834,25.699,Tree cover,10.0,447.8944091796875,0.13070098600339122,1.4783824346663457e-09,,,0.5,2.0,landcover_code,3.4103,Classified as Wildfire (100% confidence). low persistence / first-seen (persistence score 7/100). Intensity score 25/100. Overall risk: 18/100.,0.0,0.0,0.0,0.0,0.0003,0.0,0.9997,0.43,0.38,N21,VIIRS,l,2.0NRT,D,20.0,10.0,,,,0,n/a
12.58453,79.64104,TamilNadu,1258_7964,2026-08-31,731.0,Wildfire,0.9997,Wildfire,25.1,Medium,0.34,1.87,332.82,297.71,332.82,297.71,15.479,23.708,22.682,31.134,77.05,43.753,Tree cover,10.0,322.0370483398437,0.303478291430754,6.896897928261052e-10,0.4805410830816365,0.4895859624162528,1.0,5.0,landcover_code,3.4132,Classified as Wildfire (100% confidence). low persistence / first-seen (persistence score 30/100). Intensity score 23/100. Overall risk: 25/100.,0.0,0.0,0.0,0.0,0.0003,0.0,0.9997,0.49,0.48,N21,VIIRS,n,2.0NRT,D,50.0,10.0,,,,0,n/a
12.62554,77.69179,TamilNadu,1263_7769,2026-08-29,809.0,Industrial,1.0,Industrial,42.6,Medium,0.735,2.07,330.23,301.16,330.23,301.16,0.912,6.825,13.154,178.919,55.424,24.385,Grassland,30.0,200.8337554931641,0.26140197200678245,1.2576113884972347e-09,0.4700359482354282,0.6527317634417924,1.0,4.0,dist_industrial_zone_km,4.1911,Classified as Industrial (100% confidence). moderately persistent (persistence score 31/100). Intensity score 24/100. Overall risk: 43/100.,0.0,0.0,1.0,0.0,0.0,0.0,0.0,0.39,0.36,N21,VIIRS,l,2.0NRT,D,20.0,30.0,,,,0,medium
12.65077,79.52586,TamilNadu,1265_7953,2026-08-28,830.0,Other/Unknown,1.0,Other/Unknown,19.6,Low,0.35,18.17,340.98,297.05,340.98,297.05,16.121,16.897,27.398,41.299,82.968,41.055,,,,0.0,0.0,,,0.5,1.0,landcover_code,1.39,Classified as Other/Unknown (100% confidence). low persistence / first-seen (persistence score 0/100). Intensity score 64/100. Overall risk: 20/100.,0.0,0.0,0.0,0.0,1.0,0.0,0.0,0.58,0.52,N21,VIIRS,n,2.0NRT,D,50.0,,,,,0,n/a
12.70483,79.3057,TamilNadu,1270_7931,2026-09-01,714.0,Other/Unknown,1.0,Other/Unknown,15.3,Low,0.35,4.05,335.48,295.2,335.48,295.2,4.299,11.192,8.982,64.849,101.904,27.701,,,,0.0,0.0,,,0.5,1.0,landcover_code,1.315,Classified as Other/Unknown (100% confidence). low persistence / first-seen (persistence score 0/100). Intensity score 35/100. Overall risk: 15/100.,0.0,0.0,0.0,0.0,1.0,0.0,0.0,0.53,0.67,N21,VIIRS,n,2.0NRT,D,50.0,,,,,0,n/a
12.70339,79.7732,TamilNadu,1270_7977,2026-08-31,731.0,Other/Unknown,1.0,Other/Unknown,16.4,Low,0.35,6.14,340.67,298.26,340.67,298.26,5.179,14.946,8.781,14.146,57.573,24.284,,,,0.0,0.0,,,0.5,1.0,landcover_code,1.3114,Classified as Other/Unknown (100% confidence). low persistence / first-seen (persistence score 0/100). Intensity score 43/100. Overall risk: 16/100.,0.0,0.0,0.0,0.0,1.0,0.0,0.0,0.47,0.48,N21,VIIRS,n,2.0NRT,D,50.0,,,,,0,n/a
12.74623,77.62025,Karnataka,1275_7762,2026-09-01,1947.0,Mining/Extraction,1.0,Mining/Extraction,23.9,Low,0.75,0.65,303.7,286.49,303.7,286.49,1.261,3.461,1.758,187.319,68.849,9.355,Cropland,40.0,700.55615234375,0.13070098600339122,1.8626451492309624e-09,,,0.5,2.0,dist_quarry_km,4.1218,Classified as Mining/Extraction (100% confidence). low persistence / first-seen (persistence score 7/100). Intensity score 11/100. Overall risk: 24/100.,0.0,0.0,0.0,1.0,0.0,0.0,0.0,0.34,0.56,N21,VIIRS,n,2.0NRT,N,50.0,40.0,,,,0,medium
12.7745,80.06129,TamilNadu,1277_8006,2026-09-01,1947.0,Other/Unknown,1.0,Other/Unknown,13.9,Low,0.35,2.27,307.55,288.41,307.55,288.41,3.653,13.964,7.197,14.139,31.529,16.575,,,,0.0,0.0,,,0.5,1.0,landcover_code,1.337,Classified as Other/Unknown (100% confidence). low persistence / first-seen (persistence score 0/100). Intensity score 26/100. Overall risk: 14/100.,0.0,0.0,0.0,0.0,1.0,0.0,0.0,0.47,0.48,N21,VIIRS,n,2.0NRT,N,50.0,,,,,0,n/a
12.78404,79.31249,TamilNadu,1278_7931,2026-08-29,809.0,Other/Unknown,0.9999,Other/Unknown,17.3,Low,0.35,8.47,338.53,300.19,338.53,300.19,12.618,2.383,10.225,64.812,98.385,18.892,,,,0.0,0.0,,,0.5,1.0,landcover_code,1.0671,Classified as Other/Unknown (100% confidence). low persistence / first-seen (persistence score 0/100). Intensity score 49/100. Overall risk: 17/100.,0.0,0.0,0.0,0.0,0.9999,0.0,0.0,0.44,0.38,N21,VIIRS,n,2.0NRT,D,50.0,,,,,0,n/a
12.81064,76.9621,Karnataka,1281_7696,2026-08-31,733.0,Other/Unknown,1.0,Other/Unknown,16.1,Low,0.35,5.58,329.86,275.93,329.86,275.93,12.241,13.747,28.564,158.947,32.733,32.746,,,,0.0,0.0,,,0.5,1.0,landcover_code,1.2048,Classified as Other/Unknown (100% confidence). low persistence / first-seen (persistence score 0/100). Intensity score 41/100. Overall risk: 16/100.,0.0,0.0,0.0,0.0,1.0,0.0,0.0,0.36,0.58,N21,VIIRS,n,2.0NRT,D,50.0,,,,,0,n/a
12.80597,77.4342,Karnataka,1281_7743,2026-08-31,2006.0,Industrial,1.0,Industrial,47.9,Medium,0.757,1.99,303.35,281.03,303.35,281.03,1.344,10.052,7.554,185.974,66.379,14.024,Tree cover,10.0,385.3150024414063,0.7135530955739849,6.743495761743051e-07,0.5130726014865254,0.25493222745629796,1.0,44.0,dist_industrial_zone_km,4.1639,Classified as Industrial (100% confidence). moderately persistent (persistence score 42/100). Intensity score 24/100. Overall risk: 48/100.,0.0,0.0,1.0,0.0,0.0,0.0,0.0,0.52,0.42,N21,VIIRS,n,2.0NRT,N,50.0,10.0,,,,0,medium
12.82289,79.10335,TamilNadu,1282_7910,2026-09-01,714.0,Other/Unknown,1.0,Other/Unknown,23.5,Low,0.372,5.79,333.2,294.83,333.2,294.83,5.249,14.252,3.922,87.882,113.404,26.696,Tree cover,10.0,1672.307861328125,0.26140197200678245,1.5483012351073121e-09,0.543804079529269,0.4142135623730951,1.0,4.0,dist_industrial_zone_km,1.2742,Classified as Other/Unknown (100% confidence). low persistence / first-seen (persistence score 29/100). Intensity score 42/100. Overall risk: 24/100.,0.0,0.0,0.0,0.0,1.0,0.0,0.0,0.55,0.68,N21,VIIRS,n,2.0NRT,D,50.0,10.0,,,,0,n/a
12.81844,79.32784,TamilNadu,1282_7933,2026-08-29,809.0,Industrial,0.9998,Industrial,31.2,Medium,0.75,2.38,330.65,298.71,330.65,298.71,9.126,1.85,7.624,63.854,95.765,15.192,Cropland,40.0,358.48858642578125,0.13070098600339122,3.925231146709457e-17,,,0.5,2.0,dist_power_plant_km,7.813,Classified as Industrial (100% confidence). low persistence / first-seen (persistence score 7/100). Intensity score 26/100. Overall risk: 31/100.,0.0002,0.0,0.9998,0.0,0.0,0.0,0.0,0.44,0.38,N21,VIIRS,n,2.0NRT,D,50.0,40.0,,,,0,medium
12.8281,79.57608,TamilNadu,1283_7958,2026-08-29,809.0,Other/Unknown,0.9999,Other/Unknown,17.5,Low,0.35,9.18,338.2,302.42,338.2,302.42,10.686,15.097,17.72,38.35,69.658,32.082,,,,0.0,0.0,,,0.5,1.0,landcover_code,1.1904,Classified as Other/Unknown (100% confidence). low persistence / first-seen (persistence score 0/100). Intensity score 50/100. Overall risk: 18/100.,0.0,0.0,1e-04,0.0,0.9999,0.0,0.0,0.45,0.39,N21,VIIRS,n,2.0NRT,D,50.0,,,,,0,n/a
12.91749,79.11784,TamilNadu,1292_7912,2026-08-25,2019.0,Other/Unknown,0.9995,Other/Unknown,11.7,Low,0.35,0.7,304.36,281.42,304.36,281.42,2.118,4.217,5.816,88.621,116.216,21.186,,,,0.0,0.0,,,0.5,1.0,landcover_code,1.1362,Classified as Other/Unknown (100% confidence). low persistence / first-seen (persistence score 0/100). Intensity score 11/100. Overall risk: 12/100.,0.0,0.0,0.0005,0.0,0.9995,0.0,0.0,0.39,0.36,N21,VIIRS,n,2.0NRT,N,50.0,,,,,0,n/a
12.9195,79.45843,TamilNadu,1292_7946,2026-09-01,714.0,Other/Unknown,1.0,Other/Unknown,15.6,Low,0.35,4.66,337.1,290.6,337.1,290.6,4.553,13.629,6.547,54.191,79.598,16.564,,,,0.0,0.0,,,0.5,1.0,landcover_code,1.316,Classified as Other/Unknown (100% confidence). low persistence / first-seen (persistence score 0/100). Intensity score 38/100. Overall risk: 16/100.,0.0,0.0,0.0,0.0,1.0,0.0,0.0,0.52,0.67,N21,VIIRS,n,2.0NRT,D,50.0,,,,,0,n/a
12.98313,74.85271,Karnataka,1298_7485,2026-08-29,2044.0,Mining/Extraction,1.0,Mining/Extraction,40.2,Medium,0.739,0.62,296.84,278.07,296.84,278.07,0.804,4.846,1.84,179.125,8.903,9.07,Built-up,50.0,7788.92626953125,0.7413915852262982,2.3297309122902102e-07,0.4789898789792791,0.3413670715531975,1.0,51.0,dist_quarry_km,4.151,Classified as Mining/Extraction (100% confidence). moderately persistent (persistence score 43/100). Intensity score 10/100. Overall risk: 40/100.,0.0,0.0,0.0,1.0,0.0,0.0,0.0,0.44,0.38,N21,VIIRS,n,2.0NRT,N,50.0,50.0,,,,0,medium
13.04406,77.66707,Karnataka,1304_7767,2026-08-31,2006.0,Industrial,1.0,Industrial,26.0,Medium,0.75,0.53,304.66,288.69,304.66,288.69,0.462,5.725,3.7,219.661,88.237,6.757,Built-up,50.0,335.2209777832031,0.13070098600339122,2.090748489479304e-09,,,0.5,2.0,dist_industrial_zone_km,4.3278,Classified as Industrial (100% confidence). low persistence / first-seen (persistence score 7/100). Intensity score 9/100. Overall risk: 26/100.,0.0,0.0,1.0,0.0,0.0,0.0,0.0,0.51,0.41,N21,VIIRS,n,2.0NRT,N,50.0,50.0,,,,0,medium
13.29946,79.8628,TamilNadu,1330_7986,2026-08-31,733.0,Other/Unknown,1.0,Other/Unknown,14.3,Low,0.35,2.73,341.58,299.8,341.58,299.8,7.728,24.695,22.902,64.219,45.786,29.643,,,,0.0,0.0,,,0.5,1.0,landcover_code,1.398,Classified as Other/Unknown (100% confidence). low persistence / first-seen (persistence score 0/100). Intensity score 29/100. Overall risk: 14/100.,0.0,0.0,0.0,0.0,1.0,0.0,0.0,0.46,0.47,N21,VIIRS,n,2.0NRT,D,50.0,,,,,0,n/a
13.32397,76.02139,Karnataka,1332_7602,2026-08-28,830.0,Agricultural Burning,0.8127,Other/Unknown,9.9,Low,0.331,6.95,332.09,294.29,332.09,294.29,18.405,39.771,27.769,171.918,129.522,37.193,Cropland,40.0,143.7136993408203,0.13070098600339122,6.144437523432531e-10,,,0.5,2.0,recurrence_score,1.5378,Classified as Agricultural Burning (81% confidence). low persistence / first-seen (persistence score 7/100). Intensity score 45/100. Overall risk: 10/100.,0.8127,0.0,0.0,0.0,0.1873,0.0,0.0,0.53,0.42,N21,VIIRS,n,2.0NRT,D,50.0,40.0,,,,0,n/a
13.3195,79.92703,TamilNadu,1332_7993,2026-08-31,733.0,Other/Unknown,1.0,Other/Unknown,16.2,Low,0.35,5.81,339.93,295.66,339.93,295.66,8.139,17.772,21.543,65.984,42.411,22.449,,,,0.0,0.0,,,0.5,2.0,landcover_code,1.4002,Classified as Other/Unknown (100% confidence). low persistence / first-seen (persistence score 0/100). Intensity score 42/100. Overall risk: 16/100.,0.0,0.0,0.0,0.0,1.0,0.0,0.0,0.45,0.47,N21,VIIRS,n,2.0NRT,D,50.0,,,,,0,n/a
13.31914,79.92836,TamilNadu,1332_7993,2026-08-31,733.0,Other/Unknown,1.0,Other/Unknown,31.1,Medium,0.35,7.56,337.11,295.25,337.11,295.25,8.047,17.682,21.622,65.942,42.287,22.343,,,,0.13070098600339122,1.0,,,0.5,2.0,landcover_code,1.3038,Classified as Other/Unknown (100% confidence). moderately persistent (persistence score 57/100). Intensity score 47/100. Overall risk: 31/100.,0.0,0.0,0.0,0.0,1.0,0.0,0.0,0.45,0.47,N21,VIIRS,n,2.0NRT,D,50.0,,,,,0,n/a
13.38021,79.70301,AndhraPradesh,1338_7970,2026-08-31,733.0,Other/Unknown,0.9999,Other/Unknown,15.6,Low,0.35,4.52,333.34,298.87,333.34,298.87,13.178,13.883,14.308,76.921,64.912,44.064,,,,0.0,0.0,,,0.5,1.0,landcover_code,1.2194,Classified as Other/Unknown (100% confidence). low persistence / first-seen (persistence score 0/100). Intensity score 37/100. Overall risk: 16/100.,0.0,0.0,0.0,0.0,0.9999,0.0,0.0,0.47,0.47,N21,VIIRS,n,2.0NRT,D,50.0,,,,,0,n/a
13.38702,78.08879,Karnataka,1339_7809,2026-08-29,809.0,Other/Unknown,0.9999,Other/Unknown,13.4,Low,0.35,1.87,333.31,301.85,333.31,301.85,4.339,11.057,23.805,210.99,109.356,51.319,,,,0.0,0.0,,,0.5,1.0,landcover_code,1.399,Classified as Other/Unknown (100% confidence). low persistence / first-seen (persistence score 0/100). Intensity score 23/100. Overall risk: 13/100.,0.0,0.0,1e-04,0.0,0.9999,0.0,0.0,0.4,0.37,N21,VIIRS,n,2.0NRT,D,50.0,,,,,0,n/a
13.39185,80.07369,TamilNadu,1339_8007,2026-08-31,2006.0,Industrial,1.0,Industrial,42.5,Medium,0.75,1.15,307.57,292.82,307.57,292.82,0.406,3.174,18.408,75.55,41.8,4.716,Cropland,40.0,580.6502685546875,0.4836511198071519,2.1737158025699084e-07,0.5007812493642178,0.37471195250758266,1.0,13.0,dist_industrial_zone_km,4.459,Classified as Industrial (100% confidence). moderately persistent (persistence score 35/100). Intensity score 17/100. Overall risk: 42/100.,0.0,0.0,1.0,0.0,0.0,0.0,0.0,0.41,0.37,N21,VIIRS,n,2.0NRT,N,50.0,40.0,,,,0,medium
13.39139,80.10024,TamilNadu,1339_8010,2026-08-31,2006.0,Industrial,1.0,Industrial,47.1,Medium,0.75,1.4,308.06,289.62,308.06,289.62,0.988,2.855,17.67,76.128,41.021,3.016,Cropland,40.0,1441.0172119140625,0.7413915852262982,7.74624248844372e-07,0.5008524991739214,0.29112168194371046,1.0,51.0,dist_industrial_zone_km,4.1015,Classified as Industrial (100% confidence). moderately persistent (persistence score 43/100). Intensity score 19/100. Overall risk: 47/100.,0.0,0.0,1.0,0.0,0.0,0.0,0.0,0.4,0.37,N21,VIIRS,n,2.0NRT,N,50.0,40.0,,,,0,medium
13.41108,80.26926,TamilNadu,1341_8027,2026-08-31,733.0,Other/Unknown,1.0,Other/Unknown,13.5,Low,0.35,1.98,332.33,296.76,332.33,296.76,11.738,17.386,24.947,84.317,43.195,17.392,,,,0.0,0.0,,,0.5,1.0,landcover_code,1.2066,Classified as Other/Unknown (100% confidence). low persistence / first-seen (persistence score 0/100). Intensity score 24/100. Overall risk: 14/100.,0.0,0.0,0.0,0.0,1.0,0.0,0.0,0.43,0.46,N21,VIIRS,n,2.0NRT,D,50.0,,,,,0,n/a
13.46564,79.86813,AndhraPradesh,1347_7987,2026-08-31,733.0,Other/Unknown,1.0,Other/Unknown,17.9,Low,0.35,10.54,341.58,297.63,341.58,297.63,9.598,13.054,4.416,82.54,59.144,26.556,,,,0.0,0.0,,,0.5,1.0,landcover_code,1.3147,Classified as Other/Unknown (100% confidence). low persistence / first-seen (persistence score 0/100). Intensity score 53/100. Overall risk: 18/100.,0.0,0.0,0.0,0.0,1.0,0.0,0.0,0.45,0.47,N21,VIIRS,n,2.0NRT,D,50.0,,,,,0,n/a
13.53348,78.51496,AndhraPradesh,1353_7851,2026-09-14,809.0,Other/Unknown,0.9998,Other/Unknown,18.7,Low,0.35,7.88,347.69,309.17,347.69,309.17,2.651,24.118,4.863,176.766,131.531,69.378,Shrubland,20.0,475.15478515625,0.13070098600339122,6.144437523432531e-10,,,0.5,2.0,dist_industrial_zone_km,0.6689,Classified as Other/Unknown (100% confidence). low persistence / first-seen (persistence score 7/100). Intensity score 47/100. Overall risk: 19/100.,1e-04,0.0,1e-04,0.0,0.9998,0.0,0.0,0.42,0.37,N21,VIIRS,n,2.0NRT,D,50.0,20.0,,,,0,n/a
13.58733,76.33072,Karnataka,1359_7633,2026-08-29,809.0,Other/Unknown,0.9997,Other/Unknown,17.2,Low,0.35,3.1,335.08,296.88,335.08,296.88,21.447,6.04,19.629,205.246,133.012,70.409,Shrubland,20.0,130.14801025390625,0.20715616162265582,1.1971530543550882e-24,,,0.5,4.0,dist_power_plant_km,0.7378,Classified as Other/Unknown (100% confidence). low persistence / first-seen (persistence score 10/100). Intensity score 31/100. Overall risk: 17/100.,1e-04,0.0,0.0,0.0,0.9997,0.0,1e-04,0.38,0.36,N21,VIIRS,n,2.0NRT,D,50.0,20.0,,,,0,n/a
13.59061,76.3302,Karnataka,1359_7633,2026-08-29,809.0,Other/Unknown,0.9997,Other/Unknown,29.1,Medium,0.364,4.77,334.05,301.06,334.05,301.06,21.152,6.385,19.518,205.591,133.363,70.729,Shrubland,20.0,130.14801025390625,0.26140197200678245,1.0,0.5278876940164096,0.4186989318040116,1.0,4.0,landcover_code,-0.9037,Classified as Other/Unknown (100% confidence). moderately persistent (persistence score 54/100). Intensity score 38/100. Overall risk: 29/100.,0.0,0.0,1e-04,0.0,0.9997,0.0,1e-04,0.38,0.36,N21,VIIRS,n,2.0NRT,D,50.0,20.0,,,,0,n/a
13.62445,78.44543,AndhraPradesh,1362_7845,2026-08-31,2006.0,Other/Unknown,1.0,Other/Unknown,20.8,Low,0.321,1.39,303.26,290.03,303.26,290.03,6.179,12.124,11.072,188.521,139.287,76.541,Shrubland,20.0,137.71072387695312,0.4521511235672025,1.0698087094324065e-09,0.44276448157091,0.335085155384407,1.0,11.0,dist_industrial_zone_km,1.7349,Classified as Other/Unknown (100% confidence). moderately persistent (persistence score 32/100). Intensity score 19/100. Overall risk: 21/100.,0.0,0.0,0.0,0.0,1.0,0.0,0.0,0.47,0.4,N21,VIIRS,n,2.0NRT,N,50.0,20.0,,,,0,n/a
13.62572,78.44389,AndhraPradesh,1363_7844,2026-08-31,2006.0,Other/Unknown,1.0,Other/Unknown,12.2,Low,0.35,0.99,308.4,289.97,308.4,289.97,6.393,11.954,11.287,188.738,139.386,76.635,,,,0.0,0.0,,,0.5,1.0,landcover_code,1.4358,Classified as Other/Unknown (100% confidence). low persistence / first-seen (persistence score 0/100). Intensity score 15/100. Overall risk: 12/100.,0.0,0.0,0.0,0.0,1.0,0.0,0.0,0.47,0.4,N21,VIIRS,n,2.0NRT,N,50.0,,,,,0,n/a
13.70962,79.62088,AndhraPradesh,1371_7962,2026-08-30,2025.0,Industrial,1.0,Industrial,48.5,Medium,0.751,1.51,307.73,288.37,307.73,288.37,1.357,10.521,23.946,114.498,96.927,28.586,Bare / sparse vegetation,60.0,895.0498657226562,0.7413915852262982,4.993887533286227e-07,0.5012024976815753,0.43075196826905626,1.0,51.0,dist_industrial_zone_km,4.2395,Classified as Industrial (100% confidence). moderately persistent (persistence score 45/100). Intensity score 20/100. Overall risk: 48/100.,0.0,0.0,1.0,0.0,0.0,0.0,0.0,0.43,0.38,N21,VIIRS,n,2.0NRT,N,50.0,60.0,,,,0,medium
13.73211,78.2689,AndhraPradesh,1373_7827,2026-08-29,809.0,Other/Unknown,1.0,Other/Unknown,17.3,Low,0.35,8.58,337.15,304.6,337.15,304.6,8.805,16.724,16.838,211.037,148.09,67.735,,,,0.0,0.0,,,0.5,1.0,landcover_code,1.3964,Classified as Other/Unknown (100% confidence). low persistence / first-seen (persistence score 0/100). Intensity score 49/100. Overall risk: 17/100.,0.0,0.0,0.0,0.0,1.0,0.0,0.0,0.41,0.37,N21,VIIRS,n,2.0NRT,D,50.0,,,,,0,n/a
13.7698,79.52962,AndhraPradesh,1377_7953,2026-08-31,2006.0,Other/Unknown,1.0,Other/Unknown,23.7,Low,0.341,3.59,315.63,293.75,315.63,293.75,8.926,16.638,23.179,124.038,108.386,20.8,Shrubland,20.0,93.73208618164062,0.5106344530534098,3.243053567767615e-09,0.4822931221271944,0.3386179938250981,1.0,15.0,dist_industrial_zone_km,1.7033,Classified as Other/Unknown (100% confidence). moderately persistent (persistence score 35/100). Intensity score 33/100. Overall risk: 24/100.,0.0,0.0,0.0,0.0,1.0,0.0,0.0,0.42,0.38,N21,VIIRS,n,2.0NRT,N,50.0,20.0,,,,0,n/a
13.80737,79.89786,AndhraPradesh,1381_7990,2026-08-30,752.0,Agricultural Burning,0.8886,Other/Unknown,9.2,Low,0.339,3.51,333.6,301.04,333.6,301.04,7.767,21.318,32.497,120.292,91.645,16.982,Cropland,40.0,150.8167724609375,0.13070098600339122,1.3170890159654409e-09,,,0.5,2.0,recurrence_score,1.5485,Classified as Agricultural Burning (89% confidence). low persistence / first-seen (persistence score 7/100). Intensity score 33/100. Overall risk: 9/100.,0.8886,0.0,0.0,0.0,0.1114,0.0,0.0,0.4,0.37,N21,VIIRS,l,2.0NRT,D,20.0,40.0,,,,0,n/a
13.82067,79.34486,AndhraPradesh,1382_7934,2026-08-31,733.0,Wildfire,0.9998,Wildfire,28.8,Medium,0.314,8.45,341.88,281.74,341.88,281.74,15.211,27.65,22.608,137.407,126.233,15.016,Tree cover,10.0,28.64097213745117,0.303478291430754,2.042995727983541e-09,0.4284629599522725,0.3660254037844387,1.0,6.0,landcover_code,3.2432,Classified as Wildfire (100% confidence). low persistence / first-seen (persistence score 27/100). Intensity score 49/100. Overall risk: 29/100.,0.0,0.0,0.0,0.0,0.0002,0.0,0.9998,0.48,0.48,N21,VIIRS,n,2.0NRT,D,50.0,10.0,,,,0,n/a
13.81982,79.34018,AndhraPradesh,1382_7934,2026-08-31,733.0,Wildfire,0.9998,Wildfire,37.2,Medium,0.321,8.45,332.98,281.5,332.98,281.5,15.066,27.885,22.655,137.559,126.532,14.977,Tree cover,10.0,28.64097213745117,0.337857147626047,1.0,0.4426287875934274,0.46130007313452304,1.0,6.0,landcover_code,3.2254,Classified as Wildfire (100% confidence). moderately persistent (persistence score 55/100). Intensity score 49/100. Overall risk: 37/100.,0.0,0.0,0.0,0.0,0.0002,0.0,0.9998,0.48,0.48,N21,VIIRS,n,2.0NRT,D,50.0,10.0,,,,0,n/a
13.8191,79.35138,AndhraPradesh,1382_7935,2026-08-31,2006.0,Wildfire,0.9996,Wildfire,20.5,Low,0.35,2.95,304.87,292.17,304.87,292.17,15.137,27.088,22.865,136.926,125.605,14.795,Tree cover,10.0,12.908620834350586,0.20715616162265582,1.0600871335313635e-16,,,0.5,4.0,landcover_code,3.2385,Classified as Wildfire (100% confidence). low persistence / first-seen (persistence score 10/100). Intensity score 30/100. Overall risk: 20/100.,0.0,0.0,0.0,0.0,0.0004,0.0,0.9996,0.43,0.38,N21,VIIRS,n,2.0NRT,N,50.0,10.0,,,,0,n/a
13.82083,79.35246,AndhraPradesh,1382_7935,2026-08-31,2006.0,Wildfire,0.9997,Wildfire,32.5,Medium,0.352,2.29,308.89,292.28,308.89,292.28,15.346,27.174,22.69,137.043,125.656,14.983,Tree cover,10.0,12.908620834350586,0.26140197200678245,1.0,0.5031666243278398,0.4145184202120238,1.0,4.0,landcover_code,3.2182,Classified as Wildfire (100% confidence). moderately persistent (persistence score 53/100). Intensity score 26/100. Overall risk: 32/100.,0.0,0.0,0.0,0.0,0.0003,0.0,0.9997,0.43,0.38,N21,VIIRS,n,2.0NRT,N,50.0,10.0,,,,0,n/a
13.82714,79.33331,AndhraPradesh,1383_7933,2026-08-30,2025.0,Wildfire,0.9998,Wildfire,23.2,Low,0.302,0.86,296.35,262.42,296.35,262.42,15.834,28.984,21.794,138.626,127.631,15.889,Tree cover,10.0,11.197084426879885,0.3921029580101737,2.090748489479304e-09,0.40327031142336045,0.36256198776797544,1.0,8.0,landcover_code,3.2397,Classified as Wildfire (100% confidence). low persistence / first-seen (persistence score 29/100). Intensity score 13/100. Overall risk: 23/100.,0.0,0.0,0.0,0.0,0.0002,0.0,0.9998,0.42,0.38,N21,VIIRS,n,2.0NRT,N,50.0,10.0,,,,0,n/a
13.82651,79.33714,AndhraPradesh,1383_7934,2026-08-30,2025.0,Wildfire,0.9997,Wildfire,23.0,Low,0.331,0.65,299.57,261.5,299.57,261.5,15.784,28.673,21.889,138.37,127.284,15.757,Tree cover,10.0,11.456331253051758,0.41431232324531164,2.090748489479304e-09,0.4620263890682998,0.27450820240572266,1.0,9.0,landcover_code,3.2408,Classified as Wildfire (100% confidence). moderately persistent (persistence score 30/100). Intensity score 11/100. Overall risk: 23/100.,0.0,0.0,0.0,0.0,0.0003,0.0,0.9997,0.42,0.38,N21,VIIRS,n,2.0NRT,N,50.0,10.0,,,,0,n/a
13.83721,79.3314,AndhraPradesh,1384_7933,2026-08-30,752.0,Wildfire,0.9998,Wildfire,31.1,Medium,0.379,9.11,339.47,300.28,339.47,300.28,16.948,29.994,20.666,139.712,128.556,17.027,Shrubland,20.0,12.395368576049805,0.41431232324531164,2.042995727983541e-09,0.5571399107228465,0.3379533366339464,1.0,9.0,landcover_code,3.1962,Classified as Wildfire (100% confidence). moderately persistent (persistence score 33/100). Intensity score 50/100. Overall risk: 31/100.,0.0,0.0,0.0,0.0,0.0002,0.0,0.9998,0.41,0.37,N21,VIIRS,l,2.0NRT,D,20.0,20.0,,,,0,n/a
13.89755,76.56599,Karnataka,1390_7657,2026-08-30,2025.0,Industrial,1.0,Industrial,47.0,Medium,0.751,1.04,306.74,287.97,306.74,287.97,0.251,9.293,20.542,244.835,156.874,74.946,Cropland,40.0,887.1376342773438,0.7413915852262982,6.291904023994907e-07,0.5029249666335193,0.40809090995747055,1.0,51.0,dist_industrial_zone_km,4.3144,Classified as Industrial (100% confidence). moderately persistent (persistence score 45/100). Intensity score 15/100. Overall risk: 47/100.,0.0,0.0,1.0,0.0,0.0,0.0,0.0,0.39,0.36,N21,VIIRS,n,2.0NRT,N,50.0,40.0,,,,0,medium
14.16654,79.82394,AndhraPradesh,1417_7982,2026-08-28,830.0,Agricultural Burning,0.6456,Other/Unknown,9.9,Low,0.315,8.73,342.83,295.62,342.83,295.62,4.16,28.81,13.748,160.609,132.062,40.533,Cropland,40.0,347.7681884765625,0.20715616162265582,9.4500807806843e-14,,,0.5,3.0,recurrence_score,1.2716,Classified as Agricultural Burning (65% confidence). low persistence / first-seen (persistence score 10/100). Intensity score 49/100. Overall risk: 10/100.,0.6456,0.0,0.0,0.0,0.3543,0.0,0.0,0.63,0.54,N21,VIIRS,n,2.0NRT,D,50.0,40.0,,,,0,n/a
14.25786,80.12138,AndhraPradesh,1426_8012,2026-08-30,752.0,Industrial,1.0,Industrial,56.7,High,0.771,9.42,336.17,304.46,336.17,304.46,0.739,5.75,10.848,171.518,136.522,10.221,Tree cover,10.0,266.9743957519531,0.6908072814298077,2.594442854214088e-08,0.5414866358303222,0.3445221431571107,1.0,39.0,dist_industrial_zone_km,4.0857,Classified as Industrial (100% confidence). moderately persistent (persistence score 43/100). Intensity score 51/100. Overall risk: 57/100.,0.0,0.0,1.0,0.0,0.0,0.0,0.0,0.39,0.36,N21,VIIRS,l,2.0NRT,D,20.0,10.0,,,,0,medium
14.26651,79.09661,AndhraPradesh,1427_7910,2026-09-01,714.0,Other/Unknown,1.0,Other/Unknown,14.5,Low,0.35,2.99,340.26,285.82,340.26,285.82,9.76,30.647,36.475,193.75,172.287,34.462,,,,0.0,0.0,,,0.5,2.0,landcover_code,1.4114,Classified as Other/Unknown (100% confidence). low persistence / first-seen (persistence score 0/100). Intensity score 30/100. Overall risk: 14/100.,0.0,0.0,0.0,0.0,1.0,0.0,0.0,0.51,0.66,N21,VIIRS,n,2.0NRT,D,50.0,,,,,0,n/a
14.26936,79.09819,AndhraPradesh,1427_7910,2026-09-01,714.0,Other/Unknown,1.0,Other/Unknown,30.4,Medium,0.35,5.89,334.88,285.69,334.88,285.69,9.9,30.58,36.598,193.95,171.932,34.595,,,,0.13070098600339122,1.0,,,0.5,2.0,landcover_code,1.3166,Classified as Other/Unknown (100% confidence). moderately persistent (persistence score 57/100). Intensity score 42/100. Overall risk: 30/100.,0.0,0.0,0.0,0.0,1.0,0.0,0.0,0.51,0.66,N21,VIIRS,n,2.0NRT,D,50.0,,,,,0,n/a
14.35824,77.18724,AndhraPradesh,1436_7719,2026-08-28,830.0,Agricultural Burning,0.7963,Other/Unknown,8.6,Low,0.33,3.29,332.19,302.46,332.19,302.46,22.21,4.137,15.437,316.56,206.433,112.907,Cropland,40.0,161.7158966064453,0.13070098600339122,3.388131789017205e-21,,,0.5,2.0,recurrence_score,1.5491,Classified as Agricultural Burning (80% confidence). low persistence / first-seen (persistence score 7/100). Intensity score 32/100. Overall risk: 9/100.,0.7963,0.0,0.0,0.0,0.2037,0.0,0.0,0.42,0.46,N21,VIIRS,l,2.0NRT,D,20.0,40.0,,,,0,n/a
14.38881,77.89259,AndhraPradesh,1439_7789,2026-09-14,811.0,Wildfire,0.9999,Wildfire,31.6,Medium,0.369,11.93,347.03,312.05,347.03,312.05,19.291,18.36,14.23,287.418,222.298,37.294,Shrubland,20.0,105.68099975585938,0.3669240563744024,1.778531081807644e-09,0.5386933138422252,0.3940880268351066,1.0,7.0,landcover_code,3.2027,Classified as Wildfire (100% confidence). moderately persistent (persistence score 32/100). Intensity score 55/100. Overall risk: 32/100.,0.0,0.0,0.0,0.0,1e-04,0.0,0.9999,0.41,0.37,N21,VIIRS,n,2.0NRT,D,50.0,20.0,,,,0,n/a
14.43295,77.70949,AndhraPradesh,1443_7771,2026-09-01,714.0,Mining/Extraction,1.0,Mining/Extraction,35.5,Medium,0.75,11.05,338.48,287.65,338.48,287.65,2.594,4.557,1.714,305.72,229.845,57.549,Built-up,50.0,4604.814453125,0.13070098600339122,7.680546904290648e-11,,,0.5,2.0,dist_quarry_km,4.3527,Classified as Mining/Extraction (100% confidence). low persistence / first-seen (persistence score 7/100). Intensity score 54/100. Overall risk: 36/100.,0.0,0.0,0.0,1.0,0.0,0.0,0.0,0.63,0.72,N21,VIIRS,n,2.0NRT,D,50.0,50.0,,,,0,medium
14.51374,75.63936,Karnataka,1451_7564,2026-09-01,1949.0,Other/Unknown,1.0,Other/Unknown,11.8,Low,0.35,0.72,299.94,280.55,299.94,280.55,6.09,22.273,24.643,305.876,199.118,106.586,,,,0.0,0.0,,,0.5,1.0,landcover_code,1.4356,Classified as Other/Unknown (100% confidence). low persistence / first-seen (persistence score 0/100). Intensity score 12/100. Overall risk: 12/100.,0.0,0.0,0.0,0.0,1.0,0.0,0.0,0.49,0.65,N21,VIIRS,n,2.0NRT,N,50.0,,,,,0,n/a
14.50992,76.59728,Karnataka,1451_7660,2026-08-28,830.0,Other/Unknown,1.0,Other/Unknown,14.6,Low,0.35,3.17,333.2,299.81,333.2,299.81,19.082,3.426,36.966,311.621,223.202,136.278,,,,0.0,0.0,,,0.5,2.0,landcover_code,1.2258,Classified as Other/Unknown (100% confidence). low persistence / first-seen (persistence score 0/100). Intensity score 31/100. Overall risk: 15/100.,0.0,0.0,0.0,0.0,1.0,0.0,0.0,0.39,0.44,N21,VIIRS,n,2.0NRT,D,50.0,,,,,0,n/a
14.50818,76.59798,Karnataka,1451_7660,2026-08-28,830.0,Other/Unknown,1.0,Other/Unknown,29.3,Medium,0.35,3.88,339.54,297.38,339.54,297.38,18.892,3.399,36.871,311.449,223.0,136.071,,,,0.13070098600339122,1.0,,,0.5,2.0,landcover_code,1.1988,Classified as Other/Unknown (100% confidence). moderately persistent (persistence score 57/100). Intensity score 34/100. Overall risk: 29/100.,0.0,0.0,0.0,0.0,1.0,0.0,0.0,0.39,0.44,N21,VIIRS,n,2.0NRT,D,50.0,,,,,0,n/a
14.53657,79.06839,AndhraPradesh,1454_7907,2026-09-08,824.0,Wildfire,0.9999,Wildfire,40.7,Medium,0.499,41.2,367.0,304.9,367.0,304.9,19.121,23.235,37.637,221.99,151.775,61.727,Tree cover,10.0,107.89602661132812,0.606956582861508,2.5740133225317655e-09,0.7985858382117264,0.38202885339502685,1.0,25.0,landcover_code,3.2264,Classified as Wildfire (100% confidence). moderately persistent (persistence score 47/100). Intensity score 81/100. Overall risk: 41/100.,0.0,0.0,0.0,0.0,1e-04,0.0,0.9999,0.45,0.47,N21,VIIRS,h,2.0NRT,D,90.0,10.0,,,,0,n/a
14.60417,77.21081,AndhraPradesh,1460_7721,2026-09-14,811.0,Other/Unknown,0.9999,Other/Unknown,20.1,Low,0.35,21.52,347.9,314.56,347.9,314.56,12.488,4.088,41.094,342.509,233.85,103.292,,,,0.0,0.0,,,0.5,1.0,landcover_code,1.0955,Classified as Other/Unknown (100% confidence). low persistence / first-seen (persistence score 0/100). Intensity score 67/100. Overall risk: 20/100.,0.0,0.0,0.0,0.0,0.9999,0.0,0.0,0.39,0.36,N21,VIIRS,n,2.0NRT,D,50.0,,,,,0,n/a
14.60618,78.52363,AndhraPradesh,1461_7852,2026-08-26,2000.0,Mining/Extraction,1.0,Mining/Extraction,44.2,Medium,0.756,2.22,308.46,292.48,308.46,292.48,0.18,5.938,1.493,258.706,193.778,42.872,Bare / sparse vegetation,60.0,1466.5340576171875,0.7413915852262982,8.496272260096937e-07,0.5124474275964644,0.2819813900325041,1.0,51.0,dist_quarry_km,4.0719,Classified as Mining/Extraction (100% confidence). moderately persistent (persistence score 43/100). Intensity score 25/100. Overall risk: 44/100.,0.0,0.0,0.0,1.0,0.0,0.0,0.0,0.39,0.44,N21,VIIRS,n,2.0NRT,N,50.0,60.0,,,,0,medium
14.65362,77.66443,AndhraPradesh,1465_7766,2026-08-29,811.0,Agricultural Burning,0.8176,Other/Unknown,9.1,Low,0.332,4.3,338.32,300.86,338.32,300.86,4.936,17.889,26.709,325.29,251.016,70.629,Cropland,40.0,106.3355712890625,0.13070098600339122,1.3676811205210924e-13,,,0.5,2.0,recurrence_score,1.5437,Classified as Agricultural Burning (82% confidence). low persistence / first-seen (persistence score 7/100). Intensity score 36/100. Overall risk: 9/100.,0.8176,0.0,0.0,0.0,0.1824,0.0,0.0,0.4,0.37,N21,VIIRS,n,2.0NRT,D,50.0,40.0,,,,0,n/a
14.65814,75.65547,Karnataka,1466_7566,2026-08-28,830.0,Wildfire,0.9996,Wildfire,21.0,Low,0.35,5.13,337.4,294.19,337.4,294.19,14.086,15.1,14.989,321.663,214.311,94.458,Shrubland,20.0,168.0111083984375,0.13070098600339122,6.739372561873776e-10,,,0.5,2.0,landcover_code,3.4031,Classified as Wildfire (100% confidence). low persistence / first-seen (persistence score 7/100). Intensity score 39/100. Overall risk: 21/100.,0.0,0.0,0.0,0.0,0.0004,0.0,0.9996,0.52,0.42,N21,VIIRS,n,2.0NRT,D,50.0,20.0,,,,0,n/a
14.67095,79.82304,AndhraPradesh,1467_7982,2026-08-30,752.0,Agricultural Burning,0.83,Other/Unknown,9.2,Low,0.333,4.38,333.89,299.86,333.89,299.86,16.684,25.74,45.169,216.587,95.291,50.137,Cropland,40.0,325.92510986328125,0.13070098600339122,3.725290298461918e-09,,,0.5,2.0,recurrence_score,1.54,Classified as Agricultural Burning (83% confidence). low persistence / first-seen (persistence score 7/100). Intensity score 36/100. Overall risk: 9/100.,0.83,0.0,0.0,0.0,0.17,0.0,0.0,0.39,0.36,N21,VIIRS,n,2.0NRT,D,50.0,40.0,,,,0,n/a
14.76578,77.70973,AndhraPradesh,1477_7771,2026-09-14,811.0,Other/Unknown,0.9999,Other/Unknown,17.5,Low,0.35,9.17,342.97,312.54,342.97,312.54,14.865,9.048,26.021,330.185,264.398,73.726,,,,0.0,0.0,,,0.5,1.0,landcover_code,1.1161,Classified as Other/Unknown (100% confidence). low persistence / first-seen (persistence score 0/100). Intensity score 50/100. Overall risk: 18/100.,0.0,0.0,0.0,0.0,0.9999,0.0,0.0,0.4,0.37,N21,VIIRS,n,2.0NRT,D,50.0,,,,,0,n/a
14.79919,79.08913,AndhraPradesh,1480_7909,2026-08-29,811.0,Other/Unknown,1.0,Other/Unknown,15.8,Low,0.35,4.9,336.6,298.41,336.6,298.41,7.492,44.86,39.14,247.923,131.121,88.549,,,,0.0,0.0,,,0.5,1.0,landcover_code,1.3969,Classified as Other/Unknown (100% confidence). low persistence / first-seen (persistence score 0/100). Intensity score 38/100. Overall risk: 16/100.,0.0,0.0,0.0,0.0,1.0,0.0,0.0,0.45,0.39,N21,VIIRS,n,2.0NRT,D,50.0,,,,,0,n/a
14.80563,76.7702,Karnataka,1481_7677,2026-08-28,830.0,Agricultural Burning,0.7958,Other/Unknown,8.1,Low,0.33,2.35,330.63,298.49,330.63,298.49,15.481,3.012,26.597,348.029,254.108,101.101,Cropland,40.0,431.4267272949219,0.13070098600339122,4.550255688066813e-10,,,0.5,2.0,recurrence_score,1.5437,Classified as Agricultural Burning (80% confidence). low persistence / first-seen (persistence score 7/100). Intensity score 26/100. Overall risk: 8/100.,0.7958,0.0,0.0,0.0,0.2042,0.0,0.0,0.41,0.45,N21,VIIRS,n,2.0NRT,D,50.0,40.0,,,,0,n/a
14.8166,78.35658,AndhraPradesh,1482_7836,2026-08-29,811.0,Other/Unknown,1.0,Other/Unknown,14.3,Low,0.35,2.79,337.68,304.28,337.68,304.28,4.333,13.939,15.758,288.199,199.41,54.54,,,,0.0,0.0,,,0.5,1.0,landcover_code,1.3971,Classified as Other/Unknown (100% confidence). low persistence / first-seen (persistence score 0/100). Intensity score 29/100. Overall risk: 14/100.,0.0,0.0,0.0,0.0,1.0,0.0,0.0,0.42,0.38,N21,VIIRS,n,2.0NRT,D,50.0,,,,,0,n/a
14.91308,77.69633,AndhraPradesh,1491_7770,2026-08-30,752.0,Agricultural Burning,0.8314,Other/Unknown,9.9,Low,0.333,6.48,333.12,296.36,333.12,296.36,23.224,4.079,13.82,342.745,263.517,77.48,Cropland,40.0,112.7339859008789,0.13070098600339122,3.07221876171626e-10,,,0.5,2.0,recurrence_score,1.542,Classified as Agricultural Burning (83% confidence). low persistence / first-seen (persistence score 7/100). Intensity score 44/100. Overall risk: 10/100.,0.8314,0.0,0.0,0.0,0.1686,0.0,0.0,0.46,0.39,N21,VIIRS,n,2.0NRT,D,50.0,40.0,,,,0,n/a
14.91997,79.67854,AndhraPradesh,1492_7968,2026-08-29,811.0,Other/Unknown,1.0,Other/Unknown,14.5,Low,0.35,3.0,330.97,296.32,330.97,296.32,33.402,18.446,43.938,245.5,76.676,81.042,,,,0.0,0.0,,,0.5,1.0,landcover_code,1.4209,Classified as Other/Unknown (100% confidence). low persistence / first-seen (persistence score 0/100). Intensity score 30/100. Overall risk: 14/100.,0.0,0.0,0.0,0.0,1.0,0.0,0.0,0.48,0.4,N21,VIIRS,n,2.0NRT,D,50.0,,,,,0,n/a
14.92978,78.3416,AndhraPradesh,1493_7834,2026-08-30,2025.0,Industrial,1.0,Industrial,43.5,Medium,0.745,0.3,299.8,276.1,299.8,276.1,0.207,7.236,3.387,299.344,196.496,66.53,Built-up,50.0,1390.0477294921875,0.7413915852262982,6.589474105681313e-07,0.48961149523816333,0.3583385731052199,1.0,51.0,dist_industrial_zone_km,3.8425,Classified as Industrial (100% confidence). moderately persistent (persistence score 44/100). Intensity score 6/100. Overall risk: 44/100.,0.0,0.0,1.0,0.0,0.0,0.0,0.0,0.39,0.36,N21,VIIRS,n,2.0NRT,N,50.0,50.0,,,,0,medium
14.97559,79.35465,AndhraPradesh,1498_7935,2026-09-01,714.0,Other/Unknown,1.0,Other/Unknown,13.6,Low,0.35,2.02,332.13,289.04,332.13,289.04,11.849,20.965,39.291,257.834,96.513,105.238,,,,0.0,0.0,,,0.5,1.0,landcover_code,1.2049,Classified as Other/Unknown (100% confidence). low persistence / first-seen (persistence score 0/100). Intensity score 24/100. Overall risk: 14/100.,0.0,0.0,0.0,0.0,1.0,0.0,0.0,0.48,0.65,N21,VIIRS,n,2.0NRT,D,50.0,,,,,0,n/a
14.97541,79.35614,AndhraPradesh,1498_7936,2026-09-01,714.0,Other/Unknown,1.0,Other/Unknown,15.6,Low,0.35,4.59,330.4,288.52,330.4,288.52,11.913,20.815,39.249,257.776,96.397,105.226,,,,0.0,0.0,,,0.5,1.0,landcover_code,1.2043,Classified as Other/Unknown (100% confidence). low persistence / first-seen (persistence score 0/100). Intensity score 37/100. Overall risk: 16/100.,0.0,0.0,0.0,0.0,1.0,0.0,0.0,0.48,0.65,N21,VIIRS,n,2.0NRT,D,50.0,,,,,0,n/a
14.98676,76.88111,AndhraPradesh,1499_7688,2026-08-29,811.0,Other/Unknown,1.0,Other/Unknown,16.5,Low,0.35,6.37,336.84,297.67,336.84,297.67,6.581,9.004,16.678,370.612,273.894,77.936,,,,0.0,0.0,,,0.5,1.0,landcover_code,1.3669,Classified as Other/Unknown (100% confidence). low persistence / first-seen (persistence score 0/100). Intensity score 43/100. Overall risk: 16/100.,0.0,0.0,0.0,0.0,1.0,0.0,0.0,0.39,0.36,N21,VIIRS,n,2.0NRT,D,50.0,,,,,0,n/a
14.99895,77.21571,AndhraPradesh,1500_7722,2026-09-15,752.0,Other/Unknown,1.0,Other/Unknown,18.9,Low,0.35,14.44,341.78,309.84,341.78,309.84,8.226,23.281,39.439,383.312,277.414,60.042,,,,0.0,0.0,,,0.5,1.0,landcover_code,1.4373,Classified as Other/Unknown (100% confidence). low persistence / first-seen (persistence score 0/100). Intensity score 59/100. Overall risk: 19/100.,0.0,0.0,0.0,0.0,1.0,0.0,0.0,0.48,0.4,N21,VIIRS,l,2.0NRT,D,20.0,,,,,0,n/a
15.00776,79.72642,AndhraPradesh,1501_7973,2026-08-28,830.0,Other/Unknown,1.0,Other/Unknown,13.4,Low,0.35,1.83,339.73,296.21,339.73,296.21,29.985,19.698,54.705,254.695,65.715,85.878,,,,0.0,0.0,,,0.5,2.0,landcover_code,1.4217,Classified as Other/Unknown (100% confidence). low persistence / first-seen (persistence score 0/100). Intensity score 23/100. Overall risk: 13/100.,0.0,0.0,0.0,0.0,1.0,0.0,0.0,0.32,0.55,N21,VIIRS,n,2.0NRT,D,50.0,,,,,0,n/a
15.00715,79.72668,AndhraPradesh,1501_7973,2026-08-28,830.0,Other/Unknown,1.0,Other/Unknown,28.5,Medium,0.35,2.82,340.51,296.22,340.51,296.22,30.021,19.731,54.67,254.625,65.755,85.806,,,,0.13070098600339122,1.0,,,0.5,2.0,landcover_code,1.4159,Classified as Other/Unknown (100% confidence). moderately persistent (persistence score 57/100). Intensity score 29/100. Overall risk: 28/100.,0.0,0.0,0.0,0.0,1.0,0.0,0.0,0.32,0.55,N21,VIIRS,n,2.0NRT,D,50.0,,,,,0,n/a
15.01244,79.80169,AndhraPradesh,1501_7980,2026-08-26,2000.0,Agricultural Burning,0.7356,Other/Unknown,9.4,Low,0.324,6.81,322.25,291.52,322.25,291.52,23.777,27.735,60.501,254.628,60.985,82.235,Cropland,40.0,196.9575653076172,0.13070098600339122,2.6957490247495107e-09,,,0.5,2.0,recurrence_score,1.5413,Classified as Agricultural Burning (74% confidence). low persistence / first-seen (persistence score 7/100). Intensity score 45/100. Overall risk: 9/100.,0.7356,0.0,0.0,0.0,0.2644,0.0,0.0,0.5,0.41,N21,VIIRS,n,2.0NRT,N,50.0,40.0,,,,0,n/a
15.02173,78.0117,AndhraPradesh,1502_7801,2026-08-25,2017.0,Industrial,1.0,Industrial,45.4,Medium,0.745,0.71,302.82,285.54,302.82,285.54,0.398,18.251,3.744,328.97,227.722,79.484,Shrubland,20.0,4194.458984375,0.7413915852262982,8.898096003883441e-07,0.49054612683731796,0.3787800612270765,1.0,52.0,dist_industrial_zone_km,4.0183,Classified as Industrial (100% confidence). moderately persistent (persistence score 44/100). Intensity score 12/100. Overall risk: 45/100.,0.0,0.0,1.0,0.0,0.0,0.0,0.0,0.39,0.36,N21,VIIRS,n,2.0NRT,N,50.0,20.0,,,,0,medium
15.02291,78.01446,AndhraPradesh,1502_7801,2026-08-30,2025.0,Industrial,1.0,Industrial,53.8,High,0.744,0.47,304.77,282.76,304.77,282.76,0.386,18.546,3.493,328.884,227.403,79.519,Shrubland,20.0,4194.458984375,0.7450530918139344,0.8908987181403393,0.4877328543730824,0.136023139564742,1.0,52.0,dist_industrial_zone_km,4.4351,Classified as Industrial (100% confidence). moderately persistent (persistence score 63/100). Intensity score 8/100. Overall risk: 54/100.,0.0,0.0,1.0,0.0,0.0,0.0,0.0,0.39,0.36,N21,VIIRS,n,2.0NRT,N,50.0,20.0,,,,0,medium
15.02118,78.01533,AndhraPradesh,1502_7802,2026-08-25,2017.0,Industrial,1.0,Industrial,45.3,Medium,0.745,0.71,305.27,286.28,305.27,286.28,0.211,18.641,3.631,328.676,227.358,79.308,Tree cover,10.0,3539.780029296875,0.7413915852262982,9.106079138855144e-07,0.4901087905918484,0.36143037828271773,1.0,51.0,dist_industrial_zone_km,4.1902,Classified as Industrial (100% confidence). moderately persistent (persistence score 44/100). Intensity score 12/100. Overall risk: 45/100.,0.0,0.0,1.0,0.0,0.0,0.0,0.0,0.39,0.36,N21,VIIRS,n,2.0NRT,N,50.0,10.0,,,,0,medium
15.06239,79.87417,AndhraPradesh,1506_7987,2026-08-29,811.0,Other/Unknown,1.0,Other/Unknown,24.9,Low,0.371,7.63,339.86,304.15,339.86,304.15,17.569,35.766,59.04,259.861,52.513,84.039,Cropland,40.0,141.62083435058594,0.3921029580101737,1.0691545924452043e-12,0.5418305662325019,0.2898979485566356,1.0,8.0,landcover_code,0.7683,Classified as Other/Unknown (100% confidence). moderately persistent (persistence score 32/100). Intensity score 47/100. Overall risk: 25/100.,0.0,0.0,0.0,0.0,1.0,0.0,0.0,0.49,0.4,N21,VIIRS,n,2.0NRT,D,50.0,40.0,,,,0,n/a
15.06977,76.86497,Karnataka,1507_7686,2026-08-30,2025.0,Industrial,1.0,Industrial,46.1,Medium,0.747,1.13,303.21,288.89,303.21,288.89,0.259,15.41,7.557,379.037,283.139,72.338,Shrubland,20.0,589.0621948242188,0.7413915852262982,7.927302323749431e-07,0.4948901779030087,0.27612938535929965,1.0,51.0,dist_industrial_zone_km,4.6705,Classified as Industrial (100% confidence). moderately persistent (persistence score 42/100). Intensity score 16/100. Overall risk: 46/100.,0.0,0.0,1.0,0.0,0.0,0.0,0.0,0.39,0.36,N21,VIIRS,n,2.0NRT,N,50.0,20.0,,,,0,medium
15.08718,79.47825,AndhraPradesh,1509_7948,2026-08-29,811.0,Other/Unknown,1.0,Other/Unknown,16.5,Low,0.35,6.38,336.48,297.95,336.48,297.95,29.714,10.041,51.9,267.109,78.487,109.189,,,,0.0,0.0,,,0.5,1.0,landcover_code,1.1795,Classified as Other/Unknown (100% confidence). low persistence / first-seen (persistence score 0/100). Intensity score 43/100. Overall risk: 16/100.,0.0,0.0,0.0,0.0,1.0,0.0,0.0,0.47,0.4,N21,VIIRS,n,2.0NRT,D,50.0,,,,,0,n/a
15.08932,79.77341,AndhraPradesh,1509_7977,2026-08-28,830.0,Wildfire,0.9998,Wildfire,21.6,Low,0.35,6.01,333.03,298.89,333.03,298.89,19.827,25.76,55.987,263.347,55.402,91.221,Tree cover,10.0,268.6025695800781,0.13070098600339122,1.2964282623438912e-11,,,0.5,2.0,landcover_code,3.4245,Classified as Wildfire (100% confidence). low persistence / first-seen (persistence score 7/100). Intensity score 42/100. Overall risk: 22/100.,0.0,0.0,0.0,0.0,0.0002,0.0,0.9998,0.32,0.55,N21,VIIRS,n,2.0NRT,D,50.0,10.0,,,,0,n/a
15.08967,79.7764,AndhraPradesh,1509_7978,2026-08-28,830.0,Wildfire,0.9999,Wildfire,29.0,Medium,0.372,7.39,355.18,299.22,355.18,299.22,19.578,26.079,55.921,263.364,55.182,91.11,Tree cover,10.0,332.980224609375,0.26140197200678245,3.725290298461918e-09,0.5431010960104247,0.4198457752208661,1.0,4.0,landcover_code,3.4138,Classified as Wildfire (100% confidence). low persistence / first-seen (persistence score 29/100). Intensity score 46/100. Overall risk: 29/100.,0.0,0.0,0.0,0.0,1e-04,0.0,0.9999,0.32,0.55,N21,VIIRS,n,2.0NRT,D,50.0,10.0,,,,0,n/a
15.14153,76.96049,Karnataka,1514_7696,2026-08-25,746.0,Industrial,1.0,Industrial,41.2,Medium,0.741,1.82,331.71,289.56,331.71,289.56,0.141,13.22,8.953,389.514,291.185,59.444,Built-up,50.0,2003.1927490234373,0.26140197200678245,3.723012530815237e-12,0.48279845791241893,0.5167878296240512,1.0,4.0,dist_industrial_zone_km,3.8841,Classified as Industrial (100% confidence). low persistence / first-seen (persistence score 29/100). Intensity score 22/100. Overall risk: 41/100.,0.0,0.0,1.0,0.0,0.0,0.0,0.0,0.41,0.45,N21,VIIRS,n,2.0NRT,D,50.0,50.0,,,,0,medium
15.17045,76.38124,Karnataka,1517_7638,2026-08-30,2025.0,Industrial,1.0,Industrial,46.7,Medium,0.749,1.14,306.12,287.89,306.12,287.89,0.552,0.427,4.233,379.944,299.497,110.875,Grassland,30.0,2657.19140625,0.7413915852262982,8.11259423209053e-07,0.4984900045905845,0.3338555954460349,1.0,54.0,dist_power_plant_km,2.5116,Classified as Industrial (100% confidence). moderately persistent (persistence score 43/100). Intensity score 16/100. Overall risk: 47/100.,0.0,0.0,1.0,0.0,0.0,0.0,0.0,0.39,0.36,N21,VIIRS,n,2.0NRT,N,50.0,30.0,,,,0,medium
15.16712,76.38071,Karnataka,1517_7638,2026-08-30,2025.0,Industrial,1.0,Industrial,59.2,High,0.753,1.69,306.74,287.75,306.74,287.75,0.577,0.605,4.602,379.569,299.144,111.061,Grassland,30.0,2657.19140625,0.7450530918139344,1.0,0.5053943985291969,0.12753126797493566,1.0,54.0,dist_power_plant_km,2.4317,Classified as Industrial (100% confidence). moderately persistent (persistence score 66/100). Intensity score 21/100. Overall risk: 59/100.,0.0,0.0,1.0,0.0,0.0,0.0,0.0,0.39,0.36,N21,VIIRS,n,2.0NRT,N,50.0,30.0,,,,0,medium
15.17202,76.38217,Karnataka,1517_7638,2026-09-01,1949.0,Industrial,1.0,Industrial,59.8,High,0.755,2.13,295.27,279.88,295.27,279.88,0.57,0.235,4.036,380.13,299.65,110.72,Grassland,30.0,2657.19140625,0.7486448511604031,0.9548416039104165,0.5107891903389323,0.12643212577919247,1.0,54.0,dist_power_plant_km,2.5107,Classified as Industrial (100% confidence). moderately persistent (persistence score 65/100). Intensity score 25/100. Overall risk: 60/100.,0.0,0.0,1.0,0.0,0.0,0.0,0.0,0.45,0.63,N21,VIIRS,n,2.0NRT,N,50.0,30.0,,,,0,medium
15.1653,76.37858,Karnataka,1517_7638,2026-09-01,1949.0,Industrial,1.0,Industrial,59.1,High,0.752,1.61,298.37,279.99,298.37,279.99,0.86,0.692,4.868,379.34,298.988,111.347,Grassland,30.0,2657.19140625,0.7521694708713587,1.0,0.5040871731124112,0.12571859152171241,1.0,54.0,dist_power_plant_km,2.6427,Classified as Industrial (100% confidence). moderately persistent (persistence score 66/100). Intensity score 21/100. Overall risk: 59/100.,0.0,0.0,1.0,0.0,0.0,0.0,0.0,0.45,0.63,N21,VIIRS,n,2.0NRT,N,50.0,30.0,,,,0,medium
15.1733,76.65583,Karnataka,1517_7666,2026-08-25,2017.0,Industrial,1.0,Industrial,50.9,High,0.753,2.56,308.24,290.83,308.24,290.83,1.736,1.619,2.541,385.037,295.762,83.841,Built-up,50.0,1455.6243896484375,0.7413915852262982,9.106079138855144e-07,0.5059422202167116,0.44917242889876374,1.0,52.0,dist_power_plant_km,2.0585,Classified as Industrial (100% confidence). moderately persistent (persistence score 45/100). Intensity score 28/100. Overall risk: 51/100.,0.0,0.0,1.0,0.0,0.0,0.0,0.0,0.43,0.38,N21,VIIRS,n,2.0NRT,N,50.0,50.0,,,,0,medium
15.17225,76.6562,Karnataka,1517_7666,2026-08-26,2000.0,Industrial,1.0,Industrial,59.5,High,0.749,1.92,303.66,286.09,303.66,286.09,1.77,1.693,2.438,384.93,295.642,83.86,Built-up,50.0,1455.6243896484375,0.7450530918139344,0.9771599684342459,0.49782599409232264,0.13820368107455802,1.0,52.0,dist_power_plant_km,2.1135,Classified as Industrial (100% confidence). moderately persistent (persistence score 65/100). Intensity score 23/100. Overall risk: 60/100.,0.0,0.0,1.0,0.0,0.0,0.0,0.0,0.52,0.5,N21,VIIRS,n,2.0NRT,N,50.0,50.0,,,,0,medium
15.17146,76.66541,Karnataka,1517_7667,2026-08-30,2025.0,Mining/Extraction,1.0,Mining/Extraction,43.6,Medium,0.749,1.63,309.81,289.07,309.81,289.07,1.226,1.517,1.677,385.043,295.47,83.029,Built-up,50.0,1542.5703125,0.7413915852262982,8.11259423209053e-07,0.49777501468673785,0.39010498493403023,1.0,52.0,dist_quarry_km,4.1292,Classified as Mining/Extraction (100% confidence). moderately persistent (persistence score 44/100). Intensity score 21/100. Overall risk: 44/100.,0.0,0.0,0.0,1.0,0.0,0.0,0.0,0.39,0.36,N21,VIIRS,n,2.0NRT,N,50.0,50.0,,,,0,medium
15.16705,76.67205,Karnataka,1517_7667,2026-08-30,2025.0,Mining/Extraction,1.0,Mining/Extraction,52.2,High,0.747,1.27,308.78,288.57,308.78,288.57,1.113,2.156,0.917,384.708,294.922,82.637,Built-up,50.0,1542.5703125,0.7450530918139344,1.0,0.49331902510445674,0.13363810917398747,1.0,52.0,dist_quarry_km,4.5487,Classified as Mining/Extraction (100% confidence). moderately persistent (persistence score 65/100). Intensity score 18/100. Overall risk: 52/100.,0.0,0.0,0.0,1.0,0.0,0.0,0.0,0.39,0.36,N21,VIIRS,n,2.0NRT,N,50.0,50.0,,,,0,medium
15.17156,76.69174,Karnataka,1517_7669,2026-08-25,2017.0,Other/Unknown,0.9997,Other/Unknown,25.1,Medium,0.36,2.76,316.27,291.73,316.27,291.73,2.483,3.27,2.21,385.637,295.256,80.545,Shrubland,20.0,2429.0712890625,0.7413915852262982,9.106079138855144e-07,0.5201490823793379,0.28782281432804013,1.0,53.0,dist_industrial_zone_km,0.5857,Classified as Other/Unknown (100% confidence). moderately persistent (persistence score 43/100). Intensity score 29/100. Overall risk: 25/100.,0.0,0.0,0.0003,0.0,0.9997,0.0,0.0,0.42,0.38,N21,VIIRS,n,2.0NRT,N,50.0,20.0,,,,0,n/a
15.17265,76.69075,Karnataka,1517_7669,2026-08-26,2000.0,Other/Unknown,0.9997,Other/Unknown,29.3,Medium,0.351,1.27,305.8,287.56,305.8,287.56,2.506,3.12,2.256,385.733,295.385,80.579,Shrubland,20.0,2429.0712890625,0.7450530918139344,0.9771599684342459,0.5011397039084936,0.2296545578107288,1.0,53.0,dist_industrial_zone_km,0.6206,Classified as Other/Unknown (100% confidence). moderately persistent (persistence score 66/100). Intensity score 18/100. Overall risk: 29/100.,0.0,0.0,0.0003,0.0,0.9997,0.0,0.0,0.52,0.5,N21,VIIRS,n,2.0NRT,N,50.0,20.0,,,,0,n/a
15.17424,76.69155,Karnataka,1517_7669,2026-08-30,2025.0,Other/Unknown,0.9996,Other/Unknown,29.7,Medium,0.354,1.86,320.05,286.43,320.05,286.43,2.52,3.125,2.452,385.924,295.555,80.418,Shrubland,20.0,2429.0712890625,0.7486448511604031,0.9117224885582168,0.5084919718048173,0.22792717698367507,1.0,53.0,dist_industrial_zone_km,0.6167,Classified as Other/Unknown (100% confidence). moderately persistent (persistence score 65/100). Intensity score 23/100. Overall risk: 30/100.,0.0,0.0,0.0004,0.0,0.9996,0.0,0.0,0.39,0.36,N21,VIIRS,n,2.0NRT,N,50.0,20.0,,,,0,n/a
15.17321,76.78666,Karnataka,1517_7679,2026-08-30,2025.0,Industrial,1.0,Industrial,45.7,Medium,0.742,0.98,303.84,287.31,303.84,287.31,0.245,7.49,4.482,388.082,293.027,71.72,Grassland,30.0,1131.8157958984375,0.7413915852262982,8.11259423209053e-07,0.48316886172089496,0.29804808387170023,1.0,51.0,dist_industrial_zone_km,4.152,Classified as Industrial (100% confidence). moderately persistent (persistence score 42/100). Intensity score 15/100. Overall risk: 46/100.,0.0,0.0,1.0,0.0,0.0,0.0,0.0,0.39,0.36,N21,VIIRS,n,2.0NRT,N,50.0,30.0,,,,0,medium
15.17445,77.10182,Karnataka,1517_7710,2026-08-25,2017.0,Industrial,1.0,Industrial,24.7,Low,0.75,1.05,308.87,292.14,308.87,292.14,0.908,2.496,24.468,397.549,284.416,46.959,,,,0.0,0.0,,,0.5,1.0,dist_industrial_zone_km,4.2213,Classified as Industrial (100% confidence). low persistence / first-seen (persistence score 0/100). Intensity score 16/100. Overall risk: 25/100.,0.0,0.0,1.0,0.0,0.0,0.0,0.0,0.41,0.37,N21,VIIRS,n,2.0NRT,N,50.0,,,,,0,medium
15.16886,80.03398,AndhraPradesh,1517_8003,2026-09-01,714.0,Wildfire,0.9998,Wildfire,30.6,Medium,0.389,9.24,337.89,290.91,337.89,290.91,15.289,47.418,52.214,271.832,36.222,91.096,Tree cover,10.0,350.6503295898437,0.337857147626047,4.085991455967076e-09,0.5774221651440492,0.3560659522407956,1.0,6.0,landcover_code,3.4354,Classified as Wildfire (100% confidence). moderately persistent (persistence score 32/100). Intensity score 50/100. Overall risk: 31/100.,0.0,0.0,0.0,0.0,0.0002,0.0,0.9998,0.43,0.62,N21,VIIRS,n,2.0NRT,D,50.0,10.0,,,,0,n/a
15.18324,76.64272,Karnataka,1518_7664,2026-08-26,2000.0,Other/Unknown,0.9999,Other/Unknown,24.7,Low,0.349,2.15,309.38,285.39,309.38,285.39,2.868,2.366,4.33,385.842,296.99,84.587,Bare / sparse vegetation,60.0,1739.3839111328125,0.7413915852262982,8.898096003883441e-07,0.4981000091452804,0.35366097788448997,1.0,51.0,landcover_code,0.5353,Classified as Other/Unknown (100% confidence). moderately persistent (persistence score 44/100). Intensity score 25/100. Overall risk: 25/100.,0.0,0.0,1e-04,0.0,0.9999,0.0,0.0,0.53,0.5,N21,VIIRS,n,2.0NRT,N,50.0,60.0,,,,0,n/a
15.17734,76.65241,Karnataka,1518_7665,2026-08-25,2017.0,Industrial,1.0,Industrial,51.6,High,0.757,3.24,311.91,290.79,311.91,290.79,1.89,1.574,3.11,385.404,296.242,83.958,Built-up,50.0,2929.0458984375,0.7413915852262982,9.106079138855144e-07,0.5131394741131163,0.3770039922432218,1.0,54.0,dist_power_plant_km,2.0833,Classified as Industrial (100% confidence). moderately persistent (persistence score 44/100). Intensity score 31/100. Overall risk: 52/100.,0.0,0.0,1.0,0.0,0.0,0.0,0.0,0.43,0.38,N21,VIIRS,n,2.0NRT,N,50.0,50.0,,,,0,medium
15.17745,76.65191,Karnataka,1518_7665,2026-08-26,2000.0,Industrial,1.0,Industrial,59.4,High,0.748,1.92,305.61,286.41,305.61,286.41,1.938,1.613,3.159,385.405,296.259,84.0,Built-up,50.0,2929.0458984375,0.7450530918139344,0.9771599684342459,0.4963848669193459,0.12756285403689244,1.0,54.0,dist_power_plant_km,2.2264,Classified as Industrial (100% confidence). moderately persistent (persistence score 65/100). Intensity score 23/100. Overall risk: 59/100.,0.0,0.0,1.0,0.0,0.0,0.0,0.0,0.52,0.5,N21,VIIRS,n,2.0NRT,N,50.0,50.0,,,,0,medium
15.17762,76.65395,Karnataka,1518_7665,2026-09-01,1949.0,Industrial,1.0,Industrial,56.9,High,0.745,1.44,304.08,279.58,304.08,279.58,1.722,1.42,3.008,385.467,296.258,83.797,Built-up,50.0,2929.0458984375,0.7486448511604031,0.8705505632961241,0.49045548648806575,0.1266446835917836,1.0,54.0,dist_power_plant_km,2.1714,Classified as Industrial (100% confidence). moderately persistent (persistence score 62/100). Intensity score 19/100. Overall risk: 57/100.,0.0,0.0,1.0,0.0,0.0,0.0,0.0,0.43,0.62,N21,VIIRS,n,2.0NRT,N,50.0,50.0,,,,0,medium
15.17698,76.65329,Karnataka,1518_7665,2026-09-14,2044.0,Industrial,1.0,Industrial,60.5,High,0.762,4.12,324.03,295.94,324.03,295.94,1.81,1.519,3.013,385.383,296.194,83.893,Built-up,50.0,2929.0458984375,0.7521694708713587,0.7405487761432822,0.5241157079398042,0.12664629551134252,1.0,54.0,dist_power_plant_km,2.1275,Classified as Industrial (100% confidence). moderately persistent (persistence score 60/100). Intensity score 35/100. Overall risk: 60/100.,0.0,0.0,1.0,0.0,0.0,0.0,0.0,0.51,0.41,N21,VIIRS,n,2.0NRT,N,50.0,50.0,,,,0,medium
15.17676,76.65635,Karnataka,1518_7666,2026-08-25,2017.0,Industrial,1.0,Industrial,50.3,High,0.75,2.56,320.65,291.17,320.65,291.17,1.508,1.288,2.757,385.425,296.141,83.613,Built-up,50.0,1918.313720703125,0.7413915852262982,9.106079138855144e-07,0.4999050000011432,0.38215262443264597,1.0,65.0,dist_power_plant_km,2.1534,Classified as Industrial (100% confidence). moderately persistent (persistence score 44/100). Intensity score 28/100. Overall risk: 50/100.,0.0,0.0,1.0,0.0,0.0,0.0,0.0,0.43,0.38,N21,VIIRS,n,2.0NRT,N,50.0,50.0,,,,0,medium
15.17685,76.65675,Karnataka,1518_7666,2026-08-26,2000.0,Industrial,1.0,Industrial,59.3,High,0.746,1.92,314.98,287.7,314.98,287.7,1.465,1.251,2.734,385.443,296.147,83.57,Built-up,50.0,1918.313720703125,0.7450530918139344,0.9771599684342459,0.4919075694595025,0.12701552111123715,1.0,65.0,dist_power_plant_km,2.2149,Classified as Industrial (100% confidence). moderately persistent (persistence score 65/100). Intensity score 23/100. Overall risk: 59/100.,0.0,0.0,1.0,0.0,0.0,0.0,0.0,0.52,0.5,N21,VIIRS,n,2.0NRT,N,50.0,50.0,,,,0,medium
15.17625,76.66158,Karnataka,1518_7666,2026-08-26,2000.0,Industrial,1.0,Industrial,60.2,High,0.748,2.16,302.46,286.37,302.46,286.37,1.041,1.038,2.35,385.482,296.035,83.142,Built-up,50.0,1918.313720703125,0.7486448511604031,1.0,0.4950626604882061,0.12610179019758327,1.0,65.0,dist_power_plant_km,2.5032,Classified as Industrial (100% confidence). moderately persistent (persistence score 65/100). Intensity score 25/100. Overall risk: 60/100.,0.0,0.0,1.0,0.0,0.0,0.0,0.0,0.52,0.5,N21,VIIRS,n,2.0NRT,N,50.0,50.0,,,,0,medium
15.17641,76.65518,Karnataka,1518_7666,2026-08-30,2025.0,Industrial,1.0,Industrial,61.2,High,0.754,3.2,321.08,291.05,321.08,291.05,1.639,1.404,2.82,385.362,296.113,83.742,Built-up,50.0,1918.313720703125,0.7521694708713587,0.9117224885582168,0.5081549371582089,0.1250344286351895,1.0,65.0,dist_power_plant_km,2.1436,Classified as Industrial (100% confidence). moderately persistent (persistence score 64/100). Intensity score 31/100. Overall risk: 61/100.,0.0,0.0,1.0,0.0,0.0,0.0,0.0,0.39,0.36,N21,VIIRS,n,2.0NRT,N,50.0,50.0,,,,0,medium
15.17587,76.65878,Karnataka,1518_7666,2026-08-30,2025.0,Industrial,1.0,Industrial,62.0,High,0.753,3.02,330.77,289.41,330.77,289.41,1.316,1.205,2.506,385.38,296.019,83.428,Built-up,50.0,1918.313720703125,0.7556294149979565,1.0,0.5057543755511638,0.12470714169062394,1.0,65.0,dist_power_plant_km,2.351,Classified as Industrial (100% confidence). moderately persistent (persistence score 66/100). Intensity score 30/100. Overall risk: 62/100.,0.0,0.0,1.0,0.0,0.0,0.0,0.0,0.39,0.36,N21,VIIRS,n,2.0NRT,N,50.0,50.0,,,,0,medium
15.17719,76.65791,Karnataka,1518_7666,2026-09-01,1949.0,Industrial,1.0,Industrial,58.0,High,0.743,1.44,300.23,278.41,300.23,278.41,1.335,1.14,2.677,385.505,296.174,83.442,Built-up,50.0,1918.313720703125,0.7590270143845762,0.9548416039104165,0.4859037364394581,0.12368907901692572,1.0,65.0,dist_power_plant_km,2.4421,Classified as Industrial (100% confidence). moderately persistent (persistence score 64/100). Intensity score 19/100. Overall risk: 58/100.,0.0,0.0,1.0,0.0,0.0,0.0,0.0,0.43,0.62,N21,VIIRS,n,2.0NRT,N,50.0,50.0,,,,0,medium
15.17502,76.65514,Karnataka,1518_7666,2026-09-05,2012.0,Industrial,1.0,Industrial,62.7,High,0.759,4.05,324.56,293.97,324.56,293.97,1.706,1.518,2.72,385.209,295.959,83.818,Built-up,50.0,1918.313720703125,0.7623644761006665,0.9117224885582168,0.51876796390696,0.1230478411387459,1.0,65.0,dist_power_plant_km,2.1182,Classified as Industrial (100% confidence). moderately persistent (persistence score 64/100). Intensity score 35/100. Overall risk: 63/100.,0.0,0.0,1.0,0.0,0.0,0.0,0.0,0.5,0.41,N21,VIIRS,n,2.0NRT,N,50.0,50.0,,,,0,medium
15.17728,76.65664,Karnataka,1518_7666,2026-09-08,2055.0,Industrial,1.0,Industrial,65.8,High,0.773,6.33,327.82,290.89,327.82,290.89,1.459,1.225,2.777,385.488,296.195,83.559,Built-up,50.0,1918.313720703125,0.7656438920523007,0.9330329915368074,0.5468098870924343,0.12277296491843895,1.0,65.0,dist_power_plant_km,2.1933,Classified as Industrial (100% confidence). moderately persistent (persistence score 66/100). Intensity score 43/100. Overall risk: 66/100.,0.0,0.0,1.0,0.0,0.0,0.0,0.0,0.53,0.5,N21,VIIRS,n,2.0NRT,N,50.0,50.0,,,,0,medium
15.1767,76.65572,Karnataka,1518_7666,2026-09-10,2017.0,Industrial,1.0,Industrial,63.5,High,0.76,4.18,325.35,283.32,325.35,283.32,1.574,1.34,2.8,385.405,296.14,83.676,Built-up,50.0,1918.313720703125,0.7688672468575888,0.9548416039104165,0.5192534064051142,0.12233918686663313,1.0,65.0,dist_power_plant_km,2.2311,Classified as Industrial (100% confidence). moderately persistent (persistence score 66/100). Intensity score 36/100. Overall risk: 64/100.,0.0,0.0,1.0,0.0,0.0,0.0,0.0,0.42,0.38,N21,VIIRS,n,2.0NRT,N,50.0,50.0,,,,0,medium
15.17591,76.65572,Karnataka,1518_7666,2026-09-13,2101.0,Industrial,1.0,Industrial,62.9,High,0.758,3.94,325.58,292.55,325.58,292.55,1.607,1.403,2.739,385.319,296.052,83.717,Built-up,50.0,1918.313720703125,0.7720364250601922,0.9330329915368074,0.5159310463631558,0.1217496533226787,1.0,65.0,dist_power_plant_km,2.1519,Classified as Industrial (100% confidence). moderately persistent (persistence score 65/100). Intensity score 35/100. Overall risk: 63/100.,0.0,0.0,1.0,0.0,0.0,0.0,0.0,0.34,0.56,N21,VIIRS,n,2.0NRT,N,50.0,50.0,,,,0,medium
15.17755,76.65643,Karnataka,1518_7666,2026-09-14,811.0,Industrial,1.0,Industrial,69.4,High,0.793,9.66,349.76,314.61,349.76,314.61,1.47,1.22,2.814,385.513,296.227,83.565,Built-up,50.0,1918.313720703125,0.7751532177465966,0.9771599684342459,0.5862982543088352,0.12134683574199039,1.0,65.0,dist_power_plant_km,2.2449,Classified as Industrial (100% confidence). moderately persistent (persistence score 68/100). Intensity score 51/100. Overall risk: 69/100.,0.0,0.0,1.0,0.0,0.0,0.0,0.0,0.39,0.36,N21,VIIRS,n,2.0NRT,D,50.0,50.0,,,,0,medium
15.17615,76.65793,Karnataka,1518_7666,2026-09-14,2044.0,Industrial,1.0,Industrial,67.2,High,0.775,6.8,326.75,296.03,326.75,296.03,1.382,1.23,2.59,385.392,296.058,83.494,Built-up,50.0,1918.313720703125,0.7782193286253187,1.0,0.5498258820017531,0.12062082175539397,1.0,65.0,dist_power_plant_km,2.2075,Classified as Industrial (100% confidence). moderately persistent (persistence score 68/100). Intensity score 45/100. Overall risk: 67/100.,0.0,0.0,1.0,0.0,0.0,0.0,0.0,0.51,0.41,N21,VIIRS,n,2.0NRT,N,50.0,50.0,,,,0,medium
15.17899,76.6563,Karnataka,1518_7666,2026-09-14,2044.0,Industrial,1.0,Industrial,64.0,High,0.757,4.03,321.44,294.68,321.44,294.68,1.44,1.127,2.942,385.667,296.388,83.503,Built-up,50.0,1918.313720703125,0.781236379619714,1.0,0.5145563693539118,0.11974503677478665,1.0,65.0,dist_power_plant_km,2.297,Classified as Industrial (100% confidence). moderately persistent (persistence score 67/100). Intensity score 35/100. Overall risk: 64/100.,0.0,0.0,1.0,0.0,0.0,0.0,0.0,0.51,0.41,N21,VIIRS,n,2.0NRT,N,50.0,50.0,,,,0,medium
15.17526,76.65558,Karnataka,1518_7666,2026-09-14,2044.0,Industrial,1.0,Industrial,64.8,High,0.76,4.55,326.41,296.71,326.41,296.71,1.652,1.466,2.702,385.245,295.982,83.763,Built-up,50.0,1918.313720703125,0.7842059160203474,1.0,0.5208173239988294,0.11888888977707411,1.0,65.0,dist_power_plant_km,2.1547,Classified as Industrial (100% confidence). moderately persistent (persistence score 67/100). Intensity score 37/100. Overall risk: 65/100.,0.0,0.0,1.0,0.0,0.0,0.0,0.0,0.51,0.41,N21,VIIRS,n,2.0NRT,N,50.0,50.0,,,,0,medium
15.17772,76.65731,Karnataka,1518_7666,2026-09-15,752.0,Industrial,1.0,Industrial,65.2,High,0.764,5.12,340.88,301.0,340.88,301.0,1.374,1.139,2.764,385.55,296.238,83.472,Built-up,50.0,1918.313720703125,0.7871294112379059,0.9771599684342459,0.527600819614905,0.1180516450612271,1.0,65.0,dist_power_plant_km,2.2582,Classified as Industrial (100% confidence). moderately persistent (persistence score 67/100). Intensity score 39/100. Overall risk: 65/100.,0.0,0.0,1.0,0.0,0.0,0.0,0.0,0.51,0.41,N21,VIIRS,n,2.0NRT,D,50.0,50.0,,,,0,medium
15.18196,76.66917,Karnataka,1518_7667,2026-08-25,2017.0,Industrial,1.0,Industrial,49.9,Medium,0.751,2.35,306.06,287.83,306.06,287.83,0.032,0.594,2.601,386.268,296.185,82.126,Bare / sparse vegetation,60.0,1827.80029296875,0.7413915852262982,9.106079138855144e-07,0.5012774972201566,0.3774518674103552,1.0,64.0,dist_industrial_zone_km,2.4832,Classified as Industrial (100% confidence). moderately persistent (persistence score 44/100). Intensity score 26/100. Overall risk: 50/100.,0.0,0.0,1.0,0.0,0.0,0.0,0.0,0.43,0.38,N21,VIIRS,n,2.0NRT,N,50.0,60.0,,,,0,medium
15.18253,76.66524,Karnataka,1518_7667,2026-08-25,2017.0,Industrial,1.0,Industrial,60.6,High,0.751,2.35,319.43,286.59,319.43,286.59,0.455,0.29,2.783,386.245,296.27,82.47,Bare / sparse vegetation,60.0,1827.80029296875,0.7450530918139344,1.0,0.5012524483608835,0.13083198015728154,1.0,64.0,dist_power_plant_km,2.2702,Classified as Industrial (100% confidence). moderately persistent (persistence score 66/100). Intensity score 26/100. Overall risk: 61/100.,0.0,0.0,1.0,0.0,0.0,0.0,0.0,0.43,0.38,N21,VIIRS,n,2.0NRT,N,50.0,60.0,,,,0,medium
15.18025,76.66698,Karnataka,1518_7667,2026-08-26,2000.0,Industrial,1.0,Industrial,59.9,High,0.749,2.13,302.76,287.54,302.76,287.54,0.311,0.591,2.481,386.035,296.43,82.422,Bare / sparse vegetation,60.0,1827.80029296875,0.7486448511604031,0.9771599684342459,0.49847837008213136,0.12970716191613998,1.0,64.0,dist_power_plant_km,2.3211,Classified as Industrial (100% confidence). moderately persistent (persistence score 65/100). Intensity score 25/100. Overall risk: 60/100.,0.0,0.0,1.0,0.0,0.0,0.0,0.0,0.52,0.5,N21,VIIRS,n,2.0NRT,N,50.0,60.0,,,,0,medium
15.17965,76.67181,Karnataka,1518_7667,2026-08-26,2000.0,Industrial,1.0,Industrial,63.0,High,0.758,3.57,304.26,288.23,304.26,288.23,0.351,0.975,2.3,386.075,296.32,81.995,Bare / sparse vegetation,60.0,1827.80029296875,0.7521694708713587,1.0,0.5165010808766769,0.12879106185088124,1.0,64.0,dist_power_plant_km,2.308,Classified as Industrial (100% confidence). moderately persistent (persistence score 66/100). Intensity score 33/100. Overall risk: 63/100.,0.0,0.0,1.0,0.0,0.0,0.0,0.0,0.52,0.5,N21,VIIRS,n,2.0NRT,N,50.0,60.0,,,,0,medium
15.18088,76.66781,Karnataka,1518_7667,2026-08-30,752.0,Industrial,1.0,Industrial,61.3,High,0.756,3.18,333.34,289.95,333.34,289.95,0.199,0.575,2.521,386.121,296.348,82.311,Bare / sparse vegetation,60.0,1827.80029296875,0.7556294149979565,0.9117224885582168,0.511324451913914,0.1277233836834231,1.0,64.0,dist_power_plant_km,2.4348,Classified as Industrial (100% confidence). moderately persistent (persistence score 64/100). Intensity score 31/100. Overall risk: 61/100.,0.0,0.0,1.0,0.0,0.0,0.0,0.0,0.52,0.41,N21,VIIRS,n,2.0NRT,D,50.0,60.0,,,,0,medium
15.18139,76.66699,Karnataka,1518_7667,2026-08-30,2025.0,Industrial,1.0,Industrial,66.6,High,0.776,6.39,331.56,290.21,331.56,290.21,0.263,0.48,2.601,386.159,296.325,82.362,Bare / sparse vegetation,60.0,1827.80029296875,0.7590270143845762,1.0,0.5510667712717935,0.12738532469608657,1.0,64.0,dist_power_plant_km,2.2146,Classified as Industrial (100% confidence). moderately persistent (persistence score 67/100). Intensity score 43/100. Overall risk: 67/100.,0.0,0.0,1.0,0.0,0.0,0.0,0.0,0.39,0.36,N21,VIIRS,n,2.0NRT,N,50.0,60.0,,,,0,medium
15.1803,76.67416,Karnataka,1518_7667,2026-08-30,2025.0,Industrial,1.0,Industrial,60.6,High,0.749,2.21,315.15,287.12,315.15,287.12,0.536,1.148,2.356,386.197,296.175,81.738,Bare / sparse vegetation,60.0,1827.80029296875,0.7623644761006665,1.0,0.4980803665747202,0.12636612279920065,1.0,64.0,dist_power_plant_km,2.3486,Classified as Industrial (100% confidence). moderately persistent (persistence score 66/100). Intensity score 25/100. Overall risk: 61/100.,0.0,0.0,1.0,0.0,0.0,0.0,0.0,0.39,0.36,N21,VIIRS,n,2.0NRT,N,50.0,60.0,,,,0,medium
15.17808,76.66647,Karnataka,1518_7667,2026-08-30,2025.0,Industrial,1.0,Industrial,56.2,High,0.739,0.67,304.26,289.01,304.26,289.01,0.519,0.802,2.274,385.787,296.194,82.583,Bare / sparse vegetation,60.0,1827.80029296875,0.7656438920523007,1.0,0.4788766154940628,0.12537213374227243,1.0,64.0,dist_power_plant_km,2.3481,Classified as Industrial (100% confidence). moderately persistent (persistence score 66/100). Intensity score 11/100. Overall risk: 56/100.,0.0,0.0,1.0,0.0,0.0,0.0,0.0,0.39,0.36,N21,VIIRS,n,2.0NRT,N,50.0,60.0,,,,0,medium
15.17698,76.67363,Karnataka,1518_7667,2026-08-30,2025.0,Mining/Extraction,0.5396,Mining/Extraction,44.7,Medium,0.514,1.48,305.17,286.87,305.17,286.87,0.701,1.317,1.988,385.824,296.008,81.962,Bare / sparse vegetation,60.0,1827.80029296875,0.7688672468575888,1.0,0.4893550570196615,0.12440231599490192,1.0,64.0,dist_quarry_km,2.1185,Classified as Mining/Extraction (54% confidence). moderately persistent (persistence score 66/100). Intensity score 20/100. Overall risk: 45/100.,0.0,0.0,0.4604,0.5396,0.0,0.0,0.0,0.39,0.36,N21,VIIRS,n,2.0NRT,N,50.0,60.0,,,,0,medium
15.182,76.66639,Karnataka,1518_7667,2026-09-01,1949.0,Industrial,1.0,Industrial,59.9,High,0.749,2.1,302.72,275.51,302.72,275.51,0.324,0.389,2.686,386.212,296.283,82.388,Bare / sparse vegetation,60.0,1827.80029296875,0.7720364250601922,0.9548416039104165,0.49728392502110047,0.12345568789550494,1.0,64.0,dist_power_plant_km,2.4041,Classified as Industrial (100% confidence). moderately persistent (persistence score 65/100). Intensity score 25/100. Overall risk: 60/100.,0.0,0.0,1.0,0.0,0.0,0.0,0.0,0.43,0.62,N21,VIIRS,n,2.0NRT,N,50.0,60.0,,,,0,medium
15.18124,76.66544,Karnataka,1518_7667,2026-09-05,2012.0,Industrial,1.0,Industrial,64.5,High,0.768,5.22,330.93,293.11,330.93,293.11,0.43,0.435,2.641,386.109,296.397,82.518,Bare / sparse vegetation,60.0,1827.80029296875,0.7751532177465966,0.9117224885582168,0.5362653713294171,0.12287061689105708,1.0,64.0,dist_power_plant_km,2.2183,Classified as Industrial (100% confidence). moderately persistent (persistence score 65/100). Intensity score 40/100. Overall risk: 64/100.,0.0,0.0,1.0,0.0,0.0,0.0,0.0,0.5,0.41,N21,VIIRS,n,2.0NRT,N,50.0,60.0,,,,0,medium
15.18192,76.66852,Karnataka,1518_7667,2026-09-10,2017.0,Industrial,1.0,Industrial,57.0,High,0.743,1.24,316.12,284.73,316.12,284.73,0.096,0.541,2.613,386.25,296.213,82.19,Bare / sparse vegetation,60.0,1827.80029296875,0.7782193286253187,0.8908987181403393,0.4859872769378341,0.12263762045452037,1.0,64.0,dist_power_plant_km,2.4887,Classified as Industrial (100% confidence). moderately persistent (persistence score 63/100). Intensity score 17/100. Overall risk: 57/100.,0.0,0.0,1.0,0.0,0.0,0.0,0.0,0.42,0.38,N21,VIIRS,n,2.0NRT,N,50.0,60.0,,,,0,medium
15.18113,76.66634,Karnataka,1518_7667,2026-09-14,2044.0,Industrial,1.0,Industrial,67.0,High,0.783,7.59,332.86,295.54,332.86,295.54,0.337,0.474,2.596,386.116,296.376,82.438,Bare / sparse vegetation,60.0,1827.80029296875,0.781236379619714,0.9117224885582168,0.5652111112887602,0.12258147205124154,1.0,64.0,dist_power_plant_km,2.1462,Classified as Industrial (100% confidence). moderately persistent (persistence score 66/100). Intensity score 47/100. Overall risk: 67/100.,0.0,0.0,1.0,0.0,0.0,0.0,0.0,0.51,0.41,N21,VIIRS,n,2.0NRT,N,50.0,60.0,,,,0,medium
15.18195,76.66869,Karnataka,1518_7667,2026-09-14,2044.0,Industrial,1.0,Industrial,64.4,High,0.761,4.18,330.44,295.83,330.44,295.83,0.079,0.553,2.612,386.257,296.203,82.172,Bare / sparse vegetation,60.0,1827.80029296875,0.7842059160203474,1.0,0.5219046211549963,0.12236867800228425,1.0,64.0,dist_power_plant_km,2.4001,Classified as Industrial (100% confidence). moderately persistent (persistence score 67/100). Intensity score 36/100. Overall risk: 64/100.,0.0,0.0,1.0,0.0,0.0,0.0,0.0,0.51,0.41,N21,VIIRS,n,2.0NRT,N,50.0,60.0,,,,0,medium
15.17567,76.67754,Karnataka,1518_7668,2026-08-28,830.0,Mining/Extraction,1.0,Mining/Extraction,48.2,Medium,0.765,4.38,337.31,294.89,337.31,294.89,1.107,1.732,1.871,385.767,295.829,81.661,Bare / sparse vegetation,60.0,1920.042236328125,0.7413915852262982,8.302217133485085e-07,0.5291195104789482,0.4028703804393001,1.0,55.0,dist_quarry_km,4.0472,Classified as Mining/Extraction (100% confidence). moderately persistent (persistence score 45/100). Intensity score 36/100. Overall risk: 48/100.,0.0,0.0,0.0,1.0,0.0,0.0,0.0,0.4,0.45,N21,VIIRS,n,2.0NRT,D,50.0,60.0,,,,0,medium
15.17644,76.67721,Karnataka,1518_7668,2026-08-30,2025.0,Mining/Extraction,1.0,Mining/Extraction,52.2,High,0.746,1.48,323.12,289.4,323.12,289.4,1.027,1.652,1.95,385.844,295.918,81.652,Bare / sparse vegetation,60.0,1920.042236328125,0.7450530918139344,0.9548416039104165,0.4923314837122936,0.13419171198940252,1.0,55.0,dist_quarry_km,4.1738,Classified as Mining/Extraction (100% confidence). moderately persistent (persistence score 64/100). Intensity score 20/100. Overall risk: 52/100.,0.0,0.0,0.0,1.0,0.0,0.0,0.0,0.39,0.36,N21,VIIRS,n,2.0NRT,N,50.0,60.0,,,,0,medium
15.17831,76.67618,Karnataka,1518_7668,2026-09-09,2038.0,Industrial,1.0,Industrial,57.9,High,0.751,2.21,321.15,290.42,321.15,290.42,0.823,1.445,2.143,386.025,296.134,81.651,Bare / sparse vegetation,60.0,1920.042236328125,0.7486448511604031,0.7937005259840998,0.5016033598887706,0.13339639894871108,1.0,55.0,dist_power_plant_km,2.1162,Classified as Industrial (100% confidence). moderately persistent (persistence score 61/100). Intensity score 25/100. Overall risk: 58/100.,0.0,0.0,1.0,0.0,0.0,0.0,0.0,0.43,0.38,N21,VIIRS,n,2.0NRT,N,50.0,60.0,,,,0,medium
15.17677,76.67976,Karnataka,1518_7668,2026-09-10,2017.0,Industrial,1.0,Industrial,58.4,High,0.746,1.45,323.76,286.41,323.76,286.41,1.243,1.863,2.046,385.936,295.932,81.393,Bare / sparse vegetation,60.0,1920.042236328125,0.7521694708713587,0.9771599684342459,0.4920737772610072,0.13402145053099185,1.0,55.0,dist_power_plant_km,2.1093,Classified as Industrial (100% confidence). moderately persistent (persistence score 65/100). Intensity score 19/100. Overall risk: 58/100.,0.0,0.0,1.0,0.0,0.0,0.0,0.0,0.42,0.38,N21,VIIRS,n,2.0NRT,N,50.0,60.0,,,,0,medium
15.17658,76.67728,Karnataka,1518_7668,2026-09-14,2044.0,Mining/Extraction,1.0,Mining/Extraction,55.4,High,0.758,3.29,327.99,296.11,327.99,296.11,1.024,1.65,1.966,385.861,295.932,81.638,Bare / sparse vegetation,60.0,1920.042236328125,0.7556294149979565,0.9117224885582168,0.5152152083166354,0.13308934391642321,1.0,55.0,dist_quarry_km,4.1485,Classified as Mining/Extraction (100% confidence). moderately persistent (persistence score 64/100). Intensity score 32/100. Overall risk: 55/100.,0.0,0.0,0.0,1.0,0.0,0.0,0.0,0.51,0.41,N21,VIIRS,n,2.0NRT,N,50.0,60.0,,,,0,medium
15.17503,76.69223,Karnataka,1518_7669,2026-08-25,2017.0,Other/Unknown,0.9997,Other/Unknown,16.2,Low,0.35,2.07,311.77,290.27,311.77,290.27,2.562,3.16,2.564,386.025,295.637,80.312,Bare / sparse vegetation,60.0,2297.953125,0.20715616162265582,2.1737158025699084e-07,,,0.5,3.0,landcover_code,0.7341,Classified as Other/Unknown (100% confidence). low persistence / first-seen (persistence score 10/100). Intensity score 24/100. Overall risk: 16/100.,1e-04,0.0,1e-04,0.0,0.9997,0.0,0.0,0.42,0.38,N21,VIIRS,n,2.0NRT,N,50.0,60.0,,,,0,n/a
15.17786,77.10236,Karnataka,1518_7710,2026-08-25,2017.0,Industrial,1.0,Industrial,47.0,Medium,0.75,1.05,309.04,292.29,309.04,292.29,0.532,2.75,24.592,397.928,284.033,46.613,Tree cover,10.0,1284.7562255859375,0.7413915852262982,9.106079138855144e-07,0.49917750074190104,0.41253043082977003,1.0,56.0,dist_industrial_zone_km,4.2647,Classified as Industrial (100% confidence). moderately persistent (persistence score 45/100). Intensity score 16/100. Overall risk: 47/100.,0.0,0.0,1.0,0.0,0.0,0.0,0.0,0.41,0.37,N21,VIIRS,n,2.0NRT,N,50.0,10.0,,,,0,medium
15.17911,77.10237,Karnataka,1518_7710,2026-08-26,2000.0,Industrial,1.0,Industrial,58.4,High,0.752,1.45,305.35,288.52,305.35,288.52,0.407,2.834,24.619,398.06,283.896,46.498,Tree cover,10.0,1284.7562255859375,0.7450530918139344,0.9771599684342459,0.5041935291187124,0.13192007734145497,1.0,56.0,dist_industrial_zone_km,4.4079,Classified as Industrial (100% confidence). moderately persistent (persistence score 65/100). Intensity score 19/100. Overall risk: 58/100.,0.0,0.0,1.0,0.0,0.0,0.0,0.0,0.49,0.49,N21,VIIRS,n,2.0NRT,N,50.0,10.0,,,,0,medium
15.17996,77.10442,Karnataka,1518_7710,2026-08-26,2000.0,Industrial,1.0,Industrial,59.8,High,0.755,1.88,304.53,288.03,304.53,288.03,0.256,3.066,24.853,398.219,283.761,46.296,Tree cover,10.0,1284.7562255859375,0.7486448511604031,1.0,0.5094868421000269,0.13096666935045528,1.0,56.0,dist_industrial_zone_km,4.4194,Classified as Industrial (100% confidence). moderately persistent (persistence score 66/100). Intensity score 23/100. Overall risk: 60/100.,0.0,0.0,1.0,0.0,0.0,0.0,0.0,0.49,0.49,N21,VIIRS,n,2.0NRT,N,50.0,10.0,,,,0,medium
15.1761,77.09933,Karnataka,1518_7710,2026-08-26,2000.0,Industrial,1.0,Industrial,58.6,High,0.752,1.4,304.79,288.41,304.79,288.41,0.869,2.371,24.237,397.639,284.289,46.959,Tree cover,10.0,1284.7562255859375,0.7521694708713587,1.0,0.5033089139575397,0.12986215580031438,1.0,56.0,dist_industrial_zone_km,4.2663,Classified as Industrial (100% confidence). moderately persistent (persistence score 66/100). Intensity score 19/100. Overall risk: 59/100.,0.0,0.0,1.0,0.0,0.0,0.0,0.0,0.49,0.49,N21,VIIRS,n,2.0NRT,N,50.0,10.0,,,,0,medium
15.17899,77.10476,Karnataka,1518_7710,2026-08-30,2025.0,Industrial,1.0,Industrial,55.1,High,0.747,0.66,300.35,281.93,300.35,281.93,0.366,3.032,24.869,398.128,283.859,46.364,Tree cover,10.0,1284.7562255859375,0.7556294149979565,0.9117224885582168,0.49399797350202723,0.1287864580457406,1.0,56.0,dist_industrial_zone_km,4.5325,Classified as Industrial (100% confidence). moderately persistent (persistence score 64/100). Intensity score 11/100. Overall risk: 55/100.,0.0,0.0,1.0,0.0,0.0,0.0,0.0,0.38,0.36,N21,VIIRS,n,2.0NRT,N,50.0,10.0,,,,0,medium
15.17624,77.10066,Karnataka,1518_7710,2026-08-30,2025.0,Industrial,1.0,Industrial,57.2,High,0.749,0.92,301.93,283.36,301.93,283.36,0.776,2.497,24.38,397.699,284.245,46.865,Tree cover,10.0,1284.7562255859375,0.7590270143845762,1.0,0.4973568428033459,0.1284392717117352,1.0,56.0,dist_industrial_zone_km,4.1828,Classified as Industrial (100% confidence). moderately persistent (persistence score 66/100). Intensity score 14/100. Overall risk: 57/100.,0.0,0.0,1.0,0.0,0.0,0.0,0.0,0.38,0.36,N21,VIIRS,n,2.0NRT,N,50.0,10.0,,,,0,medium
15.18715,76.6579,Karnataka,1519_7666,2026-08-25,2017.0,Industrial,1.0,Industrial,50.1,High,0.749,2.19,302.1,288.92,302.1,288.92,1.371,0.764,3.585,386.59,296.06,82.936,Tree cover,10.0,3461.414794921875,0.7413915852262982,9.106079138855144e-07,0.4977375154419074,0.44253253478739857,1.0,51.0,dist_power_plant_km,2.5183,Classified as Industrial (100% confidence). moderately persistent (persistence score 45/100). Intensity score 25/100. Overall risk: 50/100.,0.0,0.0,1.0,0.0,0.0,0.0,0.0,0.43,0.38,N21,VIIRS,n,2.0NRT,N,50.0,10.0,,,,0,medium
15.22395,76.76291,Karnataka,1522_7676,2026-08-25,2017.0,Industrial,1.0,Industrial,46.7,Medium,0.748,1.23,305.15,292.43,305.15,292.43,0.247,5.158,9.238,392.986,288.456,71.051,Cropland,40.0,1064.9207763671875,0.7413915852262982,2.61503453181893e-07,0.49661505171384074,0.312623204726076,1.0,51.0,dist_industrial_zone_km,4.3814,Classified as Industrial (100% confidence). moderately persistent (persistence score 43/100). Intensity score 17/100. Overall risk: 47/100.,0.0,0.0,1.0,0.0,0.0,0.0,0.0,0.42,0.38,N21,VIIRS,n,2.0NRT,N,50.0,40.0,,,,0,medium
15.23541,76.44022,Karnataka,1524_7644,2026-08-28,830.0,Other/Unknown,0.9999,Other/Unknown,16.6,Low,0.35,3.65,333.74,295.41,333.74,295.41,5.82,8.536,2.372,387.934,300.061,102.488,Grassland,30.0,598.7676391601562,0.13070098600339122,9.234240637354531e-14,,,0.5,2.0,dist_industrial_zone_km,1.0167,Classified as Other/Unknown (100% confidence). low persistence / first-seen (persistence score 7/100). Intensity score 33/100. Overall risk: 17/100.,0.0,0.0,0.0,0.0,0.9999,0.0,0.0,0.39,0.44,N21,VIIRS,n,2.0NRT,D,50.0,30.0,,,,0,n/a
15.27038,79.58337,AndhraPradesh,1527_7958,2026-09-01,714.0,Other/Unknown,1.0,Other/Unknown,15.7,Low,0.35,4.71,333.62,288.42,333.62,288.42,16.442,27.874,43.75,285.428,58.45,118.775,,,,0.0,0.0,,,0.5,1.0,landcover_code,1.3818,Classified as Other/Unknown (100% confidence). low persistence / first-seen (persistence score 0/100). Intensity score 38/100. Overall risk: 16/100.,0.0,0.0,0.0,0.0,1.0,0.0,0.0,0.46,0.63,N21,VIIRS,n,2.0NRT,D,50.0,,,,,0,n/a
15.30024,76.21906,Karnataka,1530_7622,2026-08-30,2025.0,Industrial,1.0,Industrial,43.1,Medium,0.746,0.29,299.57,283.8,299.57,283.8,0.403,11.934,3.293,392.577,304.44,112.445,Tree cover,10.0,535.855224609375,0.7376575688648993,9.245543252430775e-08,0.4925388191909387,0.32223381209887403,1.0,50.0,dist_industrial_zone_km,4.2411,Classified as Industrial (100% confidence). moderately persistent (persistence score 43/100). Intensity score 6/100. Overall risk: 43/100.,0.0,0.0,1.0,0.0,0.0,0.0,0.0,0.4,0.37,N21,VIIRS,n,2.0NRT,N,50.0,10.0,,,,0,medium
15.33369,76.24677,Karnataka,1533_7625,2026-08-30,2025.0,Industrial,1.0,Industrial,45.5,Medium,0.743,0.69,302.99,288.71,302.99,288.71,0.786,7.336,3.055,396.518,299.742,110.692,Grassland,30.0,691.091552734375,0.7413915852262982,5.73647039452609e-07,0.48560647791944517,0.4073570949122394,1.0,51.0,dist_industrial_zone_km,3.8729,Classified as Industrial (100% confidence). moderately persistent (persistence score 44/100). Intensity score 11/100. Overall risk: 46/100.,0.0,0.0,1.0,0.0,0.0,0.0,0.0,0.39,0.37,N21,VIIRS,n,2.0NRT,N,50.0,30.0,,,,0,medium
15.33406,76.28747,Karnataka,1533_7629,2026-08-26,2000.0,Industrial,1.0,Industrial,49.5,Medium,0.756,2.0,307.41,290.89,307.41,290.89,0.564,4.277,2.604,396.94,297.6,112.961,Bare / sparse vegetation,60.0,2301.761474609375,0.7413915852262982,8.898096003883441e-07,0.5114330067746939,0.3967571545790057,1.0,51.0,dist_industrial_zone_km,4.1623,Classified as Industrial (100% confidence). moderately persistent (persistence score 45/100). Intensity score 24/100. Overall risk: 50/100.,0.0,0.0,1.0,0.0,0.0,0.0,0.0,0.56,0.51,N21,VIIRS,n,2.0NRT,N,50.0,60.0,,,,0,medium
15.33856,76.27937,Karnataka,1534_7628,2026-09-08,2055.0,Industrial,1.0,Industrial,50.7,High,0.756,2.49,319.13,290.46,319.13,290.46,0.444,4.319,2.519,397.359,297.576,112.071,Tree cover,10.0,1127.015869140625,0.7413915852262982,6.589474105681313e-07,0.5114105185157973,0.4236852280948657,1.0,52.0,dist_industrial_zone_km,4.2173,Classified as Industrial (100% confidence). moderately persistent (persistence score 45/100). Intensity score 27/100. Overall risk: 51/100.,0.0,0.0,1.0,0.0,0.0,0.0,0.0,0.49,0.49,N21,VIIRS,n,2.0NRT,N,50.0,10.0,,,,0,medium
15.33683,76.28011,Karnataka,1534_7628,2026-09-14,2044.0,Industrial,1.0,Industrial,61.8,High,0.764,3.78,327.79,294.2,327.79,294.2,0.286,4.423,2.379,397.175,297.707,112.275,Tree cover,10.0,1127.015869140625,0.7450530918139344,0.8705505632961241,0.5272865883878427,0.14358005619183048,1.0,52.0,dist_industrial_zone_km,4.4367,Classified as Industrial (100% confidence). moderately persistent (persistence score 63/100). Intensity score 34/100. Overall risk: 62/100.,0.0,0.0,1.0,0.0,0.0,0.0,0.0,0.48,0.4,N21,VIIRS,n,2.0NRT,N,50.0,10.0,,,,0,medium
15.39007,80.13628,AndhraPradesh,1539_8014,2026-08-28,830.0,Other/Unknown,0.9999,Other/Unknown,14.8,Low,0.35,3.37,330.71,296.28,330.71,296.28,10.797,20.763,40.558,297.017,12.938,114.723,,,,0.0,0.0,,,0.5,1.0,landcover_code,1.1846,Classified as Other/Unknown (100% confidence). low persistence / first-seen (persistence score 0/100). Intensity score 32/100. Overall risk: 15/100.,0.0,0.0,0.0,0.0,0.9999,0.0,0.0,0.34,0.56,N21,VIIRS,n,2.0NRT,D,50.0,,,,,0,n/a
15.56243,79.89336,AndhraPradesh,1556_7989,2026-08-28,830.0,Agricultural Burning,0.8436,Other/Unknown,8.5,Low,0.334,2.59,338.27,294.8,338.27,294.8,7.492,15.418,8.442,315.412,21.261,132.671,Cropland,40.0,254.9415283203125,0.13070098600339122,3.121179708303897e-08,,,0.5,2.0,recurrence_score,1.5449,Classified as Agricultural Burning (84% confidence). low persistence / first-seen (persistence score 7/100). Intensity score 28/100. Overall risk: 8/100.,0.8436,0.0,0.0,0.0,0.1564,0.0,0.0,0.33,0.56,N21,VIIRS,n,2.0NRT,D,50.0,40.0,,,,0,n/a
15.62259,79.18162,AndhraPradesh,1562_7918,2026-08-26,729.0,Other/Unknown,1.0,Other/Unknown,16.6,Low,0.35,6.57,334.29,292.53,334.29,292.53,17.036,8.701,6.871,332.132,97.094,130.729,,,,0.0,0.0,,,0.5,1.0,landcover_code,0.8566,Classified as Other/Unknown (100% confidence). low persistence / first-seen (persistence score 0/100). Intensity score 44/100. Overall risk: 17/100.,0.0,0.0,0.0,0.0,1.0,0.0,0.0,0.59,0.53,N21,VIIRS,n,2.0NRT,D,50.0,,,,,0,n/a
15.62631,79.17872,AndhraPradesh,1563_7918,2026-08-26,729.0,Other/Unknown,1.0,Other/Unknown,15.3,Low,0.35,4.14,330.99,291.27,330.99,291.27,16.892,8.902,7.188,332.609,97.463,130.358,,,,0.0,0.0,,,0.5,1.0,landcover_code,0.856,Classified as Other/Unknown (100% confidence). low persistence / first-seen (persistence score 0/100). Intensity score 35/100. Overall risk: 15/100.,0.0,0.0,0.0,0.0,1.0,0.0,0.0,0.59,0.53,N21,VIIRS,n,2.0NRT,D,50.0,,,,,0,n/a
15.65413,80.13641,AndhraPradesh,1565_8014,2026-08-29,811.0,Other/Unknown,1.0,Other/Unknown,22.7,Low,0.358,4.69,337.27,300.91,337.27,300.91,9.923,9.923,34.581,326.307,19.105,109.265,Cropland,40.0,154.4710693359375,0.26140197200678245,9.975565078044643e-13,0.5168685956913849,0.4142135623730951,1.0,4.0,dist_industrial_zone_km,1.0062,Classified as Other/Unknown (100% confidence). low persistence / first-seen (persistence score 28/100). Intensity score 38/100. Overall risk: 23/100.,0.0,0.0,0.0,0.0,1.0,0.0,0.0,0.52,0.41,N21,VIIRS,n,2.0NRT,D,50.0,40.0,,,,0,n/a
15.65657,73.98945,Maharashtra,1566_7399,2026-08-25,2017.0,Mining/Extraction,1.0,Mining/Extraction,44.1,Medium,0.755,1.7,298.34,286.54,298.34,286.54,0.315,43.361,0.744,399.275,317.678,10.623,Grassland,30.0,132.02847290039062,0.7413915852262982,9.106079138855144e-07,0.5103010422170786,0.43047257999737126,1.0,54.0,dist_quarry_km,4.7747,Classified as Mining/Extraction (100% confidence). moderately persistent (persistence score 45/100). Intensity score 22/100. Overall risk: 44/100.,0.0,0.0,0.0,1.0,0.0,0.0,0.0,0.39,0.44,N21,VIIRS,n,2.0NRT,N,50.0,30.0,,,,0,medium
15.65695,73.98811,Maharashtra,1566_7399,2026-08-26,2000.0,Mining/Extraction,1.0,Mining/Extraction,52.1,High,0.752,1.29,308.16,290.45,308.16,290.45,0.302,43.399,0.828,399.219,317.759,10.62,Grassland,30.0,132.02847290039062,0.7450530918139344,0.9771599684342459,0.5049753259749018,0.13083647354110162,1.0,54.0,dist_quarry_km,4.6962,Classified as Mining/Extraction (100% confidence). moderately persistent (persistence score 65/100). Intensity score 18/100. Overall risk: 52/100.,0.0,0.0,0.0,1.0,0.0,0.0,0.0,0.4,0.6,N21,VIIRS,n,2.0NRT,N,50.0,30.0,,,,0,medium
15.65726,73.98717,Maharashtra,1566_7399,2026-08-26,2000.0,Mining/Extraction,1.0,Mining/Extraction,52.9,High,0.754,1.46,305.45,290.46,305.45,290.46,0.332,43.431,0.902,399.175,317.82,10.623,Grassland,30.0,132.02847290039062,0.7486448511604031,1.0,0.5070043494519947,0.12989181498249755,1.0,54.0,dist_quarry_km,4.6087,Classified as Mining/Extraction (100% confidence). moderately persistent (persistence score 66/100). Intensity score 20/100. Overall risk: 53/100.,0.0,0.0,0.0,1.0,0.0,0.0,0.0,0.4,0.6,N21,VIIRS,n,2.0NRT,N,50.0,30.0,,,,0,medium
15.6589,73.98905,Maharashtra,1566_7399,2026-08-30,2025.0,Mining/Extraction,1.0,Mining/Extraction,52.8,High,0.756,1.82,313.76,291.6,313.76,291.6,0.063,43.618,1.006,399.013,317.938,10.857,Grassland,30.0,132.02847290039062,0.7521694708713587,0.9117224885582168,0.511370680711133,0.12879549188272882,1.0,54.0,dist_quarry_km,4.4985,Classified as Mining/Extraction (100% confidence). moderately persistent (persistence score 64/100). Intensity score 22/100. Overall risk: 53/100.,0.0,0.0,0.0,1.0,0.0,0.0,0.0,0.48,0.4,N21,VIIRS,n,2.0NRT,N,50.0,30.0,,,,0,medium
15.66465,79.57255,AndhraPradesh,1566_7957,2026-09-02,835.0,Other/Unknown,1.0,Other/Unknown,15.8,Low,0.35,4.97,335.9,290.83,335.9,290.83,7.867,23.109,26.545,329.065,57.427,141.197,,,,0.0,0.0,,,0.5,1.0,landcover_code,1.4165,Classified as Other/Unknown (100% confidence). low persistence / first-seen (persistence score 0/100). Intensity score 39/100. Overall risk: 16/100.,0.0,0.0,0.0,0.0,1.0,0.0,0.0,0.41,0.61,N21,VIIRS,n,2.0NRT,D,50.0,,,,,0,n/a
15.68491,78.45717,AndhraPradesh,1568_7846,2026-08-25,2017.0,Mining/Extraction,1.0,Mining/Extraction,44.5,Medium,0.756,2.33,305.93,291.89,305.93,291.89,0.239,0.719,0.949,365.493,174.899,53.291,Built-up,50.0,2246.86767578125,0.7413915852262982,7.396434601944622e-07,0.5129396101395137,0.2980904581622138,1.0,51.0,dist_quarry_km,4.6522,Classified as Mining/Extraction (100% confidence). moderately persistent (persistence score 43/100). Intensity score 26/100. Overall risk: 44/100.,0.0,0.0,0.0,1.0,0.0,0.0,0.0,0.39,0.36,N21,VIIRS,n,2.0NRT,N,50.0,50.0,,,,0,medium
15.84844,79.11243,AndhraPradesh,1585_7911,2026-08-28,830.0,Wildfire,0.9997,Wildfire,27.5,Medium,0.362,4.29,333.77,297.24,333.77,297.24,14.913,27.702,27.882,358.296,110.698,121.774,Shrubland,20.0,55.31391143798828,0.337857147626047,4.242942811910362e-13,0.5238069846286914,0.3333333333333333,1.0,6.0,landcover_code,3.1956,Classified as Wildfire (100% confidence). low persistence / first-seen (persistence score 30/100). Intensity score 36/100. Overall risk: 28/100.,0.0,0.0,0.0,0.0,0.0003,0.0,0.9997,0.6,0.53,N21,VIIRS,n,2.0NRT,D,50.0,20.0,,,,0,n/a
15.84632,80.17049,AndhraPradesh,1585_8017,2026-08-26,2000.0,Agricultural Burning,0.6865,Other/Unknown,9.7,Low,0.319,6.76,316.79,292.15,316.79,292.15,14.16,22.581,37.794,347.881,40.645,89.533,Cropland,40.0,406.9098205566406,0.20715616162265582,2.7975867176063866e-16,,,0.5,3.0,recurrence_score,1.2723,Classified as Agricultural Burning (69% confidence). low persistence / first-seen (persistence score 10/100). Intensity score 44/100. Overall risk: 10/100.,0.6865,0.0,0.0,0.0,0.3135,0.0,0.0,0.49,0.4,N21,VIIRS,n,2.0NRT,N,50.0,40.0,,,,0,n/a
15.88671,79.82129,AndhraPradesh,1589_7982,2026-09-01,716.0,Wildfire,0.9996,Wildfire,21.2,Low,0.35,5.45,337.9,289.62,337.9,289.62,13.636,14.43,13.275,351.65,51.785,109.548,Tree cover,10.0,150.53634643554688,0.13070098600339122,6.288056942486161e-10,,,0.5,2.0,landcover_code,3.4147,Classified as Wildfire (100% confidence). low persistence / first-seen (persistence score 7/100). Intensity score 40/100. Overall risk: 21/100.,0.0,0.0,0.0,0.0,0.0004,0.0,0.9996,0.43,0.62,N21,VIIRS,n,2.0NRT,D,50.0,10.0,,,,0,n/a
16.03253,78.70424,Telangana,1603_7870,2026-08-29,811.0,Wildfire,0.9998,Wildfire,29.7,Medium,0.372,8.58,338.63,298.3,338.63,298.3,21.668,34.377,47.661,390.788,158.808,81.984,Grassland,30.0,3.369753837585449,0.303478291430754,4.832526397358803e-17,0.5432044867752903,0.3660254037844387,1.0,5.0,landcover_code,2.8762,Classified as Wildfire (100% confidence). low persistence / first-seen (persistence score 30/100). Intensity score 49/100. Overall risk: 30/100.,0.0,0.0,0.0,0.0,0.0002,0.0,0.9998,0.44,0.39,N21,VIIRS,n,2.0NRT,D,50.0,30.0,,,,0,n/a
16.03076,79.71768,AndhraPradesh,1603_7972,2026-08-28,830.0,Other/Unknown,0.9999,Other/Unknown,23.8,Low,0.348,3.48,342.17,297.93,342.17,297.93,3.684,31.106,17.95,368.197,71.245,97.633,Cropland,40.0,341.0985717773437,0.26140197200678245,2.6957490247495107e-09,0.495250142890675,0.9508196741984587,1.0,4.0,dist_industrial_zone_km,1.0993,Classified as Other/Unknown (100% confidence). moderately persistent (persistence score 36/100). Intensity score 32/100. Overall risk: 24/100.,0.0,0.0,0.0,0.0,0.9999,0.0,0.0,0.33,0.55,N21,VIIRS,n,2.0NRT,D,50.0,40.0,,,,0,n/a
16.11085,81.14068,AndhraPradesh,1611_8114,2026-09-01,716.0,Other/Unknown,1.0,Other/Unknown,18.4,Low,0.324,2.67,335.18,289.37,335.18,289.37,5.926,8.455,63.541,398.151,31.276,8.55,Shrubland,20.0,118.34967041015624,0.337857147626047,6.040657996698513e-18,0.4485082013715109,,1.0,6.0,dist_industrial_zone_km,1.5014,Classified as Other/Unknown (100% confidence). low persistence / first-seen (persistence score 17/100). Intensity score 28/100. Overall risk: 18/100.,0.0,0.0,0.0,0.0,1.0,0.0,0.0,0.34,0.56,N21,VIIRS,n,2.0NRT,D,50.0,20.0,,,,0,n/a
16.16818,78.917,AndhraPradesh,1617_7892,2026-09-02,835.0,Wildfire,0.9999,Wildfire,26.8,Medium,0.281,3.14,333.24,288.62,333.24,288.62,29.028,54.167,41.247,398.097,145.175,108.497,Tree cover,10.0,18.512453079223636,0.4976250423777936,1.8626451492309624e-09,0.36221362476948854,0.29991167265324725,1.0,14.0,landcover_code,3.2552,Classified as Wildfire (100% confidence). moderately persistent (persistence score 31/100). Intensity score 31/100. Overall risk: 27/100.,0.0,0.0,0.0,0.0,1e-04,0.0,0.9999,0.37,0.58,N21,VIIRS,n,2.0NRT,D,50.0,10.0,,,,0,n/a
16.30448,77.35959,Karnataka,1630_7736,2026-09-01,1947.0,Industrial,1.0,Industrial,38.1,Medium,0.732,0.61,301.2,284.66,301.2,284.66,0.612,0.295,15.729,484.87,155.81,7.944,Tree cover,10.0,1864.7127685546875,0.3921029580101737,2.8232421102195974e-09,0.46436409555524893,0.31148619089485163,1.0,8.0,dist_power_plant_km,2.3307,Classified as Industrial (100% confidence). moderately persistent (persistence score 30/100). Intensity score 10/100. Overall risk: 38/100.,0.0,0.0,1.0,0.0,0.0,0.0,0.0,0.4,0.6,N21,VIIRS,n,2.0NRT,N,50.0,10.0,,,,0,medium
16.40067,79.36681,AndhraPradesh,1640_7937,2026-08-26,729.0,Other/Unknown,1.0,Other/Unknown,17.2,Low,0.35,8.29,335.24,293.52,335.24,293.52,10.24,20.529,6.382,413.126,126.453,88.944,,,,0.0,0.0,,,0.5,1.0,landcover_code,0.9945,Classified as Other/Unknown (100% confidence). low persistence / first-seen (persistence score 0/100). Intensity score 48/100. Overall risk: 17/100.,0.0,0.0,0.0,0.0,1.0,0.0,0.0,0.55,0.51,N21,VIIRS,n,2.0NRT,D,50.0,,,,,0,n/a
16.40797,79.41428,AndhraPradesh,1641_7941,2026-08-29,811.0,Other/Unknown,0.9999,Other/Unknown,17.4,Low,0.35,4.87,337.76,300.39,337.76,300.39,7.141,21.741,2.046,413.206,124.134,84.312,Grassland,30.0,668.9459838867188,0.13070098600339122,4.679240163218327e-24,,,0.5,2.0,dist_industrial_zone_km,1.0096,Classified as Other/Unknown (100% confidence). low persistence / first-seen (persistence score 7/100). Intensity score 38/100. Overall risk: 17/100.,0.0,0.0,0.0,0.0,0.9999,0.0,0.0,0.48,0.4,N21,VIIRS,n,2.0NRT,D,50.0,30.0,,,,0,n/a
16.70544,78.78356,Telangana,1671_7878,2026-08-29,811.0,Other/Unknown,1.0,Other/Unknown,22.9,Low,0.357,5.01,335.05,297.09,335.05,297.09,14.56,7.542,25.446,459.45,84.462,74.841,Cropland,40.0,119.16960906982422,0.26140197200678245,6.90111750335874e-07,0.5132885365947457,0.4142135623730951,1.0,4.0,dist_industrial_zone_km,0.757,Classified as Other/Unknown (100% confidence). low persistence / first-seen (persistence score 28/100). Intensity score 39/100. Overall risk: 23/100.,0.0,0.0,0.0,0.0,1.0,0.0,0.0,0.45,0.39,N21,VIIRS,n,2.0NRT,D,50.0,40.0,,,,0,n/a
16.7619,79.13581,Telangana,1676_7914,2026-08-29,811.0,Other/Unknown,0.9999,Other/Unknown,16.3,Low,0.35,5.96,341.31,296.11,341.31,296.11,24.335,10.271,32.043,456.892,89.849,88.007,,,,0.0,0.0,,,0.5,1.0,landcover_code,1.4212,Classified as Other/Unknown (100% confidence). low persistence / first-seen (persistence score 0/100). Intensity score 42/100. Overall risk: 16/100.,0.0,0.0,0.0,0.0,0.9999,0.0,0.0,0.47,0.4,N21,VIIRS,n,2.0NRT,D,50.0,,,,,0,n/a
16.83534,79.16514,Telangana,1684_7917,2026-08-26,729.0,Agricultural Burning,0.6357,Other/Unknown,8.2,Low,0.314,3.28,330.52,291.87,330.52,291.87,27.21,12.112,40.442,464.34,84.595,81.298,Cropland,40.0,97.94390106201172,0.20715616162265582,4.4059229930232474e-17,,,0.5,3.0,recurrence_score,1.2719,Classified as Agricultural Burning (64% confidence). low persistence / first-seen (persistence score 10/100). Intensity score 32/100. Overall risk: 8/100.,0.6357,0.0,0.0,0.0,0.3642,0.0,0.0,0.56,0.51,N21,VIIRS,n,2.0NRT,D,50.0,40.0,,,,0,n/a
16.85769,80.79336,AndhraPradesh,1686_8079,2026-09-01,716.0,Other/Unknown,0.9999,Other/Unknown,15.9,Low,0.35,5.17,340.49,288.83,340.49,288.83,10.331,15.805,27.429,468.597,40.674,24.877,,,,0.0,0.0,,,0.5,1.0,landcover_code,1.1882,Classified as Other/Unknown (100% confidence). low persistence / first-seen (persistence score 0/100). Intensity score 39/100. Overall risk: 16/100.,0.0,0.0,1e-04,0.0,0.9999,0.0,0.0,0.35,0.57,N21,VIIRS,n,2.0NRT,D,50.0,,,,,0,n/a
16.99839,79.08223,Telangana,1700_7908,2026-08-28,830.0,Agricultural Burning,0.8282,Other/Unknown,8.9,Low,0.333,3.54,331.13,291.49,331.13,291.49,20.879,7.166,53.191,483.793,64.725,65.983,Cropland,40.0,240.7476959228516,0.13070098600339122,8.892655409038234e-10,,,0.5,2.0,recurrence_score,1.5414,Classified as Agricultural Burning (83% confidence). low persistence / first-seen (persistence score 7/100). Intensity score 33/100. Overall risk: 9/100.,0.8282,0.0,0.0,0.0,0.1718,0.0,0.0,0.61,0.54,N21,VIIRS,n,2.0NRT,D,50.0,40.0,,,,0,n/a
17.02574,81.12362,AndhraPradesh,1703_8112,2026-08-26,2000.0,Other/Unknown,1.0,Other/Unknown,13.2,Low,0.35,1.64,305.54,291.23,305.54,291.23,15.767,11.75,39.583,494.877,61.504,17.114,,,,0.0,0.0,,,0.5,1.0,landcover_code,1.4043,Classified as Other/Unknown (100% confidence). low persistence / first-seen (persistence score 0/100). Intensity score 21/100. Overall risk: 13/100.,0.0,0.0,0.0,0.0,1.0,0.0,0.0,0.45,0.39,N21,VIIRS,n,2.0NRT,N,50.0,,,,,0,n/a
17.02656,81.12515,AndhraPradesh,1703_8113,2026-08-26,2000.0,Other/Unknown,1.0,Other/Unknown,12.9,Low,0.35,1.45,305.65,291.0,305.65,291.0,15.597,11.901,39.683,495.008,61.322,17.288,,,,0.0,0.0,,,0.5,1.0,landcover_code,1.4043,Classified as Other/Unknown (100% confidence). low persistence / first-seen (persistence score 0/100). Intensity score 19/100. Overall risk: 13/100.,0.0,0.0,0.0,0.0,1.0,0.0,0.0,0.45,0.39,N21,VIIRS,n,2.0NRT,N,50.0,,,,,0,n/a
17.06211,76.97839,Karnataka,1706_7698,2026-08-30,2023.0,Mining/Extraction,1.0,Mining/Extraction,38.0,Medium,0.742,0.27,296.6,276.06,296.6,276.06,0.246,0.773,0.498,428.74,97.432,70.384,Built-up,50.0,6095.4267578125,0.7413915852262982,7.74624248844372e-07,0.48333117935428366,0.2219670902287463,1.0,53.0,dist_quarry_km,5.1127,Classified as Mining/Extraction (100% confidence). moderately persistent (persistence score 41/100). Intensity score 5/100. Overall risk: 38/100.,0.0,0.0,0.0,1.0,0.0,0.0,0.0,0.39,0.36,N21,VIIRS,n,2.0NRT,N,50.0,50.0,,,,0,medium
17.06384,76.97977,Karnataka,1706_7698,2026-08-31,2006.0,Mining/Extraction,1.0,Mining/Extraction,50.7,High,0.745,0.78,302.15,278.25,302.15,278.25,0.399,0.989,0.417,428.751,97.193,70.318,Built-up,50.0,6095.4267578125,0.7450530918139344,0.9771599684342459,0.49002828315194347,0.16484437070894883,1.0,53.0,dist_quarry_km,4.8798,Classified as Mining/Extraction (100% confidence). moderately persistent (persistence score 65/100). Intensity score 12/100. Overall risk: 51/100.,0.0,0.0,0.0,1.0,0.0,0.0,0.0,0.42,0.45,N21,VIIRS,n,2.0NRT,N,50.0,50.0,,,,0,medium
17.06124,76.97998,Karnataka,1706_7698,2026-08-31,2006.0,Mining/Extraction,1.0,Mining/Extraction,49.7,Medium,0.743,0.42,300.95,277.75,300.95,277.75,0.115,0.72,0.658,428.934,97.382,70.563,Built-up,50.0,6095.4267578125,0.7486448511604031,1.0,0.4857226323591053,0.1636246439148537,1.0,53.0,dist_quarry_km,4.8655,Classified as Mining/Extraction (100% confidence). moderately persistent (persistence score 66/100). Intensity score 8/100. Overall risk: 50/100.,0.0,0.0,0.0,1.0,0.0,0.0,0.0,0.42,0.45,N21,VIIRS,n,2.0NRT,N,50.0,50.0,,,,0,medium
17.13949,77.17442,Karnataka,1714_7717,2026-08-31,2006.0,Mining/Extraction,1.0,Mining/Extraction,40.5,Medium,0.747,0.6,301.3,280.77,301.3,280.77,1.213,1.369,1.376,441.358,77.124,79.016,Built-up,50.0,1516.531494140625,0.7259902397577118,2.3841857910156287e-07,0.49450837301163786,0.40055060737894727,1.0,47.0,dist_quarry_km,3.9714,Classified as Mining/Extraction (100% confidence). moderately persistent (persistence score 44/100). Intensity score 10/100. Overall risk: 40/100.,0.0,0.0,0.0,1.0,0.0,0.0,0.0,0.41,0.45,N21,VIIRS,n,2.0NRT,N,50.0,50.0,,,,0,medium
17.26132,76.81692,Karnataka,1726_7682,2026-09-15,754.0,Other/Unknown,1.0,Other/Unknown,16.5,Low,0.35,6.43,339.06,305.88,339.06,305.88,5.909,7.251,6.826,402.114,97.848,42.374,,,,0.0,0.0,,,0.5,1.0,landcover_code,1.3374,Classified as Other/Unknown (100% confidence). low persistence / first-seen (persistence score 0/100). Intensity score 43/100. Overall risk: 16/100.,0.0,0.0,0.0,0.0,1.0,0.0,0.0,0.47,0.4,N21,VIIRS,l,2.0NRT,D,20.0,,,,,0,n/a
17.40365,80.95362,Telangana,1740_8095,2026-09-01,716.0,Wildfire,0.9999,Wildfire,21.6,Low,0.283,3.34,336.38,288.08,336.38,288.08,21.465,35.807,26.197,505.836,80.413,25.143,Tree cover,10.0,120.82575225830078,0.26140197200678245,2.4517694553192188e-21,0.3654005183058831,,1.0,4.0,landcover_code,3.2293,Classified as Wildfire (100% confidence). low persistence / first-seen (persistence score 13/100). Intensity score 32/100. Overall risk: 22/100.,0.0,0.0,0.0,0.0,1e-04,0.0,0.9999,0.34,0.56,N21,VIIRS,n,2.0NRT,D,50.0,10.0,,,,0,n/a
17.46485,80.65231,Telangana,1746_8065,2026-08-25,2017.0,Mining/Extraction,1.0,Mining/Extraction,40.9,Medium,0.748,1.05,308.11,286.21,308.11,286.21,10.137,12.646,1.227,517.12,106.255,19.09,Tree cover,10.0,1198.5992431640625,0.7413915852262982,8.496272260096937e-07,0.49663005102941005,0.21975236873984294,1.0,51.0,dist_quarry_km,4.3855,Classified as Mining/Extraction (100% confidence). moderately persistent (persistence score 42/100). Intensity score 16/100. Overall risk: 41/100.,0.0,0.0,0.0,1.0,0.0,0.0,0.0,0.39,0.36,N21,VIIRS,n,2.0NRT,N,50.0,10.0,,,,0,medium
17.58122,79.99252,Telangana,1758_7999,2026-09-02,837.0,Other/Unknown,0.9998,Other/Unknown,17.1,Low,0.35,4.4,336.43,288.03,336.43,288.03,2.888,46.666,22.486,539.897,136.231,25.038,Grassland,30.0,544.7049560546875,0.13070098600339122,3.576533358679464e-20,,,0.5,2.0,dist_industrial_zone_km,1.3569,Classified as Other/Unknown (100% confidence). low persistence / first-seen (persistence score 7/100). Intensity score 37/100. Overall risk: 17/100.,1e-04,0.0,1e-04,0.0,0.9998,0.0,0.0,0.46,0.64,N21,VIIRS,n,2.0NRT,D,50.0,30.0,,,,0,n/a
17.60913,83.20387,AndhraPradesh,1761_8320,2026-08-26,729.0,Industrial,1.0,Industrial,58.4,High,0.802,9.96,331.24,296.24,331.24,296.24,1.511,0.99,17.829,407.934,162.4,3.782,Built-up,50.0,5461.70703125,0.7413915852262982,8.898096003883441e-07,0.6042439449666803,0.30455147714907765,1.0,52.0,dist_power_plant_km,2.4021,Classified as Industrial (100% confidence). moderately persistent (persistence score 46/100). Intensity score 52/100. Overall risk: 58/100.,0.0,0.0,1.0,0.0,0.0,0.0,0.0,0.47,0.4,N21,VIIRS,l,2.0NRT,D,20.0,50.0,,,,0,medium
17.6104,83.20434,AndhraPradesh,1761_8320,2026-09-05,2012.0,Industrial,1.0,Industrial,60.9,High,0.764,3.91,330.16,295.47,330.16,295.47,1.452,1.108,17.702,407.788,162.503,3.913,Built-up,50.0,5461.70703125,0.7450530918139344,0.7937005259840998,0.5280660554115191,0.1273719091672017,1.0,52.0,dist_power_plant_km,2.4587,Classified as Industrial (100% confidence). moderately persistent (persistence score 61/100). Intensity score 34/100. Overall risk: 61/100.,0.0,0.0,1.0,0.0,0.0,0.0,0.0,0.41,0.37,N21,VIIRS,n,2.0NRT,N,50.0,50.0,,,,0,medium
17.6793,75.30967,Maharashtra,1768_7531,2026-09-02,837.0,Wildfire,0.9959,Wildfire,22.5,Low,0.35,8.02,333.82,297.15,333.82,297.15,21.871,50.361,65.837,247.784,245.514,73.827,Tree cover,10.0,2677.111083984375,0.13070098600339122,1.376850935319762e-18,,,0.5,2.0,landcover_code,3.3781,Classified as Wildfire (100% confidence). low persistence / first-seen (persistence score 7/100). Intensity score 48/100. Overall risk: 22/100.,0.0,0.0,0.0,0.0,0.0041,0.0,0.9959,0.45,0.47,N21,VIIRS,n,2.0NRT,D,50.0,10.0,,,,0,n/a
17.86559,83.36766,AndhraPradesh,1787_8337,2026-09-15,752.0,Other/Unknown,0.9999,Other/Unknown,23.2,Low,0.365,4.32,338.8,296.54,338.8,296.54,3.29,14.017,5.894,377.658,190.834,2.884,Tree cover,10.0,672.7676391601562,0.303478291430754,3.241070655859739e-12,0.5307735542258327,0.4826021991129743,1.0,5.0,dist_industrial_zone_km,1.2686,Classified as Other/Unknown (100% confidence). moderately persistent (persistence score 31/100). Intensity score 36/100. Overall risk: 23/100.,0.0,0.0,1e-04,0.0,0.9999,0.0,0.0,0.46,0.39,N21,VIIRS,n,2.0NRT,D,50.0,10.0,,,,0,n/a
17.95628,80.79455,Telangana,1796_8079,2026-08-25,2019.0,Other/Unknown,1.0,Other/Unknown,27.4,Medium,0.369,5.23,329.1,292.45,329.1,292.45,3.416,9.897,2.253,463.708,126.627,36.558,Bare / sparse vegetation,60.0,648.7683715820312,0.7413915852262982,9.106079138855144e-07,0.5372781964919009,0.4334258117692921,1.0,52.0,dist_industrial_zone_km,1.0566,Classified as Other/Unknown (100% confidence). moderately persistent (persistence score 46/100). Intensity score 40/100. Overall risk: 27/100.,0.0,0.0,0.0,0.0,1.0,0.0,0.0,0.39,0.36,N21,VIIRS,n,2.0NRT,N,50.0,60.0,,,,0,n/a
17.95747,80.7872,Telangana,1796_8079,2026-08-25,2019.0,Mining/Extraction,1.0,Mining/Extraction,56.2,High,0.756,3.33,309.77,291.44,309.77,291.44,4.066,9.348,1.579,464.06,127.292,36.477,Bare / sparse vegetation,60.0,648.7683715820312,0.7450530918139344,1.0,0.5128623576825313,0.13101775660685408,1.0,52.0,dist_quarry_km,4.3828,Classified as Mining/Extraction (100% confidence). moderately persistent (persistence score 66/100). Intensity score 32/100. Overall risk: 56/100.,0.0,0.0,0.0,1.0,0.0,0.0,0.0,0.39,0.36,N21,VIIRS,n,2.0NRT,N,50.0,60.0,,,,0,medium
18.12482,75.44324,Maharashtra,1812_7544,2026-08-29,811.0,Other/Unknown,1.0,Other/Unknown,21.4,Low,0.328,2.86,330.11,294.34,330.11,294.34,4.537,47.355,29.1,227.773,236.259,88.065,Cropland,40.0,173.58547973632812,0.26140197200678245,6.52959417378177e-14,0.45586516490083406,0.5087591792931979,1.0,4.0,dist_industrial_zone_km,1.1418,Classified as Other/Unknown (100% confidence). low persistence / first-seen (persistence score 28/100). Intensity score 29/100. Overall risk: 21/100.,0.0,0.0,0.0,0.0,1.0,0.0,0.0,0.38,0.36,N21,VIIRS,n,2.0NRT,D,50.0,40.0,,,,0,n/a
18.3947,74.34995,Maharashtra,1839_7435,2026-08-30,754.0,Agricultural Burning,0.8769,Other/Unknown,8.2,Low,0.338,1.79,332.85,298.89,332.85,298.89,5.749,12.477,6.531,120.375,131.768,89.642,Cropland,40.0,231.49984741210935,0.13070098600339122,3.992667282135395e-09,,,0.5,2.0,recurrence_score,1.5469,Classified as Agricultural Burning (88% confidence). low persistence / first-seen (persistence score 7/100). Intensity score 22/100. Overall risk: 8/100.,0.8769,0.0,0.0,0.0,0.1231,0.0,0.0,0.42,0.45,N21,VIIRS,n,2.0NRT,D,50.0,40.0,,,,0,n/a
18.40169,74.43215,Maharashtra,1840_7443,2026-08-27,2121.0,Other/Unknown,0.9999,Other/Unknown,12.7,Low,0.35,1.29,301.42,286.53,301.42,286.53,3.302,4.609,7.676,125.48,140.258,94.321,,,,0.0,0.0,,,0.5,1.0,landcover_code,1.3467,Classified as Other/Unknown (100% confidence). low persistence / first-seen (persistence score 0/100). Intensity score 18/100. Overall risk: 13/100.,0.0,0.0,1e-04,0.0,0.9999,0.0,0.0,0.43,0.62,N21,VIIRS,n,2.0NRT,N,50.0,,,,,0,n/a
18.45843,74.21844,Maharashtra,1846_7422,2026-09-02,837.0,Other/Unknown,0.9999,Other/Unknown,16.5,Low,0.35,3.53,334.79,291.29,334.79,291.29,5.616,2.723,16.826,106.277,117.143,91.527,Shrubland,20.0,224.6431121826172,0.13070098600339122,1.2830768742520578e-24,,,0.5,2.0,dist_industrial_zone_km,1.3025,Classified as Other/Unknown (100% confidence). low persistence / first-seen (persistence score 7/100). Intensity score 33/100. Overall risk: 16/100.,0.0,0.0,1e-04,0.0,0.9999,0.0,0.0,0.4,0.44,N21,VIIRS,n,2.0NRT,D,50.0,20.0,,,,0,n/a
18.54595,74.25349,Maharashtra,1855_7425,2026-08-30,2023.0,Industrial,0.7643,Industrial,34.1,Medium,0.577,1.61,306.23,289.56,306.23,289.56,2.0,8.224,17.071,100.959,120.287,101.893,Cropland,40.0,344.75909423828125,0.26140197200678245,3.695956086665864e-10,0.38908341642904826,0.4193542627551004,1.0,4.0,dist_industrial_zone_km,2.5545,Classified as Industrial (76% confidence). low persistence / first-seen (persistence score 25/100). Intensity score 21/100. Overall risk: 34/100.,0.0,0.0,0.7643,0.0,0.2357,0.0,0.0,0.5,0.41,N21,VIIRS,n,2.0NRT,N,50.0,40.0,,,,0,medium
18.56188,74.5267,Maharashtra,1856_7453,2026-08-30,754.0,Agricultural Burning,0.589,Other/Unknown,8.4,Low,0.309,4.39,335.86,297.81,335.86,297.81,10.317,17.38,12.647,120.69,149.074,114.733,Cropland,40.0,205.5062561035156,0.20715616162265582,4.993887533286227e-07,,,0.5,3.0,recurrence_score,1.2551,Classified as Agricultural Burning (59% confidence). low persistence / first-seen (persistence score 10/100). Intensity score 37/100. Overall risk: 8/100.,0.589,0.0,0.0,0.0,0.4109,0.0,0.0,0.41,0.45,N21,VIIRS,n,2.0NRT,D,50.0,40.0,,,,0,n/a
18.57353,74.15674,Maharashtra,1857_7416,2026-09-08,2055.0,Other/Unknown,0.9999,Other/Unknown,23.3,Low,0.336,4.21,328.04,291.4,328.04,291.4,3.845,11.761,16.406,92.129,110.084,102.625,Grassland,30.0,342.4471740722656,0.3921029580101737,6.2347281737779e-14,0.4729727982165698,0.4177056103372,1.0,8.0,dist_industrial_zone_km,1.7417,Classified as Other/Unknown (100% confidence). moderately persistent (persistence score 32/100). Intensity score 36/100. Overall risk: 23/100.,0.0,0.0,0.0,0.0,0.9999,0.0,0.0,0.49,0.41,N21,VIIRS,n,2.0NRT,N,50.0,30.0,,,,0,n/a
18.6821,73.03259,Maharashtra,1868_7303,2026-08-29,2044.0,Industrial,1.0,Industrial,51.4,High,0.755,2.8,305.51,293.75,305.51,293.75,1.164,1.203,8.075,86.993,16.131,25.379,Permanent water bodies,80.0,864.989501953125,0.7413915852262982,8.302217133485085e-07,0.5091789686448874,0.45113362780563077,1.0,52.0,dist_power_plant_km,2.3082,Classified as Industrial (100% confidence). moderately persistent (persistence score 45/100). Intensity score 29/100. Overall risk: 51/100.,0.0,0.0,1.0,0.0,0.0,0.0,0.0,0.39,0.36,N21,VIIRS,n,2.0NRT,N,50.0,80.0,,,,0,medium
18.68412,73.03058,Maharashtra,1868_7303,2026-08-31,2006.0,Industrial,1.0,Industrial,61.0,High,0.755,2.81,318.49,289.99,318.49,289.99,1.185,1.346,8.166,86.987,16.433,25.089,Permanent water bodies,80.0,864.989501953125,0.7450530918139344,0.9548416039104165,0.5091239870698433,0.13115214633976222,1.0,52.0,dist_power_plant_km,2.1494,Classified as Industrial (100% confidence). moderately persistent (persistence score 65/100). Intensity score 29/100. Overall risk: 61/100.,0.0,0.0,1.0,0.0,0.0,0.0,0.0,0.4,0.6,N21,VIIRS,n,2.0NRT,N,50.0,80.0,,,,0,medium
18.67913,73.0365,Maharashtra,1868_7304,2026-08-25,2017.0,Industrial,1.0,Industrial,52.9,High,0.76,4.0,304.98,290.52,304.98,290.52,1.242,1.05,7.875,86.933,15.635,25.848,Built-up,50.0,2884.667236328125,0.7413915852262982,9.106079138855144e-07,0.5196299052576411,0.3990582884756107,1.0,53.0,dist_power_plant_km,2.3379,Classified as Industrial (100% confidence). moderately persistent (persistence score 45/100). Intensity score 35/100. Overall risk: 53/100.,0.0,0.0,1.0,0.0,0.0,0.0,0.0,0.49,0.49,N21,VIIRS,n,2.0NRT,N,50.0,50.0,,,,0,medium
18.68155,73.03622,Maharashtra,1868_7304,2026-08-29,2044.0,Industrial,1.0,Industrial,59.6,High,0.75,2.4,310.04,293.71,310.04,293.71,1.001,0.894,7.767,86.764,15.882,25.591,Built-up,50.0,2884.667236328125,0.7450530918139344,0.9117224885582168,0.4992549025123263,0.127015833667476,1.0,53.0,dist_power_plant_km,2.3828,Classified as Industrial (100% confidence). moderately persistent (persistence score 63/100). Intensity score 27/100. Overall risk: 60/100.,0.0,0.0,1.0,0.0,0.0,0.0,0.0,0.39,0.36,N21,VIIRS,n,2.0NRT,N,50.0,50.0,,,,0,medium
18.67714,73.04291,Maharashtra,1868_7304,2026-08-29,2044.0,Industrial,1.0,Industrial,59.4,High,0.746,1.8,304.94,293.04,304.94,293.04,1.433,1.002,7.427,86.614,15.107,26.332,Built-up,50.0,2884.667236328125,0.7486448511604031,1.0,0.4917699741527711,0.1266440601573151,1.0,53.0,dist_power_plant_km,2.5254,Classified as Industrial (100% confidence). moderately persistent (persistence score 65/100). Intensity score 22/100. Overall risk: 59/100.,0.0,0.0,1.0,0.0,0.0,0.0,0.0,0.39,0.36,N21,VIIRS,n,2.0NRT,N,50.0,50.0,,,,0,medium
18.68679,73.03175,Maharashtra,1869_7303,2026-08-30,2023.0,Industrial,1.0,Industrial,46.8,Medium,0.742,0.79,299.44,288.82,299.44,288.82,0.942,1.206,7.932,86.691,16.623,24.866,Bare / sparse vegetation,60.0,2500.031982421875,0.7413915852262982,8.11259423209053e-07,0.48479219223477266,0.5351383322652558,1.0,53.0,dist_power_plant_km,2.3259,Classified as Industrial (100% confidence). moderately persistent (persistence score 46/100). Intensity score 13/100. Overall risk: 47/100.,0.0,0.0,1.0,0.0,0.0,0.0,0.0,0.39,0.44,N21,VIIRS,n,2.0NRT,N,50.0,60.0,,,,0,medium
18.68674,73.02962,Maharashtra,1869_7303,2026-09-01,2125.0,Industrial,1.0,Industrial,58.8,High,0.749,1.77,302.19,279.16,302.19,279.16,1.156,1.43,8.14,86.856,16.734,24.781,Bare / sparse vegetation,60.0,2500.031982421875,0.7450530918139344,0.9548416039104165,0.49733580952773704,0.1304243912067127,1.0,53.0,dist_power_plant_km,2.1589,Classified as Industrial (100% confidence). moderately persistent (persistence score 64/100). Intensity score 22/100. Overall risk: 59/100.,0.0,0.0,1.0,0.0,0.0,0.0,0.0,0.43,0.62,N21,VIIRS,n,2.0NRT,N,50.0,60.0,,,,0,medium
18.68532,73.03194,Maharashtra,1869_7303,2026-09-24,2055.0,Industrial,1.0,Industrial,56.0,High,0.754,2.56,317.96,295.89,317.96,295.89,0.993,1.187,7.98,86.791,16.473,25.024,Bare / sparse vegetation,60.0,2500.031982421875,0.7486448511604031,0.5877739531418044,0.5072615086384509,0.12966006172101702,1.0,53.0,dist_power_plant_km,2.3978,Classified as Industrial (100% confidence). moderately persistent (persistence score 56/100). Intensity score 28/100. Overall risk: 56/100.,0.0,0.0,1.0,0.0,0.0,0.0,0.0,0.44,0.38,N21,VIIRS,n,2.0NRT,N,50.0,60.0,,,,0,medium
18.69251,73.03823,Maharashtra,1869_7304,2026-08-25,2017.0,Industrial,1.0,Industrial,50.7,High,0.756,3.2,306.34,291.2,306.34,291.2,0.366,0.879,7.059,85.759,16.845,24.578,Built-up,50.0,6884.27783203125,0.7413915852262982,9.106079138855144e-07,0.5111856334014664,0.26991971062212156,1.0,56.0,dist_power_plant_km,2.2971,Classified as Industrial (100% confidence). moderately persistent (persistence score 43/100). Intensity score 31/100. Overall risk: 51/100.,0.0,0.0,1.0,0.0,0.0,0.0,0.0,0.49,0.49,N21,VIIRS,n,2.0NRT,N,50.0,50.0,,,,0,medium
18.69194,73.04287,Maharashtra,1869_7304,2026-08-25,2017.0,Industrial,1.0,Industrial,60.9,High,0.751,2.48,307.97,291.16,307.97,291.16,0.378,0.645,6.629,85.454,16.566,24.853,Built-up,50.0,6884.27783203125,0.7450530918139344,1.0,0.5019681270900235,0.12609932843518465,1.0,56.0,dist_power_plant_km,2.293,Classified as Industrial (100% confidence). moderately persistent (persistence score 66/100). Intensity score 27/100. Overall risk: 61/100.,0.0,0.0,1.0,0.0,0.0,0.0,0.0,0.49,0.49,N21,VIIRS,n,2.0NRT,N,50.0,50.0,,,,0,medium
18.69099,73.04218,Maharashtra,1869_7304,2026-08-28,833.0,Industrial,1.0,Industrial,61.0,High,0.754,2.95,333.21,292.56,333.21,292.56,0.256,0.549,6.738,85.58,16.504,24.914,Built-up,50.0,6884.27783203125,0.7486448511604031,0.9330329915368074,0.5078046544994617,0.12501135594758875,1.0,56.0,dist_power_plant_km,2.3789,Classified as Industrial (100% confidence). moderately persistent (persistence score 64/100). Intensity score 30/100. Overall risk: 61/100.,0.0,0.0,1.0,0.0,0.0,0.0,0.0,0.43,0.38,N21,VIIRS,n,2.0NRT,D,50.0,50.0,,,,0,medium
18.6894,73.03887,Maharashtra,1869_7304,2026-08-31,2006.0,Industrial,1.0,Industrial,54.8,High,0.739,0.61,302.48,289.75,302.48,289.75,0.138,0.581,7.128,85.953,16.508,24.919,Built-up,50.0,6884.27783203125,0.7521694708713587,0.9330329915368074,0.47842143083189126,0.1244921073741842,1.0,56.0,dist_power_plant_km,2.3929,Classified as Industrial (100% confidence). moderately persistent (persistence score 63/100). Intensity score 10/100. Overall risk: 55/100.,0.0,0.0,1.0,0.0,0.0,0.0,0.0,0.4,0.6,N21,VIIRS,n,2.0NRT,N,50.0,50.0,,,,0,medium
18.69045,73.04063,Maharashtra,1869_7304,2026-09-08,2055.0,Industrial,1.0,Industrial,61.1,High,0.759,3.74,322.23,291.12,322.23,291.12,0.094,0.549,6.912,85.739,16.525,24.895,Built-up,50.0,6884.27783203125,0.7556294149979565,0.8312378961427878,0.5179251850007239,0.123991898910095,1.0,56.0,dist_power_plant_km,2.4957,Classified as Industrial (100% confidence). moderately persistent (persistence score 62/100). Intensity score 34/100. Overall risk: 61/100.,0.0,0.0,1.0,0.0,0.0,0.0,0.0,0.44,0.38,N21,VIIRS,n,2.0NRT,N,50.0,50.0,,,,0,medium
18.69088,73.04147,Maharashtra,1869_7304,2026-09-24,2055.0,Industrial,1.0,Industrial,57.7,High,0.752,2.71,322.28,293.67,322.28,293.67,0.189,0.556,6.811,85.642,16.527,24.892,Built-up,50.0,6884.27783203125,0.7590270143845762,0.690956439983888,0.5047316769256813,0.12438712970312972,1.0,56.0,dist_power_plant_km,2.4223,Classified as Industrial (100% confidence). moderately persistent (persistence score 58/100). Intensity score 28/100. Overall risk: 58/100.,0.0,0.0,1.0,0.0,0.0,0.0,0.0,0.44,0.38,N21,VIIRS,n,2.0NRT,N,50.0,50.0,,,,0,medium
18.68763,73.04997,Maharashtra,1869_7305,2026-08-31,2006.0,Industrial,1.0,Industrial,47.5,Medium,0.746,1.39,301.29,289.04,301.29,289.04,0.687,0.734,6.173,85.262,15.812,25.623,Tree cover,10.0,2782.801513671875,0.7413915852262982,5.73647039452609e-07,0.4923181045127059,0.35497916842153865,1.0,52.0,dist_power_plant_km,2.2428,Classified as Industrial (100% confidence). moderately persistent (persistence score 44/100). Intensity score 19/100. Overall risk: 48/100.,0.0,0.0,1.0,0.0,0.0,0.0,0.0,0.4,0.6,N21,VIIRS,n,2.0NRT,N,50.0,10.0,,,,0,medium
18.68805,73.05092,Maharashtra,1869_7305,2026-09-01,2125.0,Industrial,1.0,Industrial,57.6,High,0.744,1.1,298.87,280.5,298.87,280.5,0.652,0.842,6.063,85.158,15.813,25.629,Tree cover,10.0,2782.801513671875,0.7450530918139344,0.9771599684342459,0.4888449885622369,0.19410473010979323,1.0,52.0,dist_power_plant_km,2.3282,Classified as Industrial (100% confidence). moderately persistent (persistence score 66/100). Intensity score 16/100. Overall risk: 58/100.,0.0,0.0,1.0,0.0,0.0,0.0,0.0,0.43,0.62,N21,VIIRS,n,2.0NRT,N,50.0,10.0,,,,0,medium
18.77779,73.7496,Maharashtra,1878_7375,2026-08-29,2044.0,Industrial,1.0,Industrial,32.0,Medium,0.75,1.86,321.51,289.43,321.51,289.43,0.375,13.649,9.136,52.049,71.413,75.159,Bare / sparse vegetation,60.0,897.3280029296875,0.20715616162265582,3.2175166531647007e-10,,,0.5,3.0,dist_industrial_zone_km,4.3013,Classified as Industrial (100% confidence). low persistence / first-seen (persistence score 10/100). Intensity score 23/100. Overall risk: 32/100.,0.0,0.0,1.0,0.0,0.0,0.0,0.0,0.38,0.36,N21,VIIRS,n,2.0NRT,N,50.0,60.0,,,,0,medium
18.79948,74.2539,Maharashtra,1880_7425,2026-08-31,2006.0,Industrial,1.0,Industrial,40.8,Medium,0.732,1.46,305.94,288.24,305.94,288.24,1.689,22.577,5.586,81.831,123.186,123.913,Grassland,30.0,250.34130859375,0.337857147626047,2.2245240009708597e-07,0.4646590307947753,0.4265694594170901,1.0,6.0,dist_industrial_zone_km,4.2718,Classified as Industrial (100% confidence). low persistence / first-seen (persistence score 30/100). Intensity score 20/100. Overall risk: 41/100.,0.0,0.0,1.0,0.0,0.0,0.0,0.0,0.33,0.55,N21,VIIRS,n,2.0NRT,N,50.0,30.0,,,,0,medium
18.80414,74.25832,Maharashtra,1880_7426,2026-08-25,2017.0,Other/Unknown,0.9998,Other/Unknown,24.5,Low,0.347,1.88,314.73,290.13,314.73,290.13,2.18,22.726,5.007,81.906,123.752,124.226,Grassland,30.0,334.78717041015625,0.7413915852262982,7.74624248844372e-07,0.4940302836853867,0.3904521787586183,1.0,51.0,dist_industrial_zone_km,0.8397,Classified as Other/Unknown (100% confidence). moderately persistent (persistence score 44/100). Intensity score 23/100. Overall risk: 24/100.,0.0,0.0,0.0002,0.0,0.9998,0.0,0.0,0.41,0.45,N21,VIIRS,n,2.0NRT,N,50.0,30.0,,,,0,n/a
18.8592,72.92779,Maharashtra,1886_7293,2026-09-09,2036.0,Industrial,1.0,Industrial,56.0,High,0.769,6.95,333.14,293.61,333.14,293.61,0.628,5.135,12.957,83.898,21.663,3.644,Tree cover,10.0,3780.60302734375,0.7413915852262982,5.352316133067003e-07,0.5384837362980178,0.3802945476404408,1.0,51.0,dist_industrial_zone_km,4.1912,Classified as Industrial (100% confidence). moderately persistent (persistence score 45/100). Intensity score 45/100. Overall risk: 56/100.,0.0,0.0,1.0,0.0,0.0,0.0,0.0,0.42,0.38,N21,VIIRS,n,2.0NRT,N,50.0,10.0,,,,0,medium
19.82038,79.23856,Maharashtra,1982_7924,2026-08-25,2019.0,Mining/Extraction,1.0,Mining/Extraction,42.7,Medium,0.75,1.6,322.73,286.31,322.73,286.31,6.862,16.499,0.445,466.826,191.395,14.2,Cropland,40.0,132.27188110351562,0.7413915852262982,8.297140879000908e-10,0.5004274998958289,0.2601591199979262,1.0,51.0,dist_quarry_km,5.1142,Classified as Mining/Extraction (100% confidence). moderately persistent (persistence score 42/100). Intensity score 21/100. Overall risk: 43/100.,0.0,0.0,0.0,1.0,0.0,0.0,0.0,0.39,0.36,N21,VIIRS,n,2.0NRT,N,50.0,40.0,,,,0,medium
19.93664,73.71329,Maharashtra,1994_7371,2026-08-31,2004.0,Mining/Extraction,1.0,Mining/Extraction,43.4,Medium,0.754,1.72,302.54,286.53,302.54,286.53,0.202,2.876,0.093,79.115,108.743,2.798,Bare / sparse vegetation,60.0,3099.80859375,0.7413915852262982,7.74624248844372e-07,0.5087616030474277,0.3123029615011887,1.0,52.0,dist_quarry_km,3.6818,Classified as Mining/Extraction (100% confidence). moderately persistent (persistence score 43/100). Intensity score 22/100. Overall risk: 43/100.,0.0,0.0,0.0,1.0,0.0,0.0,0.0,0.37,0.58,N21,VIIRS,n,2.0NRT,N,50.0,60.0,,,,0,medium
19.93538,73.70989,Maharashtra,1994_7371,2026-09-21,2012.0,Mining/Extraction,1.0,Mining/Extraction,52.9,High,0.767,3.78,328.87,287.61,328.87,287.61,0.463,3.25,0.317,78.934,108.392,3.145,Bare / sparse vegetation,60.0,3099.80859375,0.7450530918139344,0.6155722066724582,0.5342867914592654,0.1581709857276323,1.0,52.0,dist_quarry_km,5.1455,Classified as Mining/Extraction (100% confidence). moderately persistent (persistence score 57/100). Intensity score 34/100. Overall risk: 53/100.,0.0,0.0,0.0,1.0,0.0,0.0,0.0,0.58,0.52,N21,VIIRS,n,2.0NRT,N,50.0,60.0,,,,0,medium
20.79259,85.25351,Odisha,2079_8525,2026-08-27,709.0,Industrial,1.0,Industrial,59.4,High,0.791,11.26,339.62,293.3,339.62,293.3,1.505,1.562,19.388,155.917,289.743,41.636,Tree cover,10.0,4351.27783203125,0.7413915852262982,8.496272260096937e-07,0.5829511424920922,0.38366428803382147,1.0,57.0,dist_power_plant_km,2.0562,Classified as Industrial (100% confidence). moderately persistent (persistence score 46/100). Intensity score 54/100. Overall risk: 59/100.,0.0,0.0,1.0,0.0,0.0,0.0,0.0,0.39,0.44,N21,VIIRS,n,2.0NRT,D,50.0,10.0,,,,0,medium
20.79287,85.25444,Odisha,2079_8525,2026-09-07,1932.0,Industrial,1.0,Industrial,66.2,High,0.782,9.84,338.42,290.03,338.42,290.03,1.428,1.533,19.419,155.998,289.643,41.663,Tree cover,10.0,4351.27783203125,0.7450530918139344,0.7755723809168673,0.5639806534507187,0.12845134552498783,1.0,57.0,dist_power_plant_km,2.0821,Classified as Industrial (100% confidence). moderately persistent (persistence score 61/100). Intensity score 52/100. Overall risk: 66/100.,0.0,0.0,1.0,0.0,0.0,0.0,0.0,0.44,0.46,N21,VIIRS,n,2.0NRT,N,50.0,10.0,,,,0,medium
20.79323,85.25481,Odisha,2079_8525,2026-09-07,1932.0,Industrial,1.0,Industrial,67.9,High,0.772,8.31,337.99,289.68,337.99,289.68,1.374,1.496,19.41,156.022,289.59,41.65,Tree cover,10.0,4351.27783203125,0.7486448511604031,1.0,0.5438581479929185,0.1293051300550783,1.0,57.0,dist_power_plant_km,2.0779,Classified as Industrial (100% confidence). moderately persistent (persistence score 67/100). Intensity score 48/100. Overall risk: 68/100.,0.0,0.0,1.0,0.0,0.0,0.0,0.0,0.44,0.46,N21,VIIRS,n,2.0NRT,N,50.0,10.0,,,,0,medium
20.79309,85.25423,Odisha,2079_8525,2026-09-10,2017.0,Industrial,1.0,Industrial,64.4,High,0.755,5.61,323.4,281.84,323.4,281.84,1.418,1.508,19.387,155.97,289.651,41.63,Tree cover,10.0,4351.27783203125,0.7521694708713587,0.9330329915368074,0.509390405142663,0.12821328177471686,1.0,57.0,dist_power_plant_km,2.1167,Classified as Industrial (100% confidence). moderately persistent (persistence score 64/100). Intensity score 41/100. Overall risk: 64/100.,0.0,0.0,1.0,0.0,0.0,0.0,0.0,0.56,0.43,N21,VIIRS,n,2.0NRT,N,50.0,10.0,,,,0,medium
20.79437,85.254,Odisha,2079_8525,2026-09-12,1940.0,Industrial,1.0,Industrial,70.1,High,0.794,11.96,330.88,291.74,330.88,291.74,1.312,1.365,19.258,155.901,289.604,41.498,Tree cover,10.0,4351.27783203125,0.7556294149979565,0.9548416039104165,0.5876769796241126,0.1276789480606876,1.0,57.0,dist_power_plant_km,2.0815,Classified as Industrial (100% confidence). moderately persistent (persistence score 67/100). Intensity score 56/100. Overall risk: 70/100.,0.0,0.0,1.0,0.0,0.0,0.0,0.0,0.53,0.42,N21,VIIRS,n,2.0NRT,N,50.0,10.0,,,,0,medium
20.79246,85.25185,Odisha,2079_8525,2026-09-12,1940.0,Industrial,1.0,Industrial,63.2,High,0.743,3.91,329.1,291.66,329.1,291.66,1.615,1.587,19.299,155.758,289.901,41.554,Tree cover,10.0,4351.27783203125,0.7590270143845762,1.0,0.48636020316422723,0.1269890786217561,1.0,57.0,dist_power_plant_km,2.0702,Classified as Industrial (100% confidence). moderately persistent (persistence score 66/100). Intensity score 34/100. Overall risk: 63/100.,0.0,0.0,1.0,0.0,0.0,0.0,0.0,0.53,0.42,N21,VIIRS,n,2.0NRT,N,50.0,10.0,,,,0,medium
20.79419,85.25394,Odisha,2079_8525,2026-09-15,754.0,Industrial,1.0,Industrial,69.2,High,0.786,10.81,346.83,296.51,346.83,296.51,1.332,1.385,19.27,155.902,289.619,41.511,Tree cover,10.0,4351.27783203125,0.7623644761006665,0.9330329915368074,0.5723392785959899,0.12597274392376537,1.0,57.0,dist_power_plant_km,2.0702,Classified as Industrial (100% confidence). moderately persistent (persistence score 66/100). Intensity score 53/100. Overall risk: 69/100.,0.0,0.0,1.0,0.0,0.0,0.0,0.0,0.42,0.45,N21,VIIRS,n,2.0NRT,D,50.0,10.0,,,,0,medium
20.79631,85.2524,Odisha,2080_8525,2026-09-12,1940.0,Industrial,1.0,Industrial,52.3,High,0.753,3.91,328.81,291.0,328.81,291.0,1.258,1.155,18.986,155.674,289.647,41.226,Tree cover,10.0,4091.601318359375,0.7413915852262982,6.007771729921693e-07,0.5051623165573094,0.351535616919491,1.0,51.0,dist_power_plant_km,2.4092,Classified as Industrial (100% confidence). moderately persistent (persistence score 44/100). Intensity score 34/100. Overall risk: 52/100.,0.0,0.0,1.0,0.0,0.0,0.0,0.0,0.53,0.42,N21,VIIRS,n,2.0NRT,N,50.0,10.0,,,,0,medium
20.79946,85.25735,Odisha,2080_8526,2026-08-26,1957.0,Industrial,1.0,Industrial,45.3,Medium,0.736,0.78,306.59,278.15,306.59,278.15,0.65,0.888,19.018,156.05,289.027,41.22,Built-up,50.0,3071.0,0.7413915852262982,8.898096003883441e-07,0.47226848800124854,0.36047219489903065,1.0,51.0,dist_power_plant_km,2.3929,Classified as Industrial (100% confidence). moderately persistent (persistence score 43/100). Intensity score 12/100. Overall risk: 45/100.,0.0,0.0,1.0,0.0,0.0,0.0,0.0,0.38,0.36,N21,VIIRS,n,2.0NRT,N,50.0,50.0,,,,0,medium
20.80563,85.25608,Odisha,2081_8526,2026-09-07,1932.0,Industrial,1.0,Industrial,54.7,High,0.771,5.55,322.07,291.07,322.07,291.07,0.568,0.28,18.4,155.708,288.817,40.579,Built-up,50.0,2250.96044921875,0.7413915852262982,6.743495761743051e-07,0.5415514489775348,0.37035985565535423,1.0,51.0,dist_power_plant_km,2.2996,Classified as Industrial (100% confidence). moderately persistent (persistence score 45/100). Intensity score 41/100. Overall risk: 55/100.,0.0,0.0,1.0,0.0,0.0,0.0,0.0,0.44,0.46,N21,VIIRS,n,2.0NRT,N,50.0,50.0,,,,0,medium
20.86411,84.99441,Odisha,2086_8499,2026-08-26,1957.0,Industrial,1.0,Industrial,52.8,High,0.762,3.46,322.59,289.01,322.59,289.01,1.457,3.127,7.905,127.868,310.2,27.236,Tree cover,10.0,1022.4307250976562,0.7413915852262982,7.927302323749431e-07,0.5237670751603594,0.480441137014223,1.0,56.0,dist_industrial_zone_km,4.1249,Classified as Industrial (100% confidence). moderately persistent (persistence score 46/100). Intensity score 32/100. Overall risk: 53/100.,0.0,0.0,1.0,0.0,0.0,0.0,0.0,0.38,0.36,N21,VIIRS,n,2.0NRT,N,50.0,10.0,,,,0,medium
20.86468,84.99075,Odisha,2086_8499,2026-08-26,1957.0,Industrial,1.0,Industrial,60.1,High,0.753,2.02,316.09,289.13,316.09,289.13,1.243,3.061,8.283,127.488,310.518,27.234,Tree cover,10.0,1022.4307250976562,0.7450530918139344,1.0,0.5053184268570478,0.14281494815273751,1.0,56.0,dist_industrial_zone_km,4.3089,Classified as Industrial (100% confidence). moderately persistent (persistence score 66/100). Intensity score 24/100. Overall risk: 60/100.,0.0,0.0,1.0,0.0,0.0,0.0,0.0,0.38,0.36,N21,VIIRS,n,2.0NRT,N,50.0,10.0,,,,0,medium
20.86195,84.98651,Odisha,2086_8499,2026-08-26,1957.0,Industrial,1.0,Industrial,60.2,High,0.753,2.02,328.95,288.09,328.95,288.09,1.494,3.414,8.738,127.174,311.046,27.609,Tree cover,10.0,1022.4307250976562,0.7486448511604031,1.0,0.5052161569111883,0.14159769231643485,1.0,56.0,dist_industrial_zone_km,4.2662,Classified as Industrial (100% confidence). moderately persistent (persistence score 66/100). Intensity score 24/100. Overall risk: 60/100.,0.0,0.0,1.0,0.0,0.0,0.0,0.0,0.38,0.36,N21,VIIRS,n,2.0NRT,N,50.0,10.0,,,,0,medium
20.86458,84.99162,Odisha,2086_8499,2026-09-02,1925.0,Industrial,1.0,Industrial,61.0,High,0.761,3.42,307.49,286.53,307.49,286.53,1.283,3.068,8.193,127.577,310.441,27.23,Tree cover,10.0,1022.4307250976562,0.7521694708713587,0.8506671609508557,0.522602509594586,0.14041268571872503,1.0,56.0,dist_industrial_zone_km,4.2634,Classified as Industrial (100% confidence). moderately persistent (persistence score 63/100). Intensity score 32/100. Overall risk: 61/100.,0.0,0.0,1.0,0.0,0.0,0.0,0.0,0.58,0.52,N21,VIIRS,n,2.0NRT,N,50.0,10.0,,,,0,medium
20.86311,84.9883,Odisha,2086_8499,2026-09-07,1932.0,Industrial,1.0,Industrial,60.8,High,0.758,2.96,335.65,291.32,335.65,291.32,1.367,3.258,8.545,127.306,310.822,27.449,Tree cover,10.0,1022.4307250976562,0.7556294149979565,0.8908987181403393,0.5164431424293021,0.14045558123412094,1.0,56.0,dist_industrial_zone_km,4.3126,Classified as Industrial (100% confidence). moderately persistent (persistence score 64/100). Intensity score 30/100. Overall risk: 61/100.,0.0,0.0,1.0,0.0,0.0,0.0,0.0,0.46,0.47,N21,VIIRS,n,2.0NRT,N,50.0,10.0,,,,0,medium
20.86321,84.98904,Odisha,2086_8499,2026-09-12,1940.0,Industrial,1.0,Industrial,59.4,High,0.753,2.21,329.03,292.47,329.03,292.47,1.364,3.238,8.467,127.375,310.748,27.425,Tree cover,10.0,1022.4307250976562,0.7590270143845762,0.8908987181403393,0.5067745853948031,0.140171152935951,1.0,56.0,dist_industrial_zone_km,4.3116,Classified as Industrial (100% confidence). moderately persistent (persistence score 64/100). Intensity score 25/100. Overall risk: 59/100.,0.0,0.0,1.0,0.0,0.0,0.0,0.0,0.55,0.43,N21,VIIRS,n,2.0NRT,N,50.0,10.0,,,,0,medium
20.86797,84.99133,Odisha,2087_8499,2026-08-26,1957.0,Industrial,1.0,Industrial,47.7,Medium,0.749,1.49,305.97,288.27,305.97,288.27,0.926,2.693,8.217,127.425,310.309,26.863,Built-up,50.0,1864.9617919921875,0.7413915852262982,8.496272260096937e-07,0.4974250227649043,0.343010324515801,1.0,54.0,dist_industrial_zone_km,4.0981,Classified as Industrial (100% confidence). moderately persistent (persistence score 44/100). Intensity score 20/100. Overall risk: 48/100.,0.0,0.0,1.0,0.0,0.0,0.0,0.0,0.38,0.36,N21,VIIRS,n,2.0NRT,N,50.0,50.0,,,,0,medium
20.86524,84.98709,Odisha,2087_8499,2026-08-26,1957.0,Industrial,1.0,Industrial,60.0,High,0.752,2.02,310.12,288.65,310.12,288.65,1.126,3.043,8.661,127.109,310.836,27.239,Built-up,50.0,1864.9617919921875,0.7450530918139344,1.0,0.50410039827092,0.1297133998607036,1.0,54.0,dist_industrial_zone_km,4.3123,Classified as Industrial (100% confidence). moderately persistent (persistence score 66/100). Intensity score 24/100. Overall risk: 60/100.,0.0,0.0,1.0,0.0,0.0,0.0,0.0,0.38,0.36,N21,VIIRS,n,2.0NRT,N,50.0,50.0,,,,0,medium
20.86519,84.98612,Odisha,2087_8499,2026-09-02,1925.0,Industrial,1.0,Industrial,60.9,High,0.761,3.42,316.15,286.58,316.15,286.58,1.137,3.068,8.762,127.016,310.93,27.262,Built-up,50.0,1864.9617919921875,0.7486448511604031,0.8506671609508557,0.5215083532486385,0.1285972720711771,1.0,54.0,dist_industrial_zone_km,4.2987,Classified as Industrial (100% confidence). moderately persistent (persistence score 62/100). Intensity score 32/100. Overall risk: 61/100.,0.0,0.0,1.0,0.0,0.0,0.0,0.0,0.58,0.52,N21,VIIRS,n,2.0NRT,N,50.0,50.0,,,,0,medium
20.87126,84.9938,Odisha,2087_8499,2026-09-07,1932.0,Industrial,1.0,Industrial,66.1,High,0.785,7.29,335.78,290.8,335.78,290.8,0.82,2.33,7.973,127.548,309.922,26.461,Built-up,50.0,1864.9617919921875,0.7521694708713587,0.8908987181403393,0.5690465752118746,0.12875098801410306,1.0,54.0,dist_industrial_zone_km,4.0124,Classified as Industrial (100% confidence). moderately persistent (persistence score 65/100). Intensity score 46/100. Overall risk: 66/100.,0.0,0.0,1.0,0.0,0.0,0.0,0.0,0.46,0.47,N21,VIIRS,n,2.0NRT,N,50.0,50.0,,,,0,medium
20.88999,84.98014,Odisha,2089_8498,2026-08-26,1957.0,Industrial,1.0,Industrial,47.1,Medium,0.746,1.28,310.5,286.79,310.5,286.79,0.733,1.29,7.766,125.538,310.343,24.691,Tree cover,10.0,1360.9471435546875,0.7413915852262982,8.694863210279636e-07,0.4915757972584771,0.34700868966099097,1.0,56.0,dist_power_plant_km,2.3229,Classified as Industrial (100% confidence). moderately persistent (persistence score 43/100). Intensity score 18/100. Overall risk: 47/100.,0.0,0.0,1.0,0.0,0.0,0.0,0.0,0.38,0.36,N21,VIIRS,n,2.0NRT,N,50.0,10.0,,,,0,medium
20.88613,84.98322,Odisha,2089_8498,2026-08-26,1957.0,Industrial,1.0,Industrial,63.8,High,0.764,4.18,326.31,287.05,326.31,287.05,1.229,1.161,8.033,125.977,310.23,25.04,Tree cover,10.0,1360.9471435546875,0.7450530918139344,1.0,0.5279609940842201,0.1284569585027438,1.0,56.0,dist_power_plant_km,2.4779,Classified as Industrial (100% confidence). moderately persistent (persistence score 66/100). Intensity score 36/100. Overall risk: 64/100.,0.0,0.0,1.0,0.0,0.0,0.0,0.0,0.38,0.36,N21,VIIRS,n,2.0NRT,N,50.0,10.0,,,,0,medium
20.8899,84.98321,Odisha,2089_8498,2026-09-02,1925.0,Industrial,1.0,Industrial,61.9,High,0.763,4.13,316.9,285.7,316.9,285.7,0.847,0.981,7.645,125.844,310.057,24.63,Tree cover,10.0,1360.9471435546875,0.7486448511604031,0.8506671609508557,0.5268012101488152,0.12735060553295183,1.0,56.0,dist_power_plant_km,2.5192,Classified as Industrial (100% confidence). moderately persistent (persistence score 63/100). Intensity score 35/100. Overall risk: 62/100.,0.0,0.0,1.0,0.0,0.0,0.0,0.0,0.58,0.52,N21,VIIRS,n,2.0NRT,N,50.0,10.0,,,,0,medium
20.89001,84.97901,Odisha,2089_8498,2026-09-02,1925.0,Industrial,1.0,Industrial,62.6,High,0.758,3.31,314.27,285.43,314.27,285.43,0.725,1.405,7.815,125.426,310.449,24.716,Tree cover,10.0,1360.9471435546875,0.7521694708713587,1.0,0.5160652228958533,0.12751867422428434,1.0,56.0,dist_power_plant_km,2.2159,Classified as Industrial (100% confidence). moderately persistent (persistence score 66/100). Intensity score 32/100. Overall risk: 63/100.,0.0,0.0,1.0,0.0,0.0,0.0,0.0,0.58,0.52,N21,VIIRS,n,2.0NRT,N,50.0,10.0,,,,0,medium
20.89015,84.9828,Odisha,2089_8498,2026-09-07,1932.0,Industrial,1.0,Industrial,60.3,High,0.754,2.76,323.51,290.68,323.51,290.68,0.802,1.015,7.636,125.795,310.084,24.612,Tree cover,10.0,1360.9471435546875,0.7556294149979565,0.8908987181403393,0.5088972088950876,0.12646053574741195,1.0,56.0,dist_power_plant_km,2.5897,Classified as Industrial (100% confidence). moderately persistent (persistence score 63/100). Intensity score 29/100. Overall risk: 60/100.,0.0,0.0,1.0,0.0,0.0,0.0,0.0,0.46,0.47,N21,VIIRS,n,2.0NRT,N,50.0,10.0,,,,0,medium
20.88648,84.9843,Odisha,2089_8498,2026-09-15,754.0,Industrial,1.0,Industrial,63.1,High,0.769,5.11,342.66,298.42,342.66,298.42,1.237,1.047,7.955,126.071,310.112,24.978,Tree cover,10.0,1360.9471435546875,0.7590270143845762,0.8312378961427878,0.5380377269704644,0.12630547114196916,1.0,56.0,dist_power_plant_km,2.4537,Classified as Industrial (100% confidence). moderately persistent (persistence score 63/100). Intensity score 39/100. Overall risk: 63/100.,0.0,0.0,1.0,0.0,0.0,0.0,0.0,0.41,0.45,N21,VIIRS,n,2.0NRT,D,50.0,10.0,,,,0,medium
20.91191,71.45881,Gujarat,2091_7146,2026-08-25,2019.0,Industrial,1.0,Industrial,46.7,Medium,0.748,0.96,305.05,290.37,305.05,290.37,0.482,1.58,4.074,208.433,122.439,114.731,Built-up,50.0,5997.14892578125,0.7413915852262982,9.106079138855144e-07,0.49677254482602734,0.42115964424031116,1.0,53.0,dist_power_plant_km,2.1192,Classified as Industrial (100% confidence). moderately persistent (persistence score 45/100). Intensity score 15/100. Overall risk: 47/100.,0.0,0.0,1.0,0.0,0.0,0.0,0.0,0.33,0.55,N21,VIIRS,n,2.0NRT,N,50.0,50.0,,,,0,medium
20.90965,71.45818,Gujarat,2091_7146,2026-09-01,2125.0,Industrial,1.0,Industrial,56.0,High,0.75,1.21,303.17,282.35,303.17,282.35,0.372,1.389,3.873,208.665,122.547,114.669,Built-up,50.0,5997.14892578125,0.7450530918139344,0.8506671609508557,0.499960784313806,0.12738140850197166,1.0,53.0,dist_power_plant_km,2.2303,Classified as Industrial (100% confidence). moderately persistent (persistence score 62/100). Intensity score 17/100. Overall risk: 56/100.,0.0,0.0,1.0,0.0,0.0,0.0,0.0,0.62,0.54,N21,VIIRS,n,2.0NRT,N,50.0,50.0,,,,0,medium
20.90948,71.46121,Gujarat,2091_7146,2026-09-24,2055.0,Industrial,1.0,Industrial,50.7,High,0.746,0.63,310.26,297.83,310.26,297.83,0.127,1.235,4.125,208.474,122.24,114.984,Built-up,50.0,5997.14892578125,0.7486448511604031,0.5877739531418044,0.4927120546513456,0.12754458661033088,1.0,53.0,dist_power_plant_km,2.3019,Classified as Industrial (100% confidence). moderately persistent (persistence score 55/100). Intensity score 11/100. Overall risk: 51/100.,0.0,0.0,1.0,0.0,0.0,0.0,0.0,0.39,0.36,N21,VIIRS,n,2.0NRT,N,50.0,50.0,,,,0,medium
20.95447,85.01464,Odisha,2095_8501,2026-09-02,1925.0,Mining/Extraction,1.0,Mining/Extraction,46.8,Medium,0.755,4.5,305.03,283.38,305.03,283.38,7.421,4.174,0.318,126.942,304.158,16.994,Bare / sparse vegetation,60.0,124.6346664428711,0.7413915852262982,4.151108566742542e-07,0.5090989953717757,0.20763218374388406,1.0,51.0,dist_quarry_km,4.8938,Classified as Mining/Extraction (100% confidence). moderately persistent (persistence score 42/100). Intensity score 37/100. Overall risk: 47/100.,0.0,0.0,0.0,1.0,0.0,0.0,0.0,0.58,0.52,N21,VIIRS,n,2.0NRT,N,50.0,60.0,,,,0,medium
20.95039,86.04722,Odisha,2095_8605,2026-09-12,1940.0,Industrial,1.0,Industrial,55.7,High,0.774,6.59,327.83,292.11,327.83,292.11,0.586,1.217,10.598,173.649,210.24,97.567,Built-up,50.0,1647.0184326171875,0.7413915852262982,6.007771729921693e-07,0.5486728753356958,0.3559249199828499,1.0,51.0,dist_power_plant_km,2.3745,Classified as Industrial (100% confidence). moderately persistent (persistence score 45/100). Intensity score 44/100. Overall risk: 56/100.,0.0,0.0,1.0,0.0,0.0,0.0,0.0,0.49,0.4,N21,VIIRS,n,2.0NRT,N,50.0,50.0,,,,0,medium
20.96261,85.16816,Odisha,2096_8517,2026-08-27,709.0,Mining/Extraction,1.0,Mining/Extraction,48.6,Medium,0.765,5.52,330.87,293.93,330.87,293.93,2.974,6.899,1.127,142.215,289.225,21.155,Permanent water bodies,80.0,1528.8194580078125,0.7413915852262982,8.694863210279636e-07,0.5290995782681969,0.29677895108308555,1.0,51.0,dist_quarry_km,4.7034,Classified as Mining/Extraction (100% confidence). moderately persistent (persistence score 44/100). Intensity score 41/100. Overall risk: 49/100.,0.0,0.0,0.0,1.0,0.0,0.0,0.0,0.39,0.44,N21,VIIRS,n,2.0NRT,D,50.0,80.0,,,,0,medium
20.96254,85.18925,Odisha,2096_8519,2026-09-10,2017.0,Mining/Extraction,1.0,Mining/Extraction,44.6,Medium,0.757,2.46,315.65,269.92,315.65,269.92,2.257,5.839,0.923,144.354,287.236,22.657,Bare / sparse vegetation,60.0,1938.8819580078125,0.7413915852262982,6.007771729921693e-07,0.5131594602804347,0.2867742971336029,1.0,53.0,dist_quarry_km,4.7716,Classified as Mining/Extraction (100% confidence). moderately persistent (persistence score 43/100). Intensity score 27/100. Overall risk: 45/100.,0.0,0.0,0.0,1.0,0.0,0.0,0.0,0.55,0.43,N21,VIIRS,n,2.0NRT,N,50.0,60.0,,,,0,medium
20.96124,85.18665,Odisha,2096_8519,2026-09-15,754.0,Mining/Extraction,1.0,Mining/Extraction,64.6,High,0.832,15.0,344.02,299.42,344.02,299.42,2.508,5.802,0.654,144.122,287.542,22.569,Bare / sparse vegetation,60.0,1938.8819580078125,0.7450530918139344,0.8908987181403393,0.6634301007504129,0.17636132576275257,1.0,53.0,dist_quarry_km,5.2401,Classified as Mining/Extraction (100% confidence). moderately persistent (persistence score 68/100). Intensity score 60/100. Overall risk: 65/100.,0.0,0.0,0.0,1.0,0.0,0.0,0.0,0.42,0.45,N21,VIIRS,n,2.0NRT,D,50.0,60.0,,,,0,medium
20.96368,85.18692,Odisha,2096_8519,2026-09-15,754.0,Mining/Extraction,1.0,Mining/Extraction,65.1,High,0.822,13.51,347.57,300.2,347.57,300.2,2.517,6.042,0.706,144.09,287.403,22.396,Bare / sparse vegetation,60.0,1938.8819580078125,0.7486448511604031,1.0,0.6436099981501756,0.1756836703767247,1.0,53.0,dist_quarry_km,5.1828,Classified as Mining/Extraction (100% confidence). moderately persistent (persistence score 70/100). Intensity score 58/100. Overall risk: 65/100.,0.0,0.0,0.0,1.0,0.0,0.0,0.0,0.42,0.45,N21,VIIRS,n,2.0NRT,D,50.0,60.0,,,,0,medium
20.96335,86.00627,Odisha,2096_8601,2026-09-12,1940.0,Industrial,1.0,Industrial,52.5,High,0.726,4.44,323.34,292.14,323.34,292.14,0.929,1.314,9.713,172.715,212.937,101.355,Bare / sparse vegetation,60.0,212.0627899169922,0.7413915852262982,6.007771729921693e-07,0.4514583724511213,0.37834592433702136,1.0,54.0,dist_power_plant_km,2.1343,Classified as Industrial (100% confidence). moderately persistent (persistence score 43/100). Intensity score 37/100. Overall risk: 52/100.,0.0,0.0,1.0,0.0,0.0,0.0,0.0,0.49,0.4,N21,VIIRS,n,2.0NRT,N,50.0,60.0,,,,0,medium
20.96378,86.00751,Odisha,2096_8601,2026-09-14,811.0,Industrial,1.0,Industrial,67.1,High,0.753,8.81,344.53,289.13,344.53,289.13,0.841,1.344,9.85,172.651,212.804,101.31,Bare / sparse vegetation,60.0,212.0627899169922,0.7450530918139344,0.9548416039104165,0.5068843688301388,0.12975291432415215,1.0,54.0,dist_power_plant_km,2.1365,Classified as Industrial (100% confidence). moderately persistent (persistence score 65/100). Intensity score 49/100. Overall risk: 67/100.,0.0,0.0,1.0,0.0,0.0,0.0,0.0,0.48,0.65,N21,VIIRS,n,2.0NRT,D,50.0,60.0,,,,0,medium
20.96169,86.00776,Odisha,2096_8601,2026-09-14,2042.0,Industrial,1.0,Industrial,65.9,High,0.741,6.79,341.69,287.61,341.69,287.61,1.061,1.552,9.777,172.878,212.912,101.115,Bare / sparse vegetation,60.0,212.0627899169922,0.7486448511604031,1.0,0.4815108381050128,0.12898671309567783,1.0,54.0,dist_power_plant_km,2.0663,Classified as Industrial (100% confidence). moderately persistent (persistence score 65/100). Intensity score 44/100. Overall risk: 66/100.,0.0,0.0,1.0,0.0,0.0,0.0,0.0,0.51,0.66,N21,VIIRS,n,2.0NRT,N,50.0,60.0,,,,0,medium
20.96334,86.00867,Odisha,2096_8601,2026-09-14,2042.0,Industrial,1.0,Industrial,65.1,High,0.736,5.96,346.13,287.69,346.13,287.69,0.865,1.456,9.938,172.684,212.731,101.196,Bare / sparse vegetation,60.0,212.0627899169922,0.7521694708713587,1.0,0.47150731705906196,0.12789729474104297,1.0,54.0,dist_power_plant_km,2.079,Classified as Industrial (100% confidence). moderately persistent (persistence score 65/100). Intensity score 42/100. Overall risk: 65/100.,0.0,0.0,1.0,0.0,0.0,0.0,0.0,0.51,0.66,N21,VIIRS,n,2.0NRT,N,50.0,60.0,,,,0,medium
20.96842,85.15473,Odisha,2097_8515,2026-09-07,1932.0,Mining/Extraction,1.0,Mining/Extraction,48.6,Medium,0.77,4.81,322.83,290.75,322.83,290.75,3.114,8.287,1.756,140.713,290.228,19.763,Grassland,30.0,948.25537109375,0.7413915852262982,6.589474105681313e-07,0.5405482570909051,0.3716559392226554,1.0,51.0,dist_quarry_km,4.3723,Classified as Mining/Extraction (100% confidence). moderately persistent (persistence score 45/100). Intensity score 38/100. Overall risk: 49/100.,0.0,0.0,0.0,1.0,0.0,0.0,0.0,0.45,0.47,N21,VIIRS,n,2.0NRT,N,50.0,30.0,,,,0,medium
20.96798,85.17476,Odisha,2097_8517,2026-08-27,709.0,Mining/Extraction,1.0,Mining/Extraction,51.6,High,0.79,9.02,339.3,293.99,339.3,293.99,3.854,7.021,0.617,142.754,288.353,21.173,Bare / sparse vegetation,60.0,713.2098999023438,0.7413915852262982,8.694863210279636e-07,0.5797799177540407,0.28363898145647093,1.0,53.0,dist_quarry_km,5.0726,Classified as Mining/Extraction (100% confidence). moderately persistent (persistence score 45/100). Intensity score 50/100. Overall risk: 52/100.,0.0,0.0,0.0,1.0,0.0,0.0,0.0,0.39,0.44,N21,VIIRS,n,2.0NRT,D,50.0,60.0,,,,0,medium
20.96922,85.17447,Odisha,2097_8517,2026-09-10,2017.0,Mining/Extraction,1.0,Mining/Extraction,51.8,High,0.749,2.57,320.87,269.27,320.87,269.27,3.92,7.156,0.493,142.695,288.324,21.052,Bare / sparse vegetation,60.0,713.2098999023438,0.7450530918139344,0.7236346187201891,0.49826471284951523,0.12627457143287235,1.0,53.0,dist_quarry_km,5.335,Classified as Mining/Extraction (100% confidence). moderately persistent (persistence score 59/100). Intensity score 28/100. Overall risk: 52/100.,0.0,0.0,0.0,1.0,0.0,0.0,0.0,0.55,0.43,N21,VIIRS,n,2.0NRT,N,50.0,60.0,,,,0,medium
20.97056,85.1738,Odisha,2097_8517,2026-09-15,754.0,Mining/Extraction,1.0,Mining/Extraction,64.1,High,0.824,14.89,351.98,300.11,351.98,300.11,4.03,7.32,0.343,142.595,288.326,20.897,Bare / sparse vegetation,60.0,713.2098999023438,0.7486448511604031,0.8908987181403393,0.6477565345377784,0.12768595684540388,1.0,53.0,dist_quarry_km,5.0035,Classified as Mining/Extraction (100% confidence). moderately persistent (persistence score 67/100). Intensity score 60/100. Overall risk: 64/100.,0.0,0.0,0.0,1.0,0.0,0.0,0.0,0.42,0.45,N21,VIIRS,n,2.0NRT,D,50.0,60.0,,,,0,medium
20.97013,85.17691,Odisha,2097_8518,2026-09-07,1932.0,Mining/Extraction,1.0,Mining/Extraction,50.2,High,0.774,6.27,330.66,291.28,330.66,291.28,3.709,7.125,0.651,142.92,288.051,21.155,Tree cover,10.0,510.2095947265625,0.7413915852262982,6.743495761743051e-07,0.5482370076358,0.4006466651180614,1.0,53.0,dist_quarry_km,5.0716,Classified as Mining/Extraction (100% confidence). moderately persistent (persistence score 46/100). Intensity score 43/100. Overall risk: 50/100.,0.0,0.0,0.0,1.0,0.0,0.0,0.0,0.45,0.47,N21,VIIRS,n,2.0NRT,N,50.0,10.0,,,,0,medium
20.97034,85.17608,Odisha,2097_8518,2026-09-10,2017.0,Mining/Extraction,1.0,Mining/Extraction,54.6,High,0.752,2.82,315.75,268.33,315.75,268.33,3.798,7.186,0.563,142.831,288.12,21.079,Tree cover,10.0,510.2095947265625,0.7450530918139344,0.9330329915368074,0.5043136184656682,0.13333873972550175,1.0,53.0,dist_quarry_km,5.3594,Classified as Mining/Extraction (100% confidence). moderately persistent (persistence score 64/100). Intensity score 29/100. Overall risk: 55/100.,0.0,0.0,0.0,1.0,0.0,0.0,0.0,0.55,0.42,N21,VIIRS,n,2.0NRT,N,50.0,10.0,,,,0,medium
20.9672,85.17605,Odisha,2097_8518,2026-09-12,1940.0,Mining/Extraction,1.0,Mining/Extraction,53.6,High,0.748,2.09,322.57,290.22,322.57,290.22,3.703,6.88,0.742,142.903,288.267,21.328,Tree cover,10.0,510.2095947265625,0.7486448511604031,0.9548416039104165,0.49510592553668725,0.13272024806114893,1.0,53.0,dist_quarry_km,4.8811,Classified as Mining/Extraction (100% confidence). moderately persistent (persistence score 64/100). Intensity score 24/100. Overall risk: 54/100.,0.0,0.0,0.0,1.0,0.0,0.0,0.0,0.54,0.42,N21,VIIRS,n,2.0NRT,N,50.0,10.0,,,,0,medium
20.96643,86.01149,Odisha,2097_8601,2026-09-12,1940.0,Industrial,1.0,Industrial,49.5,Medium,0.746,2.54,320.17,292.7,320.17,292.7,0.544,1.441,10.35,172.306,212.297,101.277,Built-up,50.0,236.8921813964844,0.7413915852262982,6.007771729921693e-07,0.49101096863834215,0.28465075647919974,1.0,51.0,dist_power_plant_km,2.028,Classified as Industrial (100% confidence). moderately persistent (persistence score 42/100). Intensity score 27/100. Overall risk: 50/100.,0.0,0.0,1.0,0.0,0.0,0.0,0.0,0.49,0.4,N21,VIIRS,n,2.0NRT,N,50.0,50.0,,,,0,medium
20.98991,85.12567,Odisha,2099_8513,2026-08-26,1957.0,Other/Unknown,1.0,Other/Unknown,22.3,Low,0.344,0.71,300.84,285.29,300.84,285.29,6.134,11.245,2.688,137.257,292.015,16.026,Grassland,30.0,228.92662048339844,0.7413915852262982,7.227499802162174e-07,0.488584484089342,0.26801568161335904,1.0,51.0,dist_industrial_zone_km,1.3402,Classified as Other/Unknown (100% confidence). moderately persistent (persistence score 42/100). Intensity score 12/100. Overall risk: 22/100.,0.0,0.0,0.0,0.0,1.0,0.0,0.0,0.38,0.36,N21,VIIRS,n,2.0NRT,N,50.0,30.0,,,,0,n/a
21.07876,85.03534,Odisha,2108_8504,2026-09-15,754.0,Mining/Extraction,1.0,Mining/Extraction,52.3,High,0.795,10.59,332.42,300.29,332.42,300.29,19.202,3.534,0.866,126.283,296.92,3.051,Bare / sparse vegetation,60.0,208.1371612548828,0.7413915852262982,5.605449229639103e-07,0.5899140315062715,0.2501738123200664,1.0,51.0,dist_quarry_km,4.9182,Classified as Mining/Extraction (100% confidence). moderately persistent (persistence score 44/100). Intensity score 53/100. Overall risk: 52/100.,0.0,0.0,0.0,1.0,0.0,0.0,0.0,0.41,0.45,N21,VIIRS,n,2.0NRT,D,50.0,60.0,,,,0,medium
21.10197,72.63417,Gujarat,2110_7263,2026-08-27,2121.0,Industrial,1.0,Industrial,56.0,High,0.759,6.06,314.93,273.63,314.93,273.63,1.325,2.046,53.217,136.603,1.417,61.467,Tree cover,10.0,43689.4140625,0.7413915852262982,8.496272260096937e-07,0.5179248151063619,0.514110265589264,1.0,59.0,dist_industrial_zone_km,2.4826,Classified as Industrial (100% confidence). moderately persistent (persistence score 47/100). Intensity score 42/100. Overall risk: 56/100.,0.0,0.0,1.0,0.0,0.0,0.0,0.0,0.57,0.52,N21,VIIRS,n,2.0NRT,N,50.0,10.0,,,,0,medium
21.10479,72.63469,Gujarat,2110_7263,2026-08-29,2042.0,Industrial,1.0,Industrial,56.8,High,0.729,1.21,312.83,290.99,312.83,290.99,1.095,1.731,53.006,136.286,1.605,61.244,Tree cover,10.0,43689.4140625,0.7450530918139344,0.9548416039104165,0.45706190402790275,0.128998363955325,1.0,59.0,dist_power_plant_km,2.1133,Classified as Industrial (100% confidence). moderately persistent (persistence score 63/100). Intensity score 17/100. Overall risk: 57/100.,0.0,0.0,1.0,0.0,0.0,0.0,0.0,0.4,0.37,N21,VIIRS,n,2.0NRT,N,50.0,10.0,,,,0,medium
21.10201,72.63033,Gujarat,2110_7263,2026-08-29,2042.0,Industrial,1.0,Industrial,61.6,High,0.74,3.0,302.99,291.01,302.99,291.01,1.642,2.196,53.554,136.645,1.059,61.791,Tree cover,10.0,43689.4140625,0.7486448511604031,1.0,0.4801690621190448,0.12824718443902405,1.0,59.0,dist_industrial_zone_km,4.2456,Classified as Industrial (100% confidence). moderately persistent (persistence score 65/100). Intensity score 30/100. Overall risk: 62/100.,0.0,0.0,1.0,0.0,0.0,0.0,0.0,0.4,0.37,N21,VIIRS,n,2.0NRT,N,50.0,10.0,,,,0,medium
21.09809,72.63358,Gujarat,2110_7263,2026-08-29,2042.0,Industrial,1.0,Industrial,61.6,High,0.74,3.0,304.5,291.35,304.5,291.35,1.423,2.477,53.498,137.039,1.259,61.764,Tree cover,10.0,43689.4140625,0.7521694708713587,1.0,0.4805428492706807,0.12716341308411191,1.0,59.0,dist_industrial_zone_km,4.3924,Classified as Industrial (100% confidence). moderately persistent (persistence score 65/100). Intensity score 30/100. Overall risk: 62/100.,0.0,0.0,1.0,0.0,0.0,0.0,0.0,0.4,0.37,N21,VIIRS,n,2.0NRT,N,50.0,10.0,,,,0,medium
21.10144,72.63414,Gujarat,2110_7263,2026-08-29,2042.0,Industrial,1.0,Industrial,61.7,High,0.74,3.0,333.85,293.5,333.85,293.5,1.367,2.103,53.251,136.662,1.393,61.503,Tree cover,10.0,43689.4140625,0.7556294149979565,1.0,0.48090281304560895,0.1261079407066902,1.0,59.0,dist_industrial_zone_km,4.4181,Classified as Industrial (100% confidence). moderately persistent (persistence score 65/100). Intensity score 30/100. Overall risk: 62/100.,0.0,0.0,1.0,0.0,0.0,0.0,0.0,0.4,0.37,N21,VIIRS,n,2.0NRT,N,50.0,10.0,,,,0,medium
21.10076,72.63288,Gujarat,2110_7263,2026-08-30,2023.0,Industrial,1.0,Industrial,64.7,High,0.755,5.24,318.99,292.62,318.99,292.62,1.514,2.216,53.402,136.753,1.245,61.653,Tree cover,10.0,43689.4140625,0.7590270143845762,0.9771599684342459,0.5092398570721207,0.12507953439936412,1.0,59.0,dist_industrial_zone_km,4.3925,Classified as Industrial (100% confidence). moderately persistent (persistence score 66/100). Intensity score 40/100. Overall risk: 65/100.,0.0,0.0,1.0,0.0,0.0,0.0,0.0,0.44,0.46,N21,VIIRS,n,2.0NRT,N,50.0,10.0,,,,0,medium
21.10416,72.63442,Gujarat,2110_7263,2026-09-02,837.0,Industrial,1.0,Industrial,67.5,High,0.776,8.63,335.35,290.75,335.35,290.75,1.156,1.807,53.067,136.359,1.546,61.306,Tree cover,10.0,43689.4140625,0.7623644761006665,0.9330329915368074,0.551270058060709,0.12425150838069814,1.0,59.0,dist_power_plant_km,2.1303,Classified as Industrial (100% confidence). moderately persistent (persistence score 66/100). Intensity score 49/100. Overall risk: 68/100.,0.0,0.0,1.0,0.0,0.0,0.0,0.0,0.52,0.41,N21,VIIRS,n,2.0NRT,D,50.0,10.0,,,,0,medium
21.10342,72.63448,Gujarat,2110_7263,2026-09-02,2108.0,Industrial,1.0,Industrial,70.5,High,0.793,11.47,331.44,292.86,331.44,292.86,1.198,1.883,53.105,136.44,1.512,61.348,Tree cover,10.0,43689.4140625,0.7656438920523007,1.0,0.5852086875912803,0.12379104553020373,1.0,59.0,dist_power_plant_km,2.1306,Classified as Industrial (100% confidence). moderately persistent (persistence score 68/100). Intensity score 55/100. Overall risk: 70/100.,0.0,0.0,1.0,0.0,0.0,0.0,0.0,0.55,0.43,N21,VIIRS,n,2.0NRT,N,50.0,10.0,,,,0,medium
21.10364,72.63388,Gujarat,2110_7263,2026-09-24,2055.0,Industrial,1.0,Industrial,59.3,High,0.749,4.61,308.87,296.46,308.87,296.46,1.234,1.88,53.145,136.422,1.469,61.385,Tree cover,10.0,43689.4140625,0.7688672468575888,0.6015125180410583,0.4988146573930217,0.12283230554654034,1.0,59.0,dist_power_plant_km,2.0896,Classified as Industrial (100% confidence). moderately persistent (persistence score 56/100). Intensity score 37/100. Overall risk: 59/100.,0.0,0.0,1.0,0.0,0.0,0.0,0.0,0.41,0.37,N21,VIIRS,n,2.0NRT,N,50.0,10.0,,,,0,medium
21.10038,72.63611,Gujarat,2110_7264,2026-08-26,731.0,Industrial,1.0,Industrial,54.9,High,0.751,6.31,334.04,287.11,334.04,287.11,1.318,2.168,53.14,136.756,1.557,61.403,Bare / sparse vegetation,60.0,56271.07421875,0.7413915852262982,8.898096003883441e-07,0.5017299930964104,0.3604721948990306,1.0,70.0,dist_industrial_zone_km,4.2767,Classified as Industrial (100% confidence). moderately persistent (persistence score 44/100). Intensity score 43/100. Overall risk: 55/100.,0.0,0.0,1.0,0.0,0.0,0.0,0.0,0.61,0.71,N21,VIIRS,n,2.0NRT,D,50.0,60.0,,,,0,medium
21.10285,72.63518,Gujarat,2110_7264,2026-08-27,2121.0,Industrial,1.0,Industrial,62.4,High,0.736,3.87,315.13,274.69,315.13,274.69,1.181,1.922,53.076,136.494,1.551,61.325,Bare / sparse vegetation,60.0,56271.07421875,0.7450530918139344,0.9771599684342459,0.47122789969900236,0.12609755014070528,1.0,70.0,dist_power_plant_km,2.1114,Classified as Industrial (100% confidence). moderately persistent (persistence score 64/100). Intensity score 34/100. Overall risk: 62/100.,0.0,0.0,1.0,0.0,0.0,0.0,0.0,0.57,0.52,N21,VIIRS,n,2.0NRT,N,50.0,60.0,,,,0,medium
21.09752,72.6374,Gujarat,2110_7264,2026-08-29,2042.0,Industrial,1.0,Industrial,59.6,High,0.727,2.39,303.42,290.67,303.42,290.67,1.174,2.37,53.197,137.057,1.653,61.477,Bare / sparse vegetation,60.0,56271.07421875,0.7486448511604031,0.9548416039104165,0.45338575868105696,0.12519096956106832,1.0,70.0,dist_industrial_zone_km,4.4166,Classified as Industrial (100% confidence). moderately persistent (persistence score 63/100). Intensity score 26/100. Overall risk: 60/100.,0.0,0.0,1.0,0.0,0.0,0.0,0.0,0.4,0.37,N21,VIIRS,n,2.0NRT,N,50.0,60.0,,,,0,medium
21.10031,72.64175,Gujarat,2110_7264,2026-08-29,2042.0,Industrial,1.0,Industrial,60.2,High,0.727,2.39,304.8,291.14,304.8,291.14,1.082,1.822,52.649,136.699,2.13,60.93,Bare / sparse vegetation,60.0,56271.07421875,0.7521694708713587,1.0,0.4542603104792037,0.12449008649379727,1.0,70.0,dist_power_plant_km,2.1391,Classified as Industrial (100% confidence). moderately persistent (persistence score 65/100). Intensity score 26/100. Overall risk: 60/100.,0.0,0.0,1.0,0.0,0.0,0.0,0.0,0.4,0.37,N21,VIIRS,n,2.0NRT,N,50.0,60.0,,,,0,medium
21.10088,72.63794,Gujarat,2110_7264,2026-08-29,2042.0,Industrial,1.0,Industrial,60.3,High,0.728,2.39,326.61,292.55,326.61,292.55,1.166,2.084,52.95,136.679,1.755,61.216,Bare / sparse vegetation,60.0,56271.07421875,0.7556294149979565,1.0,0.4551027383626782,0.12345471253541927,1.0,70.0,dist_industrial_zone_km,4.4562,Classified as Industrial (100% confidence). moderately persistent (persistence score 65/100). Intensity score 26/100. Overall risk: 60/100.,0.0,0.0,1.0,0.0,0.0,0.0,0.0,0.4,0.37,N21,VIIRS,n,2.0NRT,N,50.0,60.0,,,,0,medium
21.10367,72.64231,Gujarat,2110_7264,2026-08-29,2042.0,Industrial,1.0,Industrial,57.7,High,0.721,1.33,306.36,291.88,306.36,291.88,0.704,1.576,52.401,136.321,2.275,60.667,Bare / sparse vegetation,60.0,56271.07421875,0.7590270143845762,1.0,0.4428014905028889,0.12244591274550824,1.0,70.0,dist_power_plant_km,2.1794,Classified as Industrial (100% confidence). moderately persistent (persistence score 64/100). Intensity score 18/100. Overall risk: 58/100.,0.0,0.0,1.0,0.0,0.0,0.0,0.0,0.4,0.37,N21,VIIRS,n,2.0NRT,N,50.0,60.0,,,,0,medium
21.10423,72.6385,Gujarat,2110_7264,2026-08-29,2042.0,Industrial,1.0,Industrial,57.8,High,0.722,1.33,312.79,291.45,312.79,291.45,0.829,1.707,52.703,136.303,1.928,60.954,Bare / sparse vegetation,60.0,56271.07421875,0.7623644761006665,1.0,0.44381419410942974,0.12146254947632394,1.0,70.0,dist_power_plant_km,2.1199,Classified as Industrial (100% confidence). moderately persistent (persistence score 65/100). Intensity score 18/100. Overall risk: 58/100.,0.0,0.0,1.0,0.0,0.0,0.0,0.0,0.4,0.37,N21,VIIRS,n,2.0NRT,N,50.0,60.0,,,,0,medium
21.10025,72.63715,Gujarat,2110_7264,2026-08-30,2023.0,Industrial,1.0,Industrial,64.6,High,0.747,5.24,330.55,293.27,330.55,293.27,1.268,2.164,53.056,136.758,1.66,61.323,Bare / sparse vegetation,60.0,56271.07421875,0.7656438920523007,0.9771599684342459,0.4934411657124605,0.12050355278687576,1.0,70.0,dist_industrial_zone_km,4.4225,Classified as Industrial (100% confidence). moderately persistent (persistence score 65/100). Intensity score 40/100. Overall risk: 65/100.,0.0,0.0,1.0,0.0,0.0,0.0,0.0,0.44,0.46,N21,VIIRS,n,2.0NRT,N,50.0,60.0,,,,0,medium
21.10401,72.64194,Gujarat,2110_7264,2026-08-30,2023.0,Industrial,1.0,Industrial,65.3,High,0.749,5.52,305.83,292.22,305.83,292.22,0.677,1.594,52.413,136.288,2.251,60.676,Bare / sparse vegetation,60.0,56271.07421875,0.7688672468575888,1.0,0.4970539134048434,0.11974128124412242,1.0,70.0,dist_power_plant_km,2.1798,Classified as Industrial (100% confidence). moderately persistent (persistence score 66/100). Intensity score 41/100. Overall risk: 65/100.,0.0,0.0,1.0,0.0,0.0,0.0,0.0,0.44,0.46,N21,VIIRS,n,2.0NRT,N,50.0,60.0,,,,0,medium
21.10447,72.64493,Gujarat,2110_7264,2026-09-04,801.0,Industrial,1.0,Industrial,76.3,Critical,0.869,26.51,344.27,298.24,344.27,298.24,0.612,1.294,52.123,136.203,2.561,60.393,Bare / sparse vegetation,60.0,56271.07421875,0.7720364250601922,0.8908987181403393,0.7384475527304964,0.11882685228597908,1.0,70.0,dist_power_plant_km,2.1839,Classified as Industrial (100% confidence). moderately persistent (persistence score 70/100). Intensity score 72/100. Overall risk: 76/100.,0.0,0.0,1.0,0.0,0.0,0.0,0.0,0.57,0.43,N21,VIIRS,n,2.0NRT,D,50.0,60.0,,,,0,medium
21.10295,72.63681,Gujarat,2110_7264,2026-09-04,801.0,Industrial,1.0,Industrial,77.6,Critical,0.867,26.3,342.12,298.44,342.12,298.44,1.052,1.873,52.927,136.464,1.711,61.18,Bare / sparse vegetation,60.0,56271.07421875,0.7751532177465966,1.0,0.7330429804726547,0.11878521003990855,1.0,70.0,dist_power_plant_km,2.1128,Classified as Industrial (100% confidence). chronic/highly persistent (persistence score 72/100). Intensity score 72/100. Overall risk: 78/100.,0.0,0.0,1.0,0.0,0.0,0.0,0.0,0.38,0.43,N21,VIIRS,n,2.0NRT,D,50.0,60.0,,,,0,medium
21.10306,72.63672,Gujarat,2110_7264,2026-09-08,826.0,Industrial,1.0,Industrial,73.3,High,0.824,18.55,338.43,304.32,338.43,304.32,1.049,1.863,52.928,136.453,1.707,61.18,Bare / sparse vegetation,60.0,56271.07421875,0.7782193286253187,0.9117224885582168,0.6470409127678508,0.11790730296172204,1.0,70.0,dist_power_plant_km,2.1197,Classified as Industrial (100% confidence). moderately persistent (persistence score 68/100). Intensity score 64/100. Overall risk: 73/100.,0.0,0.0,1.0,0.0,0.0,0.0,0.0,0.39,0.36,N21,VIIRS,n,2.0NRT,D,50.0,60.0,,,,0,medium
21.10329,72.63512,Gujarat,2110_7264,2026-09-10,2019.0,Industrial,1.0,Industrial,71.4,High,0.795,13.9,343.31,293.5,343.31,293.5,1.154,1.877,53.056,136.446,1.566,61.302,Bare / sparse vegetation,60.0,56271.07421875,0.781236379619714,0.9548416039104165,0.5899557027508582,0.11772101771377767,1.0,70.0,dist_power_plant_km,2.1235,Classified as Industrial (100% confidence). moderately persistent (persistence score 68/100). Intensity score 59/100. Overall risk: 71/100.,0.0,0.0,1.0,0.0,0.0,0.0,0.0,0.56,0.51,N21,VIIRS,n,2.0NRT,N,50.0,60.0,,,,0,medium
21.09986,72.63593,Gujarat,2110_7264,2026-09-11,731.0,Industrial,1.0,Industrial,73.1,High,0.809,16.4,367.0,292.5,367.0,292.5,1.376,2.228,53.187,136.816,1.527,61.452,Bare / sparse vegetation,60.0,56271.07421875,0.7842059160203474,0.9771599684342459,0.6184579031621168,0.11721190751214994,1.0,70.0,dist_industrial_zone_km,4.3936,Classified as Industrial (100% confidence). moderately persistent (persistence score 69/100). Intensity score 62/100. Overall risk: 73/100.,0.0,0.0,1.0,0.0,0.0,0.0,0.0,0.6,0.71,N21,VIIRS,h,2.0NRT,D,90.0,60.0,,,,0,medium
21.10294,72.64367,Gujarat,2110_7264,2026-09-11,1957.0,Industrial,1.0,Industrial,65.7,High,0.743,5.81,335.0,279.99,335.0,279.99,0.77,1.493,52.325,136.386,2.387,60.598,Bare / sparse vegetation,60.0,56271.07421875,0.7871294112379059,1.0,0.48649352103951665,0.1165513384207995,1.0,70.0,dist_power_plant_km,2.1471,Classified as Industrial (100% confidence). moderately persistent (persistence score 66/100). Intensity score 42/100. Overall risk: 66/100.,0.0,0.0,1.0,0.0,0.0,0.0,0.0,0.57,0.69,N21,VIIRS,n,2.0NRT,N,50.0,60.0,,,,0,medium
21.1023,72.64445,Gujarat,2110_7264,2026-09-11,2138.0,Industrial,1.0,Industrial,64.3,High,0.736,4.61,325.85,275.78,325.85,275.78,0.844,1.466,52.294,136.448,2.448,60.573,Bare / sparse vegetation,60.0,56271.07421875,0.7900082711932495,1.0,0.47172826464558176,0.11574175743045718,1.0,70.0,dist_power_plant_km,2.1355,Classified as Industrial (100% confidence). moderately persistent (persistence score 66/100). Intensity score 37/100. Overall risk: 64/100.,0.0,0.0,1.0,0.0,0.0,0.0,0.0,0.58,0.7,N21,VIIRS,n,2.0NRT,N,50.0,60.0,,,,0,medium
21.09934,72.63538,Gujarat,2110_7264,2026-09-21,2010.0,Industrial,1.0,Industrial,60.6,High,0.731,3.76,337.37,288.03,337.37,288.03,1.445,2.296,53.266,136.88,1.461,61.532,Bare / sparse vegetation,60.0,56271.07421875,0.7928438383773442,0.7937005259840998,0.4615777915680854,0.11494952685402188,1.0,70.0,dist_industrial_zone_km,4.398,Classified as Industrial (100% confidence). moderately persistent (persistence score 61/100). Intensity score 34/100. Overall risk: 61/100.,0.0,0.0,1.0,0.0,0.0,0.0,0.0,0.35,0.57,N21,VIIRS,n,2.0NRT,N,50.0,60.0,,,,0,medium
21.10158,72.63599,Gujarat,2110_7264,2026-09-22,2131.0,Industrial,1.0,Industrial,66.8,High,0.751,7.02,345.31,288.75,345.31,288.75,1.222,2.039,53.08,136.625,1.58,61.337,Bare / sparse vegetation,60.0,56271.07421875,0.7956373956104249,0.9771599684342459,0.5028264624296734,0.11578722987269204,1.0,70.0,dist_industrial_zone_km,2.6175,Classified as Industrial (100% confidence). moderately persistent (persistence score 67/100). Intensity score 45/100. Overall risk: 67/100.,0.0,0.0,1.0,0.0,0.0,0.0,0.0,0.46,0.64,N21,VIIRS,n,2.0NRT,N,50.0,60.0,,,,0,medium
21.10174,72.63547,Gujarat,2110_7264,2026-09-23,2114.0,Industrial,1.0,Industrial,67.8,High,0.757,7.99,340.95,296.33,340.95,296.33,1.245,2.034,53.116,136.613,1.534,61.371,Bare / sparse vegetation,60.0,56271.07421875,0.7983901695267366,0.9771599684342459,0.5149055086223201,0.11517947306237518,1.0,70.0,dist_industrial_zone_km,2.613,Classified as Industrial (100% confidence). moderately persistent (persistence score 67/100). Intensity score 48/100. Overall risk: 68/100.,0.0,0.0,1.0,0.0,0.0,0.0,0.0,0.46,0.47,N21,VIIRS,n,2.0NRT,N,50.0,60.0,,,,0,medium
21.103,72.63773,Gujarat,2110_7264,2026-09-24,2055.0,Industrial,1.0,Industrial,64.2,High,0.736,4.61,329.76,298.57,329.76,298.57,0.985,1.852,52.843,136.448,1.803,61.098,Bare / sparse vegetation,60.0,56271.07421875,0.8011033338085477,0.9771599684342459,0.4724717061211178,0.1145855170451025,1.0,70.0,dist_power_plant_km,2.1102,Classified as Industrial (100% confidence). moderately persistent (persistence score 66/100). Intensity score 37/100. Overall risk: 64/100.,0.0,0.0,1.0,0.0,0.0,0.0,0.0,0.41,0.37,N21,VIIRS,n,2.0NRT,N,50.0,60.0,,,,0,medium
21.10424,72.64529,Gujarat,2110_7265,2026-08-26,909.0,Industrial,1.0,Industrial,56.3,High,0.759,7.18,332.55,288.95,332.55,288.95,0.646,1.274,52.105,136.224,2.589,60.377,Cropland,40.0,61633.4921875,0.7413915852262982,8.898096003883441e-07,0.5187886489751885,0.42604849813392837,1.0,58.0,dist_power_plant_km,2.1599,Classified as Industrial (100% confidence). moderately persistent (persistence score 45/100). Intensity score 46/100. Overall risk: 56/100.,0.0,0.0,1.0,0.0,0.0,0.0,0.0,0.55,0.68,N21,VIIRS,n,2.0NRT,D,50.0,40.0,,,,0,medium
21.10449,72.64615,Gujarat,2110_7265,2026-08-27,2121.0,Industrial,1.0,Industrial,64.4,High,0.748,5.35,317.36,274.79,317.36,274.79,0.648,1.184,52.015,136.187,2.683,60.289,Cropland,40.0,61633.4921875,0.7450530918139344,0.9771599684342459,0.49555403874940074,0.12774008557609556,1.0,58.0,dist_power_plant_km,2.4649,Classified as Industrial (100% confidence). moderately persistent (persistence score 65/100). Intensity score 40/100. Overall risk: 64/100.,0.0,0.0,1.0,0.0,0.0,0.0,0.0,0.58,0.52,N21,VIIRS,n,2.0NRT,N,50.0,40.0,,,,0,medium
21.10448,72.6461,Gujarat,2110_7265,2026-08-28,833.0,Industrial,1.0,Industrial,64.4,High,0.747,5.25,337.3,295.3,337.3,295.3,0.647,1.189,52.02,136.189,2.677,60.293,Cropland,40.0,61633.4921875,0.7486448511604031,0.9771599684342459,0.4943896585490068,0.12682018009644422,1.0,58.0,dist_power_plant_km,2.4,Classified as Industrial (100% confidence). moderately persistent (persistence score 65/100). Intensity score 40/100. Overall risk: 64/100.,0.0,0.0,1.0,0.0,0.0,0.0,0.0,0.44,0.38,N21,VIIRS,n,2.0NRT,D,50.0,40.0,,,,0,medium
21.1031,72.64612,Gujarat,2110_7265,2026-08-29,2042.0,Industrial,1.0,Industrial,63.5,High,0.743,4.56,335.99,293.69,335.99,293.69,0.792,1.274,52.1,136.341,2.638,60.381,Cropland,40.0,61633.4921875,0.7521694708713587,0.9771599684342459,0.48587404312772375,0.12592674293044906,1.0,58.0,dist_power_plant_km,2.1664,Classified as Industrial (100% confidence). moderately persistent (persistence score 65/100). Intensity score 37/100. Overall risk: 64/100.,0.0,0.0,1.0,0.0,0.0,0.0,0.0,0.4,0.37,N21,VIIRS,n,2.0NRT,N,50.0,40.0,,,,0,medium
21.10351,72.64619,Gujarat,2110_7265,2026-08-30,2023.0,Industrial,1.0,Industrial,64.8,High,0.749,5.52,339.7,294.58,339.7,294.58,0.751,1.241,52.07,136.295,2.656,60.348,Cropland,40.0,61633.4921875,0.7556294149979565,0.9771599684342459,0.4981319531361634,0.12505857974665252,1.0,58.0,dist_power_plant_km,2.1987,Classified as Industrial (100% confidence). moderately persistent (persistence score 65/100). Intensity score 41/100. Overall risk: 65/100.,0.0,0.0,1.0,0.0,0.0,0.0,0.0,0.44,0.46,N21,VIIRS,n,2.0NRT,N,50.0,40.0,,,,0,medium
21.10214,72.64581,Gujarat,2110_7265,2026-09-10,2019.0,Industrial,1.0,Industrial,66.3,High,0.776,9.84,318.94,292.62,318.94,292.62,0.885,1.366,52.185,136.451,2.582,60.469,Cropland,40.0,61633.4921875,0.7590270143845762,0.7755723809168673,0.5519774520624481,0.12421457039685149,1.0,58.0,dist_power_plant_km,2.1707,Classified as Industrial (100% confidence). moderately persistent (persistence score 62/100). Intensity score 52/100. Overall risk: 66/100.,0.0,0.0,1.0,0.0,0.0,0.0,0.0,0.56,0.51,N21,VIIRS,n,2.0NRT,N,50.0,40.0,,,,0,medium
21.10353,72.64609,Gujarat,2110_7265,2026-09-21,2010.0,Industrial,1.0,Industrial,66.2,High,0.774,9.61,352.73,288.62,352.73,288.62,0.745,1.248,52.077,136.294,2.647,60.355,Cropland,40.0,61633.4921875,0.7623644761006665,0.7755723809168673,0.5482091442506261,0.1251269496528696,1.0,58.0,dist_power_plant_km,2.2137,Classified as Industrial (100% confidence). moderately persistent (persistence score 62/100). Intensity score 51/100. Overall risk: 66/100.,0.0,0.0,1.0,0.0,0.0,0.0,0.0,0.35,0.57,N21,VIIRS,n,2.0NRT,N,50.0,40.0,,,,0,medium
21.10433,72.64516,Gujarat,2110_7265,2026-09-23,2114.0,Industrial,1.0,Industrial,71.0,High,0.797,13.4,349.35,297.07,349.35,297.07,0.633,1.281,52.111,136.216,2.579,60.383,Cropland,40.0,61633.4921875,0.7656438920523007,0.9548416039104165,0.5937630827188469,0.1260299505016724,1.0,58.0,dist_power_plant_km,2.1898,Classified as Industrial (100% confidence). moderately persistent (persistence score 67/100). Intensity score 58/100. Overall risk: 71/100.,0.0,0.0,1.0,0.0,0.0,0.0,0.0,0.46,0.47,N21,VIIRS,n,2.0NRT,N,50.0,40.0,,,,0,medium
21.10536,72.63088,Gujarat,2111_7263,2026-08-29,2042.0,Industrial,1.0,Industrial,47.3,Medium,0.742,1.21,301.49,289.49,301.49,289.49,1.424,1.843,53.311,136.269,1.326,61.533,Bare / sparse vegetation,60.0,36745.4609375,0.7413915852262982,8.302217133485085e-07,0.48400795653944406,0.4102291222831114,1.0,51.0,dist_power_plant_km,2.0855,Classified as Industrial (100% confidence). moderately persistent (persistence score 44/100). Intensity score 17/100. Overall risk: 47/100.,0.0,0.0,1.0,0.0,0.0,0.0,0.0,0.4,0.37,N21,VIIRS,n,2.0NRT,N,50.0,60.0,,,,0,medium
21.10702,72.64287,Gujarat,2111_7264,2026-08-29,2042.0,Industrial,1.0,Industrial,46.8,Medium,0.732,1.33,304.47,292.99,304.47,292.99,0.329,1.391,52.154,135.944,2.47,60.405,Bare / sparse vegetation,60.0,75262.96875,0.7413915852262982,8.302217133485085e-07,0.4632265205113172,0.337817364514751,1.0,56.0,dist_power_plant_km,2.0426,Classified as Industrial (100% confidence). moderately persistent (persistence score 43/100). Intensity score 18/100. Overall risk: 47/100.,0.0,0.0,1.0,0.0,0.0,0.0,0.0,0.4,0.37,N21,VIIRS,n,2.0NRT,N,50.0,60.0,,,,0,medium
21.10758,72.63906,Gujarat,2111_7264,2026-08-29,2042.0,Industrial,1.0,Industrial,57.8,High,0.732,1.33,308.44,293.06,308.44,293.06,0.547,1.331,52.458,135.926,2.154,60.694,Bare / sparse vegetation,60.0,75262.96875,0.7450530918139344,1.0,0.4639450419790324,0.12608639134415878,1.0,56.0,dist_power_plant_km,2.1897,Classified as Industrial (100% confidence). moderately persistent (persistence score 65/100). Intensity score 18/100. Overall risk: 58/100.,0.0,0.0,1.0,0.0,0.0,0.0,0.0,0.4,0.37,N21,VIIRS,n,2.0NRT,N,50.0,60.0,,,,0,medium
21.10815,72.63525,Gujarat,2111_7264,2026-08-29,2042.0,Industrial,1.0,Industrial,57.5,High,0.732,1.21,307.06,292.54,307.06,292.54,0.9,1.361,52.762,135.908,1.872,60.984,Bare / sparse vegetation,60.0,75262.96875,0.7486448511604031,1.0,0.46314389397467437,0.12499851985740365,1.0,56.0,dist_power_plant_km,2.1794,Classified as Industrial (100% confidence). moderately persistent (persistence score 65/100). Intensity score 17/100. Overall risk: 58/100.,0.0,0.0,1.0,0.0,0.0,0.0,0.0,0.4,0.37,N21,VIIRS,n,2.0NRT,N,50.0,60.0,,,,0,medium
21.10521,72.64474,Gujarat,2111_7264,2026-08-31,2004.0,Industrial,1.0,Industrial,66.0,High,0.766,6.75,328.52,285.25,328.52,285.25,0.528,1.275,52.096,136.123,2.57,60.362,Bare / sparse vegetation,60.0,75262.96875,0.7521694708713587,0.9548416039104165,0.5329756497362995,0.12393961331027459,1.0,56.0,dist_power_plant_km,2.2339,Classified as Industrial (100% confidence). moderately persistent (persistence score 65/100). Intensity score 44/100. Overall risk: 66/100.,0.0,0.0,1.0,0.0,0.0,0.0,0.0,0.45,0.63,N21,VIIRS,n,2.0NRT,N,50.0,60.0,,,,0,medium
21.10544,72.64433,Gujarat,2111_7264,2026-09-02,837.0,Industrial,1.0,Industrial,64.9,High,0.76,5.69,333.95,292.7,333.95,292.7,0.496,1.303,52.119,136.103,2.539,60.382,Bare / sparse vegetation,60.0,75262.96875,0.7556294149979565,0.9548416039104165,0.5191526612292845,0.1232635318328941,1.0,56.0,dist_power_plant_km,2.1891,Classified as Industrial (100% confidence). moderately persistent (persistence score 65/100). Intensity score 41/100. Overall risk: 65/100.,0.0,0.0,1.0,0.0,0.0,0.0,0.0,0.52,0.41,N21,VIIRS,n,2.0NRT,D,50.0,60.0,,,,0,medium
21.11037,72.63515,Gujarat,2111_7264,2026-09-24,2055.0,Industrial,1.0,Industrial,58.1,High,0.748,3.8,323.39,297.99,323.39,297.99,0.892,1.14,52.643,135.664,2.033,60.854,Bare / sparse vegetation,60.0,75262.96875,0.7590270143845762,0.6015125180410583,0.4951887848638901,0.12260844383611841,1.0,56.0,dist_power_plant_km,2.4489,Classified as Industrial (100% confidence). moderately persistent (persistence score 56/100). Intensity score 34/100. Overall risk: 58/100.,0.0,0.0,1.0,0.0,0.0,0.0,0.0,0.41,0.37,N21,VIIRS,n,2.0NRT,N,50.0,60.0,,,,0,medium
21.10633,72.64521,Gujarat,2111_7265,2026-08-26,909.0,Industrial,1.0,Industrial,55.1,High,0.749,6.43,332.78,288.69,332.78,288.69,0.422,1.181,51.989,135.994,2.66,60.25,Built-up,50.0,73100.5625,0.7413915852262982,8.898096003883441e-07,0.49873750268306866,0.38498198725803023,1.0,59.0,dist_power_plant_km,2.3785,Classified as Industrial (100% confidence). moderately persistent (persistence score 44/100). Intensity score 43/100. Overall risk: 55/100.,0.0,0.0,1.0,0.0,0.0,0.0,0.0,0.55,0.68,N21,VIIRS,n,2.0NRT,D,50.0,50.0,,,,0,medium
21.1053,72.64713,Gujarat,2111_7265,2026-08-27,2121.0,Industrial,1.0,Industrial,64.5,High,0.744,5.51,317.47,275.42,317.47,275.42,0.618,1.05,51.881,136.087,2.807,60.154,Built-up,50.0,73100.5625,0.7450530918139344,0.9771599684342459,0.48726500978820075,0.1264631021942899,1.0,59.0,dist_power_plant_km,2.4206,Classified as Industrial (100% confidence). moderately persistent (persistence score 65/100). Intensity score 41/100. Overall risk: 64/100.,0.0,0.0,1.0,0.0,0.0,0.0,0.0,0.58,0.52,N21,VIIRS,n,2.0NRT,N,50.0,50.0,,,,0,medium
21.10646,72.64668,Gujarat,2111_7265,2026-08-29,2042.0,Industrial,1.0,Industrial,63.1,High,0.738,4.56,328.62,293.11,328.62,293.11,0.486,1.034,51.852,135.964,2.807,60.117,Built-up,50.0,73100.5625,0.7486448511604031,0.9548416039104165,0.4756514856637541,0.12555355390869677,1.0,59.0,dist_power_plant_km,2.3962,Classified as Industrial (100% confidence). moderately persistent (persistence score 64/100). Intensity score 37/100. Overall risk: 63/100.,0.0,0.0,1.0,0.0,0.0,0.0,0.0,0.4,0.37,N21,VIIRS,n,2.0NRT,N,50.0,50.0,,,,0,medium
21.10776,72.64674,Gujarat,2111_7265,2026-08-30,2023.0,Industrial,1.0,Industrial,64.6,High,0.744,5.52,316.31,294.45,316.31,294.45,0.39,0.981,51.77,135.819,2.869,60.029,Built-up,50.0,73100.5625,0.7521694708713587,0.9771599684342459,0.4880942320453221,0.12484966515714799,1.0,59.0,dist_power_plant_km,2.4168,Classified as Industrial (100% confidence). moderately persistent (persistence score 65/100). Intensity score 41/100. Overall risk: 65/100.,0.0,0.0,1.0,0.0,0.0,0.0,0.0,0.44,0.46,N21,VIIRS,n,2.0NRT,N,50.0,50.0,,,,0,medium
21.10537,72.64582,Gujarat,2111_7265,2026-09-02,2108.0,Industrial,1.0,Industrial,70.5,High,0.793,13.36,338.79,292.98,338.79,292.98,0.544,1.166,51.992,136.094,2.681,60.26,Built-up,50.0,73100.5625,0.7556294149979565,0.9330329915368074,0.5854652443485567,0.12398993648567111,1.0,59.0,dist_power_plant_km,2.3746,Classified as Industrial (100% confidence). moderately persistent (persistence score 66/100). Intensity score 58/100. Overall risk: 70/100.,0.0,0.0,1.0,0.0,0.0,0.0,0.0,0.55,0.43,N21,VIIRS,n,2.0NRT,N,50.0,50.0,,,,0,medium
21.10802,72.64745,Gujarat,2111_7265,2026-09-08,826.0,Industrial,1.0,Industrial,64.0,High,0.747,6.1,345.05,306.03,345.05,306.03,0.437,0.903,51.692,135.783,2.948,59.952,Built-up,50.0,73100.5625,0.7590270143845762,0.8705505632961241,0.4939934707844338,0.12350703569443056,1.0,59.0,dist_power_plant_km,2.3885,Classified as Industrial (100% confidence). moderately persistent (persistence score 63/100). Intensity score 42/100. Overall risk: 64/100.,0.0,0.0,1.0,0.0,0.0,0.0,0.0,0.39,0.36,N21,VIIRS,n,2.0NRT,D,50.0,50.0,,,,0,medium
21.10629,72.64619,Gujarat,2111_7265,2026-09-08,2055.0,Industrial,1.0,Industrial,61.7,High,0.729,3.13,338.63,294.58,338.63,294.58,0.472,1.088,51.905,135.988,2.753,60.17,Built-up,50.0,73100.5625,0.7623644761006665,1.0,0.45708132388919076,0.12356375754033964,1.0,59.0,dist_power_plant_km,2.3999,Classified as Industrial (100% confidence). moderately persistent (persistence score 65/100). Intensity score 31/100. Overall risk: 62/100.,0.0,0.0,1.0,0.0,0.0,0.0,0.0,0.41,0.37,N21,VIIRS,n,2.0NRT,N,50.0,50.0,,,,0,medium
21.10685,72.64638,Gujarat,2111_7265,2026-09-10,2019.0,Industrial,1.0,Industrial,68.5,High,0.771,9.84,341.61,294.57,341.61,294.57,0.433,1.047,51.855,135.924,2.794,60.118,Built-up,50.0,73100.5625,0.7656438920523007,0.9548416039104165,0.5415095035325744,0.12258974078318552,1.0,59.0,dist_power_plant_km,2.3862,Classified as Industrial (100% confidence). moderately persistent (persistence score 66/100). Intensity score 52/100. Overall risk: 68/100.,0.0,0.0,1.0,0.0,0.0,0.0,0.0,0.56,0.51,N21,VIIRS,n,2.0NRT,N,50.0,50.0,,,,0,medium
21.10508,72.6461,Gujarat,2111_7265,2026-09-24,2055.0,Industrial,1.0,Industrial,59.3,High,0.732,3.74,338.49,299.27,338.49,299.27,0.586,1.155,51.984,136.123,2.698,60.255,Built-up,50.0,73100.5625,0.7688672468575888,0.7236346187201891,0.4646967725305233,0.12198453348825442,1.0,59.0,dist_power_plant_km,2.3641,Classified as Industrial (100% confidence). moderately persistent (persistence score 58/100). Intensity score 34/100. Overall risk: 59/100.,0.0,0.0,1.0,0.0,0.0,0.0,0.0,0.41,0.37,N21,VIIRS,n,2.0NRT,N,50.0,50.0,,,,0,medium
21.16195,72.67301,Gujarat,2116_7267,2026-09-11,2138.0,Industrial,1.0,Industrial,51.3,High,0.724,7.13,331.97,275.71,331.97,275.71,0.685,1.224,46.413,129.555,8.96,54.442,Built-up,50.0,76050.3515625,0.5450133092487028,9.455862412651049e-11,0.44737939506662794,0.34470337325932815,1.0,19.0,dist_power_plant_km,2.2134,Classified as Industrial (100% confidence). moderately persistent (persistence score 35/100). Intensity score 45/100. Overall risk: 51/100.,0.0,0.0,1.0,0.0,0.0,0.0,0.0,0.58,0.7,N21,VIIRS,n,2.0NRT,N,50.0,50.0,,,,0,medium
21.16448,72.67401,Gujarat,2116_7267,2026-09-11,2138.0,Industrial,1.0,Industrial,64.3,High,0.727,7.51,335.15,276.94,335.15,276.94,0.493,1.185,46.192,129.265,9.248,54.207,Built-up,50.0,76050.3515625,0.5552083144780106,1.0,0.4549902292901372,0.33325165349457264,1.0,19.0,dist_power_plant_km,2.4163,Classified as Industrial (100% confidence). moderately persistent (persistence score 61/100). Intensity score 46/100. Overall risk: 64/100.,0.0,0.0,1.0,0.0,0.0,0.0,0.0,0.58,0.7,N21,VIIRS,n,2.0NRT,N,50.0,50.0,,,,0,medium
21.16783,72.66529,Gujarat,2117_7267,2026-09-11,1957.0,Industrial,1.0,Industrial,55.3,High,0.752,8.96,338.24,281.21,338.24,281.21,0.893,0.405,46.832,128.979,9.066,54.792,Built-up,50.0,68765.6953125,0.6649364096070337,3.8731212442218596e-07,0.504552904460931,0.31779792277366603,1.0,36.0,dist_power_plant_km,2.4385,Classified as Industrial (100% confidence). moderately persistent (persistence score 41/100). Intensity score 50/100. Overall risk: 55/100.,0.0,0.0,1.0,0.0,0.0,0.0,0.0,0.57,0.69,N21,VIIRS,n,2.0NRT,N,50.0,50.0,,,,0,medium
21.16521,72.6657,Gujarat,2117_7267,2026-09-11,1957.0,Industrial,1.0,Industrial,67.1,High,0.746,8.02,336.35,281.14,336.35,281.14,0.795,0.392,46.924,129.265,8.837,54.904,Built-up,50.0,68765.6953125,0.6704023478051564,1.0,0.4926696429019973,0.3206228298989374,1.0,36.0,dist_power_plant_km,2.3599,Classified as Industrial (100% confidence). moderately persistent (persistence score 66/100). Intensity score 48/100. Overall risk: 67/100.,0.0,0.0,1.0,0.0,0.0,0.0,0.0,0.57,0.69,N21,VIIRS,n,2.0NRT,N,50.0,50.0,,,,0,medium
21.16577,72.6686,Gujarat,2117_7267,2026-09-11,2138.0,Industrial,1.0,Industrial,66.7,High,0.743,7.51,324.7,276.16,324.7,276.16,0.645,0.686,46.627,129.174,9.049,54.614,Built-up,50.0,68765.6953125,0.675714295252094,1.0,0.48650684837064123,0.31675076125716695,1.0,36.0,dist_power_plant_km,2.3764,Classified as Industrial (100% confidence). moderately persistent (persistence score 66/100). Intensity score 46/100. Overall risk: 67/100.,0.0,0.0,1.0,0.0,0.0,0.0,0.0,0.58,0.7,N21,VIIRS,n,2.0NRT,N,50.0,50.0,,,,0,medium
21.18432,81.38468,Chhattisgarh,2118_8138,2026-08-25,2017.0,Industrial,1.0,Industrial,48.9,Medium,0.75,1.61,308.6,290.35,308.6,290.35,0.651,1.238,8.555,212.689,445.374,1.866,Built-up,50.0,13666.30078125,0.7413915852262982,9.106079138855144e-07,0.5007224994971344,0.4564700608557751,1.0,52.0,dist_power_plant_km,2.3108,Classified as Industrial (100% confidence). moderately persistent (persistence score 45/100). Intensity score 21/100. Overall risk: 49/100.,0.0,0.0,1.0,0.0,0.0,0.0,0.0,0.39,0.36,N21,VIIRS,n,2.0NRT,N,50.0,50.0,,,,0,medium
21.18102,81.38407,Chhattisgarh,2118_8138,2026-08-25,2017.0,Industrial,1.0,Industrial,60.4,High,0.754,2.19,309.56,290.28,309.56,290.28,0.806,1.14,8.893,212.778,445.013,1.831,Built-up,50.0,13666.30078125,0.7450530918139344,1.0,0.5079576613459708,0.13156222882715357,1.0,52.0,dist_power_plant_km,2.5612,Classified as Industrial (100% confidence). moderately persistent (persistence score 66/100). Intensity score 25/100. Overall risk: 60/100.,0.0,0.0,1.0,0.0,0.0,0.0,0.0,0.39,0.36,N21,VIIRS,n,2.0NRT,N,50.0,50.0,,,,0,medium
21.19039,81.19882,Chhattisgarh,2119_8120,2026-08-25,2017.0,Industrial,1.0,Industrial,46.9,Medium,0.752,1.32,308.46,290.78,308.46,290.78,0.901,20.347,3.869,231.872,437.364,17.294,Bare / sparse vegetation,60.0,4828.015625,0.7413915852262982,8.496272260096937e-07,0.5031424586231206,0.28388764877357986,1.0,51.0,dist_industrial_zone_km,4.0682,Classified as Industrial (100% confidence). moderately persistent (persistence score 43/100). Intensity score 18/100. Overall risk: 47/100.,0.0,0.0,1.0,0.0,0.0,0.0,0.0,0.39,0.36,N21,VIIRS,n,2.0NRT,N,50.0,60.0,,,,0,medium
21.19365,81.39023,Chhattisgarh,2119_8139,2026-08-25,2017.0,Industrial,1.0,Industrial,47.2,Medium,0.746,1.27,312.39,290.55,312.39,290.55,1.034,1.781,7.755,212.045,446.37,2.151,Built-up,50.0,9913.701171875,0.7413915852262982,9.106079138855144e-07,0.4927805017808794,0.3584571017200332,1.0,54.0,dist_power_plant_km,1.9734,Classified as Industrial (100% confidence). moderately persistent (persistence score 44/100). Intensity score 18/100. Overall risk: 47/100.,0.0,0.0,1.0,0.0,0.0,0.0,0.0,0.39,0.36,N21,VIIRS,n,2.0NRT,N,50.0,50.0,,,,0,medium
21.19034,81.38962,Chhattisgarh,2119_8139,2026-08-25,2017.0,Industrial,1.0,Industrial,58.0,High,0.746,1.27,306.42,289.59,306.42,289.59,0.677,1.45,8.076,212.133,446.007,2.234,Built-up,50.0,9913.701171875,0.7450530918139344,1.0,0.49292204146831203,0.12664971520041435,1.0,54.0,dist_power_plant_km,2.067,Classified as Industrial (100% confidence). moderately persistent (persistence score 65/100). Intensity score 18/100. Overall risk: 58/100.,0.0,0.0,1.0,0.0,0.0,0.0,0.0,0.39,0.36,N21,VIIRS,n,2.0NRT,N,50.0,50.0,,,,0,medium
21.18644,81.39273,Chhattisgarh,2119_8139,2026-08-25,2017.0,Industrial,1.0,Industrial,61.6,High,0.756,2.81,307.39,290.17,307.39,290.17,0.294,0.941,8.596,211.84,445.552,1.947,Built-up,50.0,9913.701171875,0.7486448511604031,1.0,0.5123052070960348,0.12555744723799359,1.0,54.0,dist_power_plant_km,2.6596,Classified as Industrial (100% confidence). moderately persistent (persistence score 66/100). Intensity score 29/100. Overall risk: 62/100.,0.0,0.0,1.0,0.0,0.0,0.0,0.0,0.39,0.36,N21,VIIRS,n,2.0NRT,N,50.0,50.0,,,,0,medium
21.18732,81.39306,Chhattisgarh,2119_8139,2026-09-21,2010.0,Industrial,1.0,Industrial,53.8,High,0.75,1.82,328.33,291.86,328.33,291.86,0.393,1.031,8.518,211.8,445.648,1.963,Built-up,50.0,9913.701171875,0.7521694708713587,0.5358867312681466,0.4997004717339436,0.12449425590402062,1.0,54.0,dist_power_plant_km,2.5399,Classified as Industrial (100% confidence). moderately persistent (persistence score 54/100). Intensity score 22/100. Overall risk: 54/100.,0.0,0.0,1.0,0.0,0.0,0.0,0.0,0.39,0.36,N21,VIIRS,n,2.0NRT,N,50.0,50.0,,,,0,medium
21.19608,81.41749,Chhattisgarh,2120_8142,2026-08-25,2017.0,Waste/Landfill,1.0,Waste/Landfill,41.2,Medium,0.733,1.76,317.2,289.77,317.2,289.77,3.043,1.127,8.975,209.207,446.456,0.755,Cropland,40.0,10293.2978515625,0.7413915852262982,7.062423478539298e-07,0.4654576114646729,0.4039835367044235,1.0,51.0,dist_waste_site_km,12.8792,Classified as Waste/Landfill (100% confidence). moderately persistent (persistence score 44/100). Intensity score 22/100. Overall risk: 41/100.,0.0,0.0,0.0,0.0,0.0,1.0,0.0,0.39,0.36,N21,VIIRS,n,2.0NRT,N,50.0,40.0,,,,0,medium
21.24484,81.76915,Chhattisgarh,2124_8177,2026-08-25,2017.0,Industrial,1.0,Industrial,47.1,Medium,0.751,1.21,304.63,289.61,304.63,289.61,0.107,10.079,3.304,172.513,451.152,37.572,Cropland,40.0,2564.940673828125,0.7413915852262982,6.589474105681313e-07,0.5019949894132009,0.35386787692157073,1.0,51.0,dist_industrial_zone_km,3.819,Classified as Industrial (100% confidence). moderately persistent (persistence score 44/100). Intensity score 17/100. Overall risk: 47/100.,0.0,0.0,1.0,0.0,0.0,0.0,0.0,0.4,0.37,N21,VIIRS,n,2.0NRT,N,50.0,40.0,,,,0,medium
21.31093,81.59187,Chhattisgarh,2131_8159,2026-08-25,2017.0,Industrial,1.0,Industrial,48.1,Medium,0.752,1.29,307.1,290.05,307.1,290.05,0.149,2.196,18.933,190.707,458.483,22.874,Grassland,30.0,4107.64990234375,0.7413915852262982,9.106079138855144e-07,0.5040199133824956,0.45287524238854354,1.0,51.0,dist_industrial_zone_km,4.2887,Classified as Industrial (100% confidence). moderately persistent (persistence score 45/100). Intensity score 18/100. Overall risk: 48/100.,0.0,0.0,1.0,0.0,0.0,0.0,0.0,0.39,0.36,N21,VIIRS,n,2.0NRT,N,50.0,30.0,,,,0,medium
21.34633,81.66607,Chhattisgarh,2135_8167,2026-09-09,2036.0,Industrial,1.0,Industrial,50.9,High,0.755,2.72,320.23,289.42,320.23,289.42,0.935,6.695,12.873,183.053,455.254,31.451,Built-up,50.0,5252.69921875,0.7413915852262982,5.73647039452609e-07,0.5105334412902848,0.39517243928341056,1.0,51.0,dist_industrial_zone_km,4.1817,Classified as Industrial (100% confidence). moderately persistent (persistence score 45/100). Intensity score 28/100. Overall risk: 51/100.,0.0,0.0,1.0,0.0,0.0,0.0,0.0,0.42,0.46,N21,VIIRS,n,2.0NRT,N,50.0,50.0,,,,0,medium
21.37453,81.64227,Chhattisgarh,2137_8164,2026-08-25,2017.0,Industrial,1.0,Industrial,50.0,High,0.757,2.78,309.0,289.59,309.0,289.59,0.709,7.593,16.657,185.603,452.184,31.329,Bare / sparse vegetation,60.0,3421.642578125,0.7413915852262982,9.106079138855144e-07,0.5136591006211038,0.267539398267692,1.0,51.0,dist_industrial_zone_km,4.2225,Classified as Industrial (100% confidence). moderately persistent (persistence score 43/100). Intensity score 29/100. Overall risk: 50/100.,0.0,0.0,1.0,0.0,0.0,0.0,0.0,0.39,0.36,N21,VIIRS,n,2.0NRT,N,50.0,60.0,,,,0,medium
21.36512,81.67917,Chhattisgarh,2137_8168,2026-08-25,2017.0,Industrial,1.0,Industrial,49.7,Medium,0.753,1.98,306.52,289.6,306.52,289.6,0.216,9.051,13.017,181.749,453.136,33.738,Tree cover,10.0,4016.723388671875,0.7413915852262982,8.898096003883441e-07,0.5069570509809709,0.43825149385705314,1.0,52.0,dist_industrial_zone_km,4.1575,Classified as Industrial (100% confidence). moderately persistent (persistence score 45/100). Intensity score 24/100. Overall risk: 50/100.,0.0,0.0,1.0,0.0,0.0,0.0,0.0,0.39,0.36,N21,VIIRS,n,2.0NRT,N,50.0,10.0,,,,0,medium
21.37116,81.68417,Chhattisgarh,2137_8168,2026-08-25,2017.0,Industrial,1.0,Industrial,60.7,High,0.756,2.32,308.19,289.83,308.19,289.83,0.472,9.883,13.106,181.254,452.454,34.547,Tree cover,10.0,4016.723388671875,0.7450530918139344,1.0,0.5110692694947218,0.12864998688842208,1.0,52.0,dist_industrial_zone_km,4.3444,Classified as Industrial (100% confidence). moderately persistent (persistence score 66/100). Intensity score 26/100. Overall risk: 61/100.,0.0,0.0,1.0,0.0,0.0,0.0,0.0,0.39,0.36,N21,VIIRS,n,2.0NRT,N,50.0,10.0,,,,0,medium
21.37509,81.68103,Chhattisgarh,2138_8168,2026-08-25,2017.0,Industrial,1.0,Industrial,52.5,High,0.763,3.85,314.57,290.19,314.57,290.19,0.094,9.947,13.646,181.594,452.023,34.534,Built-up,50.0,4076.39697265625,0.7413915852262982,9.106079138855144e-07,0.5259716041456323,0.3548233631605504,1.0,51.0,dist_industrial_zone_km,4.7679,Classified as Industrial (100% confidence). moderately persistent (persistence score 44/100). Intensity score 34/100. Overall risk: 52/100.,0.0,0.0,1.0,0.0,0.0,0.0,0.0,0.39,0.36,N21,VIIRS,n,2.0NRT,N,50.0,50.0,,,,0,medium
21.43382,72.97546,Gujarat,2143_7298,2026-08-30,2023.0,Industrial,1.0,Industrial,45.7,Medium,0.748,1.11,306.45,292.27,306.45,292.27,1.866,10.266,12.978,100.682,52.401,15.223,Cropland,40.0,403.9933166503906,0.7413915852262982,7.927302323749431e-07,0.49548262291900613,0.2212503558811658,1.0,51.0,dist_industrial_zone_km,4.4427,Classified as Industrial (100% confidence). moderately persistent (persistence score 42/100). Intensity score 16/100. Overall risk: 46/100.,0.0,0.0,1.0,0.0,0.0,0.0,0.0,0.43,0.46,N21,VIIRS,n,2.0NRT,N,50.0,40.0,,,,0,medium
21.67331,84.0409,Odisha,2167_8404,2026-08-26,729.0,Industrial,1.0,Industrial,53.2,High,0.767,4.73,329.78,295.02,329.78,295.02,0.319,5.352,8.891,32.299,381.809,12.31,Cropland,40.0,384.1192321777344,0.7413915852262982,8.302217133485085e-07,0.5337759825867866,0.29964576682230115,1.0,51.0,dist_industrial_zone_km,4.6028,Classified as Industrial (100% confidence). moderately persistent (persistence score 44/100). Intensity score 38/100. Overall risk: 53/100.,0.0,0.0,1.0,0.0,0.0,0.0,0.0,0.4,0.37,N21,VIIRS,l,2.0NRT,D,20.0,40.0,,,,0,medium
21.67999,84.03966,Odisha,2168_8404,2026-08-26,729.0,Industrial,1.0,Industrial,57.5,High,0.793,9.21,332.83,296.61,332.83,296.61,0.524,4.641,8.241,32.708,381.853,11.634,Built-up,50.0,776.2899780273438,0.7413915852262982,8.898096003883441e-07,0.585829241154706,0.2745410868942353,1.0,51.0,dist_industrial_zone_km,4.6098,Classified as Industrial (100% confidence). moderately persistent (persistence score 45/100). Intensity score 50/100. Overall risk: 58/100.,0.0,0.0,1.0,0.0,0.0,0.0,0.0,0.4,0.37,N21,VIIRS,l,2.0NRT,D,20.0,50.0,,,,0,medium
21.73116,82.21548,Chhattisgarh,2173_8222,2026-08-25,2017.0,Mining/Extraction,1.0,Mining/Extraction,42.5,Medium,0.748,1.19,306.81,287.73,306.81,287.73,0.201,29.513,1.857,134.517,414.801,25.344,Grassland,30.0,3118.6064453125,0.7413915852262982,8.11259423209053e-07,0.49618007432222205,0.39848304089590575,1.0,51.0,dist_quarry_km,4.1504,Classified as Mining/Extraction (100% confidence). moderately persistent (persistence score 44/100). Intensity score 17/100. Overall risk: 42/100.,0.0,0.0,0.0,1.0,0.0,0.0,0.0,0.4,0.37,N21,VIIRS,n,2.0NRT,N,50.0,30.0,,,,0,medium
21.74194,83.84369,Odisha,2174_8384,2026-08-28,833.0,Mining/Extraction,1.0,Mining/Extraction,50.2,High,0.788,7.65,327.14,280.41,327.14,280.41,0.726,6.125,0.961,29.511,401.301,2.396,Permanent water bodies,80.0,748.9869995117188,0.7413915852262982,3.318856351600364e-09,0.5751561794443347,0.2152627438698509,1.0,53.0,dist_quarry_km,4.6892,Classified as Mining/Extraction (100% confidence). moderately persistent (persistence score 44/100). Intensity score 47/100. Overall risk: 50/100.,0.0,0.0,0.0,1.0,0.0,0.0,0.0,0.73,0.76,N21,VIIRS,n,2.0NRT,D,50.0,80.0,,,,0,medium
21.7424,83.8442,Odisha,2174_8384,2026-08-28,833.0,Mining/Extraction,1.0,Mining/Extraction,61.3,High,0.786,7.46,327.67,281.35,327.67,281.35,0.72,6.154,0.896,29.569,401.244,2.326,Permanent water bodies,80.0,748.9869995117188,0.7450530918139344,1.0,0.5713791796245806,0.20433454254830635,1.0,53.0,dist_quarry_km,4.6491,Classified as Mining/Extraction (100% confidence). moderately persistent (persistence score 68/100). Intensity score 46/100. Overall risk: 61/100.,0.0,0.0,0.0,1.0,0.0,0.0,0.0,0.72,0.76,N21,VIIRS,n,2.0NRT,D,50.0,80.0,,,,0,medium
21.74265,83.84153,Odisha,2174_8384,2026-09-14,2042.0,Mining/Extraction,1.0,Mining/Extraction,54.4,High,0.765,4.21,324.28,290.6,324.28,290.6,0.712,6.281,0.986,29.564,401.517,2.444,Permanent water bodies,80.0,748.9869995117188,0.7486448511604031,0.675174973084095,0.5298275223828471,0.20265525293215547,1.0,53.0,dist_quarry_km,4.6208,Classified as Mining/Extraction (100% confidence). moderately persistent (persistence score 59/100). Intensity score 36/100. Overall risk: 54/100.,0.0,0.0,0.0,1.0,0.0,0.0,0.0,0.36,0.57,N21,VIIRS,n,2.0NRT,N,50.0,80.0,,,,0,medium
21.74782,83.84293,Odisha,2175_8384,2026-09-06,1951.0,Mining/Extraction,1.0,Mining/Extraction,50.7,High,0.78,6.22,333.05,293.38,333.05,293.38,0.754,6.765,0.461,30.151,401.321,1.896,Bare / sparse vegetation,60.0,472.37310791015625,0.7413915852262982,6.743495761743051e-07,0.5595017049152425,0.4738714836482776,1.0,59.0,dist_quarry_km,5.4471,Classified as Mining/Extraction (100% confidence). moderately persistent (persistence score 47/100). Intensity score 43/100. Overall risk: 51/100.,0.0,0.0,0.0,1.0,0.0,0.0,0.0,0.45,0.39,N21,VIIRS,n,2.0NRT,N,50.0,60.0,,,,0,medium
21.75493,83.84402,Odisha,2175_8384,2026-09-06,1951.0,Mining/Extraction,1.0,Mining/Extraction,56.6,High,0.762,3.45,325.2,292.45,325.2,292.45,1.284,7.48,0.598,30.95,401.14,1.287,Bare / sparse vegetation,60.0,472.37310791015625,0.7450530918139344,1.0,0.5239693582467541,0.13930646656075749,1.0,59.0,dist_quarry_km,5.4008,Classified as Mining/Extraction (100% confidence). moderately persistent (persistence score 66/100). Intensity score 32/100. Overall risk: 57/100.,0.0,0.0,0.0,1.0,0.0,0.0,0.0,0.45,0.39,N21,VIIRS,n,2.0NRT,N,50.0,60.0,,,,0,medium
21.74762,83.84351,Odisha,2175_8384,2026-09-13,833.0,Mining/Extraction,1.0,Mining/Extraction,66.5,High,0.862,20.92,341.73,285.28,341.73,285.28,0.808,6.724,0.427,30.136,401.264,1.876,Bare / sparse vegetation,60.0,472.37310791015625,0.7486448511604031,0.8506671609508557,0.7246420196848816,0.13811615546374695,1.0,59.0,dist_quarry_km,5.5588,Classified as Mining/Extraction (100% confidence). moderately persistent (persistence score 68/100). Intensity score 67/100. Overall risk: 66/100.,0.0,0.0,0.0,1.0,0.0,0.0,0.0,0.73,0.76,N21,VIIRS,n,2.0NRT,D,50.0,60.0,,,,0,medium
21.7471,83.8422,Odisha,2175_8384,2026-09-13,833.0,Mining/Extraction,1.0,Mining/Extraction,68.0,High,0.858,20.35,348.28,286.01,348.28,286.01,0.665,6.716,0.569,30.063,401.403,2.006,Bare / sparse vegetation,60.0,472.37310791015625,0.7521694708713587,1.0,0.7152150752446899,0.13815717266810285,1.0,59.0,dist_quarry_km,5.52,Classified as Mining/Extraction (100% confidence). chronic/highly persistent (persistence score 71/100). Intensity score 66/100. Overall risk: 68/100.,0.0,0.0,0.0,1.0,0.0,0.0,0.0,0.73,0.76,N21,VIIRS,n,2.0NRT,D,50.0,60.0,,,,0,medium
21.74853,83.84286,Odisha,2175_8384,2026-09-14,813.0,Mining/Extraction,1.0,Mining/Extraction,60.9,High,0.784,7.69,367.0,296.01,367.0,296.01,0.769,6.842,0.429,30.229,401.321,1.841,Bare / sparse vegetation,60.0,472.37310791015625,0.7556294149979565,0.9771599684342459,0.5672883840913132,0.1370196916058734,1.0,59.0,dist_quarry_km,5.3706,Classified as Mining/Extraction (100% confidence). moderately persistent (persistence score 67/100). Intensity score 47/100. Overall risk: 61/100.,0.0,0.0,0.0,1.0,0.0,0.0,0.0,0.35,0.57,N21,VIIRS,h,2.0NRT,D,90.0,60.0,,,,0,medium
21.74779,83.84294,Odisha,2175_8384,2026-09-14,2042.0,Mining/Extraction,1.0,Mining/Extraction,60.8,High,0.78,7.23,367.0,292.0,367.0,292.0,0.754,6.761,0.462,30.148,401.32,1.898,Bare / sparse vegetation,60.0,472.37310791015625,0.7590270143845762,1.0,0.5604214658381881,0.13608091456698077,1.0,59.0,dist_quarry_km,5.4131,Classified as Mining/Extraction (100% confidence). moderately persistent (persistence score 68/100). Intensity score 46/100. Overall risk: 61/100.,0.0,0.0,0.0,1.0,0.0,0.0,0.0,0.36,0.57,N21,VIIRS,h,2.0NRT,N,90.0,60.0,,,,0,medium
21.75292,83.84437,Odisha,2175_8384,2026-09-14,2042.0,Mining/Extraction,1.0,Mining/Extraction,60.8,High,0.78,7.23,321.66,290.16,321.66,290.16,1.153,7.256,0.388,30.732,401.123,1.388,Bare / sparse vegetation,60.0,472.37310791015625,0.7623644761006665,1.0,0.5593527675811102,0.13499911861655714,1.0,59.0,dist_quarry_km,5.3419,Classified as Mining/Extraction (100% confidence). moderately persistent (persistence score 68/100). Intensity score 46/100. Overall risk: 61/100.,0.0,0.0,0.0,1.0,0.0,0.0,0.0,0.36,0.57,N21,VIIRS,n,2.0NRT,N,50.0,60.0,,,,0,medium
21.74819,83.84373,Odisha,2175_8384,2026-09-15,754.0,Mining/Extraction,1.0,Mining/Extraction,65.7,High,0.828,15.49,339.13,300.11,339.13,300.11,0.844,6.776,0.37,30.202,401.235,1.812,Bare / sparse vegetation,60.0,472.37310791015625,0.7656438920523007,0.9771599684342459,0.656413240844035,0.13394401195680863,1.0,59.0,dist_quarry_km,5.5064,Classified as Mining/Extraction (100% confidence). moderately persistent (persistence score 70/100). Intensity score 61/100. Overall risk: 66/100.,0.0,0.0,0.0,1.0,0.0,0.0,0.0,0.54,0.42,N21,VIIRS,n,2.0NRT,D,50.0,60.0,,,,0,medium
21.74769,83.84389,Odisha,2175_8384,2026-09-21,2010.0,Mining/Extraction,1.0,Mining/Extraction,55.9,High,0.757,3.94,330.74,284.76,330.74,284.76,0.848,6.718,0.393,30.149,401.224,1.845,Bare / sparse vegetation,60.0,472.37310791015625,0.7688672468575888,0.8705505632961241,0.514668203678956,0.1330805175572592,1.0,59.0,dist_quarry_km,5.527,Classified as Mining/Extraction (100% confidence). moderately persistent (persistence score 64/100). Intensity score 35/100. Overall risk: 56/100.,0.0,0.0,0.0,1.0,0.0,0.0,0.0,0.4,0.37,N21,VIIRS,n,2.0NRT,N,50.0,60.0,,,,0,medium
21.74682,83.84542,Odisha,2175_8385,2026-08-25,2017.0,Mining/Extraction,1.0,Mining/Extraction,39.2,Medium,0.748,2.91,303.7,279.88,303.7,279.88,0.993,6.577,0.39,30.072,401.075,1.836,Tree cover,10.0,987.071044921875,0.337857147626047,5.0610764943293907e-17,0.4959500885711756,0.3390015061935766,1.0,6.0,dist_quarry_km,5.1235,Classified as Mining/Extraction (100% confidence). low persistence / first-seen (persistence score 29/100). Intensity score 30/100. Overall risk: 39/100.,0.0,0.0,0.0,1.0,0.0,0.0,0.0,0.46,0.39,N21,VIIRS,n,2.0NRT,N,50.0,10.0,,,,0,medium
21.75589,83.84266,Odisha,2176_8384,2026-09-15,754.0,Mining/Extraction,1.0,Mining/Extraction,54.0,High,0.81,12.14,336.69,298.21,336.69,298.21,1.188,7.624,0.76,31.04,401.271,1.362,Tree cover,10.0,325.0540771484375,0.7413915852262982,5.605449229639103e-07,0.6206363314209387,0.3330324723230747,1.0,51.0,dist_quarry_km,5.1344,Classified as Mining/Extraction (100% confidence). moderately persistent (persistence score 46/100). Intensity score 56/100. Overall risk: 54/100.,0.0,0.0,0.0,1.0,0.0,0.0,0.0,0.54,0.42,N21,VIIRS,n,2.0NRT,D,50.0,10.0,,,,0,medium
21.76145,83.84943,Odisha,2176_8385,2026-09-06,1951.0,Waste/Landfill,1.0,Waste/Landfill,48.0,Medium,0.778,7.56,332.73,292.77,332.73,292.77,0.832,8.047,1.291,31.738,400.521,0.547,Grassland,30.0,1080.161865234375,0.7413915852262982,6.90111750335874e-07,0.5560558567603926,0.35022670002459644,1.0,52.0,dist_waste_site_km,11.8597,Classified as Waste/Landfill (100% confidence). moderately persistent (persistence score 45/100). Intensity score 47/100. Overall risk: 48/100.,0.0,0.0,0.0,0.0,0.0,1.0,0.0,0.45,0.39,N21,VIIRS,n,2.0NRT,N,50.0,30.0,,,,0,medium
21.76369,83.84921,Odisha,2176_8385,2026-09-14,2042.0,Waste/Landfill,1.0,Waste/Landfill,48.9,Medium,0.742,1.89,322.71,290.23,322.71,290.23,0.667,8.295,1.53,31.982,400.523,0.645,Grassland,30.0,1080.161865234375,0.7450530918139344,0.8312378961427878,0.48431886980129385,0.16054716446962403,1.0,52.0,dist_waste_site_km,12.5906,Classified as Waste/Landfill (100% confidence). moderately persistent (persistence score 61/100). Intensity score 23/100. Overall risk: 49/100.,0.0,0.0,0.0,0.0,0.0,1.0,0.0,0.36,0.57,N21,VIIRS,n,2.0NRT,N,50.0,30.0,,,,0,medium
21.86162,75.56395,MadhyaPradesh,2186_7556,2026-09-22,724.0,Wildfire,0.9998,Wildfire,25.7,Medium,0.409,11.27,367.0,292.62,367.0,292.62,31.985,37.715,13.426,82.709,316.098,94.62,Grassland,30.0,116.34380340576172,0.26140197200678245,4.547473508864649e-13,0.617708518090648,,1.0,4.0,landcover_code,3.1268,Classified as Wildfire (100% confidence). low persistence / first-seen (persistence score 13/100). Intensity score 54/100. Overall risk: 26/100.,0.0,0.0,0.0,0.0,0.0002,0.0,0.9998,0.48,0.64,N21,VIIRS,h,2.0NRT,D,90.0,30.0,,,,0,n/a
21.91965,83.35175,Chhattisgarh,2192_8335,2026-09-14,2042.0,Industrial,1.0,Industrial,51.8,High,0.755,3.99,336.06,291.1,336.06,291.1,0.964,0.956,26.161,63.851,423.127,6.195,Built-up,50.0,5292.0478515625,0.7413915852262982,5.73647039452609e-07,0.5090615077394385,0.26991971062212156,1.0,54.0,dist_power_plant_km,2.671,Classified as Industrial (100% confidence). moderately persistent (persistence score 43/100). Intensity score 35/100. Overall risk: 52/100.,0.0,0.0,1.0,0.0,0.0,0.0,0.0,0.33,0.55,N21,VIIRS,n,2.0NRT,N,50.0,50.0,,,,0,medium
21.92032,83.34862,Chhattisgarh,2192_8335,2026-09-14,2042.0,Industrial,1.0,Industrial,63.3,High,0.754,3.99,321.34,290.31,321.34,290.31,0.806,0.692,26.462,64.041,422.937,5.926,Built-up,50.0,5292.0478515625,0.7450530918139344,1.0,0.5088838688875094,0.12496595077396908,1.0,54.0,dist_power_plant_km,2.6687,Classified as Industrial (100% confidence). moderately persistent (persistence score 66/100). Intensity score 35/100. Overall risk: 63/100.,0.0,0.0,1.0,0.0,0.0,0.0,0.0,0.33,0.55,N21,VIIRS,n,2.0NRT,N,50.0,50.0,,,,0,medium
21.92139,83.34894,Chhattisgarh,2192_8335,2026-09-21,2010.0,Industrial,1.0,Industrial,58.2,High,0.743,2.17,327.97,291.3,327.97,291.3,0.692,0.616,26.509,64.139,422.839,5.858,Built-up,50.0,5292.0478515625,0.7486448511604031,0.8506671609508557,0.485967628154622,0.12388683256855289,1.0,54.0,dist_power_plant_km,2.6454,Classified as Industrial (100% confidence). moderately persistent (persistence score 61/100). Intensity score 25/100. Overall risk: 58/100.,0.0,0.0,1.0,0.0,0.0,0.0,0.0,0.39,0.36,N21,VIIRS,n,2.0NRT,N,50.0,50.0,,,,0,medium
21.92078,83.35271,Chhattisgarh,2192_8335,2026-09-21,2010.0,Industrial,1.0,Industrial,60.2,High,0.743,2.17,321.07,290.88,321.07,290.88,0.902,0.955,26.161,63.93,423.047,6.17,Built-up,50.0,5292.0478515625,0.7521694708713587,1.0,0.4862322547517061,0.12405316029356596,1.0,54.0,dist_power_plant_km,2.7802,Classified as Industrial (100% confidence). moderately persistent (persistence score 65/100). Intensity score 25/100. Overall risk: 60/100.,0.0,0.0,1.0,0.0,0.0,0.0,0.0,0.39,0.36,N21,VIIRS,n,2.0NRT,N,50.0,50.0,,,,0,medium
21.98468,83.23296,Chhattisgarh,2198_8323,2026-09-21,2010.0,Industrial,1.0,Industrial,53.1,High,0.764,3.73,324.85,291.31,324.85,291.31,0.187,0.358,17.714,75.642,411.916,8.512,Cropland,40.0,697.8440551757812,0.7413915852262982,4.879826984390146e-07,0.5283944170703675,0.4578550822586203,1.0,51.0,dist_power_plant_km,2.6302,Classified as Industrial (100% confidence). moderately persistent (persistence score 46/100). Intensity score 34/100. Overall risk: 53/100.,0.0,0.0,1.0,0.0,0.0,0.0,0.0,0.39,0.36,N21,VIIRS,n,2.0NRT,N,50.0,40.0,,,,0,medium
22.00384,82.66959,Chhattisgarh,2200_8267,2026-09-21,2010.0,Industrial,1.0,Industrial,50.5,High,0.756,2.63,321.33,290.37,321.33,290.37,0.216,0.836,3.375,110.668,392.782,27.896,Bare / sparse vegetation,60.0,8110.52734375,0.7413915852262982,4.768371582031258e-07,0.5112481019468548,0.3670403806094377,1.0,51.0,dist_power_plant_km,2.6171,Classified as Industrial (100% confidence). moderately persistent (persistence score 44/100). Intensity score 28/100. Overall risk: 50/100.,0.0,0.0,1.0,0.0,0.0,0.0,0.0,0.39,0.36,N21,VIIRS,n,2.0NRT,N,50.0,60.0,,,,0,medium
22.04164,83.72894,Odisha,2204_8373,2026-09-14,2042.0,Other/Unknown,1.0,Other/Unknown,25.7,Medium,0.326,4.56,332.18,290.09,332.18,290.09,16.524,18.955,2.082,63.167,411.502,26.991,Tree cover,10.0,229.89306640625,0.7413915852262982,5.73647039452609e-07,0.4527984735800737,0.2278495788190989,1.0,52.0,dist_quarry_km,1.5796,Classified as Other/Unknown (100% confidence). moderately persistent (persistence score 41/100). Intensity score 37/100. Overall risk: 26/100.,0.0,0.0,0.0,0.0,1.0,0.0,0.0,0.35,0.57,N21,VIIRS,n,2.0NRT,N,50.0,10.0,,,,0,n/a
22.039,83.73057,Odisha,2204_8373,2026-09-21,2010.0,Other/Unknown,1.0,Other/Unknown,28.1,Medium,0.309,1.69,321.39,286.9,321.39,286.9,16.238,18.678,2.408,62.854,411.336,26.917,Tree cover,10.0,229.89306640625,0.7450530918139344,0.8506671609508557,0.41844578557080847,0.12461063510183779,1.0,52.0,dist_quarry_km,1.5793,Classified as Other/Unknown (100% confidence). moderately persistent (persistence score 60/100). Intensity score 21/100. Overall risk: 28/100.,0.0,0.0,0.0,0.0,1.0,0.0,0.0,0.4,0.37,N21,VIIRS,n,2.0NRT,N,50.0,10.0,,,,0,n/a
22.05241,88.12465,WestBengal,2205_8812,2026-09-12,1938.0,Industrial,1.0,Industrial,51.1,High,0.755,2.7,322.16,292.43,322.16,292.43,0.12,0.12,45.858,84.552,41.714,16.481,Tree cover,10.0,2498.6474609375,0.7413915852262982,6.007771729921693e-07,0.5095763287988669,0.4373061357830156,1.0,51.0,dist_power_plant_km,2.4188,Classified as Industrial (100% confidence). moderately persistent (persistence score 45/100). Intensity score 28/100. Overall risk: 51/100.,0.0,0.0,1.0,0.0,0.0,0.0,0.0,0.41,0.37,N21,VIIRS,n,2.0NRT,N,50.0,10.0,,,,0,medium
22.21391,84.84286,Odisha,2221_8484,2026-08-26,729.0,Industrial,1.0,Industrial,52.1,High,0.762,3.38,330.93,291.89,330.93,291.89,1.675,0.715,9.456,10.558,297.271,1.947,Built-up,50.0,2253.8837890625,0.7413915852262982,8.898096003883441e-07,0.5232133001889905,0.39478961504217386,1.0,52.0,dist_power_plant_km,2.7463,Classified as Industrial (100% confidence). moderately persistent (persistence score 45/100). Intensity score 32/100. Overall risk: 52/100.,0.0,0.0,1.0,0.0,0.0,0.0,0.0,0.39,0.36,N21,VIIRS,n,2.0NRT,D,50.0,50.0,,,,0,medium
22.21333,84.83915,Odisha,2221_8484,2026-08-26,729.0,Industrial,1.0,Industrial,62.0,High,0.758,2.79,330.66,291.48,330.66,291.48,1.657,1.079,9.071,10.899,297.648,2.046,Built-up,50.0,2253.8837890625,0.7450530918139344,1.0,0.5153946424304212,0.18042659304357467,1.0,52.0,dist_power_plant_km,2.6573,Classified as Industrial (100% confidence). moderately persistent (persistence score 67/100). Intensity score 29/100. Overall risk: 62/100.,0.0,0.0,1.0,0.0,0.0,0.0,0.0,0.39,0.36,N21,VIIRS,n,2.0NRT,D,50.0,50.0,,,,0,medium
22.21023,84.86258,Odisha,2221_8486,2026-08-26,729.0,Industrial,1.0,Industrial,52.0,High,0.761,3.63,331.63,293.69,331.63,293.69,1.136,1.652,9.309,9.347,295.22,1.999,Built-up,50.0,5197.888671875,0.7413915852262982,8.898096003883441e-07,0.5212671607676064,0.3459948969855064,1.0,53.0,dist_power_plant_km,2.0037,Classified as Industrial (100% confidence). moderately persistent (persistence score 44/100). Intensity score 33/100. Overall risk: 52/100.,0.0,0.0,1.0,0.0,0.0,0.0,0.0,0.39,0.36,N21,VIIRS,n,2.0NRT,D,50.0,50.0,,,,0,medium
22.20885,84.86406,Odisha,2221_8486,2026-09-05,2010.0,Industrial,1.0,Industrial,62.3,High,0.769,5.04,322.75,291.11,322.75,291.11,1.08,1.861,9.324,9.361,295.058,2.007,Built-up,50.0,5197.888671875,0.7450530918139344,0.7937005259840998,0.5384119086350995,0.1264624815961292,1.0,53.0,dist_power_plant_km,2.0262,Classified as Industrial (100% confidence). moderately persistent (persistence score 61/100). Intensity score 39/100. Overall risk: 62/100.,0.0,0.0,1.0,0.0,0.0,0.0,0.0,0.43,0.38,N21,VIIRS,n,2.0NRT,N,50.0,50.0,,,,0,medium
22.20956,84.85995,Odisha,2221_8486,2026-09-05,2010.0,Industrial,1.0,Industrial,65.0,High,0.769,5.04,329.75,291.42,329.75,291.42,1.414,1.466,9.546,9.585,295.485,1.762,Built-up,50.0,5197.888671875,0.7486448511604031,1.0,0.5376760448286381,0.12716770584276738,1.0,53.0,dist_power_plant_km,2.1409,Classified as Industrial (100% confidence). moderately persistent (persistence score 67/100). Intensity score 39/100. Overall risk: 65/100.,0.0,0.0,1.0,0.0,0.0,0.0,0.0,0.43,0.38,N21,VIIRS,n,2.0NRT,N,50.0,50.0,,,,0,medium
22.21468,84.8694,Odisha,2221_8487,2026-08-26,729.0,Industrial,1.0,Industrial,54.5,High,0.771,5.23,334.29,293.07,334.29,293.07,0.332,1.24,8.475,8.511,294.55,2.848,Built-up,50.0,5393.2578125,0.7413915852262982,8.898096003883441e-07,0.5418369498023023,0.38764586066473794,1.0,52.0,dist_power_plant_km,2.0702,Classified as Industrial (100% confidence). moderately persistent (persistence score 45/100). Intensity score 40/100. Overall risk: 54/100.,0.0,0.0,1.0,0.0,0.0,0.0,0.0,0.39,0.36,N21,VIIRS,n,2.0NRT,D,50.0,50.0,,,,0,medium
22.20574,84.86871,Odisha,2221_8487,2026-09-11,1957.0,Industrial,1.0,Industrial,56.4,High,0.751,2.16,320.35,288.65,320.35,288.65,1.05,2.058,9.296,9.328,294.56,2.231,Built-up,50.0,5393.2578125,0.7450530918139344,0.690956439983888,0.5027377177382619,0.12773914622775284,1.0,52.0,dist_industrial_zone_km,2.4642,Classified as Industrial (100% confidence). moderately persistent (persistence score 58/100). Intensity score 25/100. Overall risk: 56/100.,0.0,0.0,1.0,0.0,0.0,0.0,0.0,0.39,0.36,N21,VIIRS,n,2.0NRT,N,50.0,50.0,,,,0,medium
22.24414,87.38998,WestBengal,2224_8739,2026-08-26,1957.0,Other/Unknown,1.0,Other/Unknown,27.5,Medium,0.374,5.3,323.61,290.59,323.61,290.59,12.754,14.286,70.924,94.419,42.117,57.89,Cropland,40.0,3724.432861328125,0.7413915852262982,8.898096003883441e-07,0.5470355139253321,0.41965998729623183,1.0,52.0,dist_industrial_zone_km,0.7487,Classified as Other/Unknown (100% confidence). moderately persistent (persistence score 46/100). Intensity score 40/100. Overall risk: 28/100.,0.0,0.0,0.0,0.0,1.0,0.0,0.0,0.41,0.37,N21,VIIRS,n,2.0NRT,N,50.0,40.0,,,,0,n/a
22.2442,87.38879,WestBengal,2224_8739,2026-08-29,1902.0,Other/Unknown,1.0,Other/Unknown,29.9,Medium,0.353,2.16,296.84,270.16,296.84,270.16,12.663,14.251,70.816,94.305,42.22,57.957,Cropland,40.0,3724.432861328125,0.7450530918139344,0.9330329915368074,0.5069995427025188,0.16077690164579078,1.0,52.0,dist_industrial_zone_km,0.7739,Classified as Other/Unknown (100% confidence). moderately persistent (persistence score 64/100). Intensity score 25/100. Overall risk: 30/100.,0.0,0.0,0.0,0.0,1.0,0.0,0.0,0.55,0.68,N21,VIIRS,n,2.0NRT,N,50.0,40.0,,,,0,n/a
22.32245,82.59045,Chhattisgarh,2232_8259,2026-09-21,2010.0,Mining/Extraction,1.0,Mining/Extraction,43.8,Medium,0.752,2.04,328.7,286.91,328.7,286.91,3.741,7.13,1.294,142.629,356.429,9.845,Grassland,30.0,322.3494873046875,0.7413915852262982,4.44904800194172e-07,0.5049648368153268,0.28707468198379904,1.0,51.0,dist_quarry_km,4.3522,Classified as Mining/Extraction (100% confidence). moderately persistent (persistence score 43/100). Intensity score 24/100. Overall risk: 44/100.,0.0,0.0,0.0,1.0,0.0,0.0,0.0,0.38,0.36,N21,VIIRS,n,2.0NRT,N,50.0,30.0,,,,0,medium
22.33047,87.3986,WestBengal,2233_8740,2026-09-12,1938.0,Other/Unknown,1.0,Other/Unknown,23.1,Low,0.344,4.42,327.65,291.58,327.65,291.58,5.803,6.032,67.143,91.75,47.744,49.876,Cropland,40.0,1165.2513427734375,0.26140197200678245,3.503405768524444e-08,0.4872111233477902,0.614047178664665,1.0,4.0,dist_industrial_zone_km,1.0625,Classified as Other/Unknown (100% confidence). moderately persistent (persistence score 31/100). Intensity score 37/100. Overall risk: 23/100.,0.0,0.0,0.0,0.0,1.0,0.0,0.0,0.44,0.38,N21,VIIRS,n,2.0NRT,N,50.0,40.0,,,,0,n/a
22.36418,73.11755,Gujarat,2236_7312,2026-09-23,2114.0,Industrial,1.0,Industrial,58.1,High,0.791,8.91,344.55,296.51,344.55,296.51,1.687,1.267,34.28,34.309,99.126,10.806,Cropland,40.0,7647.595703125,0.7413915852262982,4.347431605139817e-07,0.5814186963361067,0.39237614425342615,1.0,51.0,dist_power_plant_km,2.1582,Classified as Industrial (100% confidence). moderately persistent (persistence score 46/100). Intensity score 50/100. Overall risk: 58/100.,0.0,0.0,1.0,0.0,0.0,0.0,0.0,0.47,0.48,N21,VIIRS,n,2.0NRT,N,50.0,40.0,,,,0,medium
22.35787,82.30326,Chhattisgarh,2236_8230,2026-08-25,2017.0,Mining/Extraction,1.0,Mining/Extraction,41.6,Medium,0.736,1.31,311.19,264.88,311.19,264.88,24.498,13.54,0.966,165.168,346.874,28.932,Grassland,30.0,531.270263671875,0.7413915852262982,9.106079138855144e-07,0.47184481543920853,0.2592192604530755,1.0,55.0,dist_quarry_km,4.7266,Classified as Mining/Extraction (100% confidence). moderately persistent (persistence score 42/100). Intensity score 18/100. Overall risk: 42/100.,0.0,0.0,0.0,1.0,0.0,0.0,0.0,0.4,0.37,N21,VIIRS,n,2.0NRT,N,50.0,30.0,,,,0,medium
22.35892,82.30322,Chhattisgarh,2236_8230,2026-09-04,2027.0,Mining/Extraction,1.0,Mining/Extraction,57.4,High,0.769,6.61,331.58,290.81,331.58,290.81,24.451,13.56,0.946,165.254,346.758,29.048,Grassland,30.0,531.270263671875,0.7450530918139344,0.7937005259840998,0.5385410413473625,0.12518447175532632,1.0,55.0,dist_quarry_km,4.8176,Classified as Mining/Extraction (100% confidence). moderately persistent (persistence score 61/100). Intensity score 44/100. Overall risk: 57/100.,0.0,0.0,0.0,1.0,0.0,0.0,0.0,0.54,0.42,N21,VIIRS,n,2.0NRT,N,50.0,30.0,,,,0,medium
22.35933,82.30335,Chhattisgarh,2236_8230,2026-09-13,2059.0,Mining/Extraction,1.0,Mining/Extraction,53.5,High,0.747,3.05,321.02,283.85,321.02,283.85,24.419,13.553,0.957,165.276,346.715,29.095,Grassland,30.0,531.270263671875,0.7486448511604031,0.8122523963562356,0.4933753876732964,0.12590675692767078,1.0,55.0,dist_quarry_km,4.7015,Classified as Mining/Extraction (100% confidence). moderately persistent (persistence score 61/100). Intensity score 30/100. Overall risk: 54/100.,0.0,0.0,0.0,1.0,0.0,0.0,0.0,0.56,0.69,N21,VIIRS,n,2.0NRT,N,50.0,30.0,,,,0,medium
22.35918,82.30299,Chhattisgarh,2236_8230,2026-09-14,2042.0,Mining/Extraction,1.0,Mining/Extraction,60.3,High,0.774,7.36,331.12,291.06,331.12,291.06,24.46,13.588,0.92,165.291,346.726,29.076,Grassland,30.0,531.270263671875,0.7521694708713587,0.9771599684342459,0.5472337365843005,0.12644751188649692,1.0,55.0,dist_quarry_km,4.8583,Classified as Mining/Extraction (100% confidence). moderately persistent (persistence score 66/100). Intensity score 46/100. Overall risk: 60/100.,0.0,0.0,0.0,1.0,0.0,0.0,0.0,0.56,0.51,N21,VIIRS,n,2.0NRT,N,50.0,30.0,,,,0,medium
22.3582,82.30425,Chhattisgarh,2236_8230,2026-09-15,754.0,Mining/Extraction,1.0,Mining/Extraction,60.0,High,0.771,6.96,336.71,297.55,336.71,297.55,24.391,13.444,1.06,165.122,346.853,28.974,Grassland,30.0,531.270263671875,0.7556294149979565,0.9771599684342459,0.5414026650972819,0.12557553088268453,1.0,55.0,dist_quarry_km,4.6022,Classified as Mining/Extraction (100% confidence). moderately persistent (persistence score 66/100). Intensity score 45/100. Overall risk: 60/100.,0.0,0.0,0.0,1.0,0.0,0.0,0.0,0.46,0.39,N21,VIIRS,n,2.0NRT,D,50.0,30.0,,,,0,medium
22.35626,87.28948,WestBengal,2236_8729,2026-08-26,1957.0,Industrial,1.0,Industrial,49.6,Medium,0.756,1.98,309.68,289.94,309.68,289.94,0.486,6.879,55.784,80.201,57.939,56.198,Built-up,50.0,1579.2987060546875,0.7413915852262982,8.898096003883441e-07,0.512282528507134,0.41484134817028395,1.0,51.0,dist_industrial_zone_km,4.4514,Classified as Industrial (100% confidence). moderately persistent (persistence score 45/100). Intensity score 24/100. Overall risk: 50/100.,0.0,0.0,1.0,0.0,0.0,0.0,0.0,0.41,0.37,N21,VIIRS,n,2.0NRT,N,50.0,50.0,,,,0,medium
22.36472,87.29928,WestBengal,2236_8730,2026-09-11,1957.0,Industrial,1.0,Industrial,49.8,Medium,0.746,2.24,324.69,284.86,324.69,284.86,1.575,5.742,56.276,80.856,57.783,54.826,Bare / sparse vegetation,60.0,1898.4578857421875,0.7413915852262982,6.148196737478159e-07,0.4915208129733849,0.408280136583107,1.0,51.0,dist_industrial_zone_km,4.2563,Classified as Industrial (100% confidence). moderately persistent (persistence score 44/100). Intensity score 25/100. Overall risk: 50/100.,0.0,0.0,1.0,0.0,0.0,0.0,0.0,0.41,0.37,N21,VIIRS,n,2.0NRT,N,50.0,60.0,,,,0,medium
22.36513,87.01697,WestBengal,2237_8702,2026-09-12,1938.0,Other/Unknown,1.0,Other/Unknown,26.7,Medium,0.365,4.14,320.75,292.55,320.75,292.55,2.993,16.637,32.478,54.005,81.931,79.836,Cropland,40.0,1091.0234375,0.7413915852262982,6.007771729921693e-07,0.5304796610615871,0.41788857076697994,1.0,51.0,dist_industrial_zone_km,0.9368,Classified as Other/Unknown (100% confidence). moderately persistent (persistence score 45/100). Intensity score 35/100. Overall risk: 27/100.,0.0,0.0,0.0,0.0,1.0,0.0,0.0,0.45,0.39,N21,VIIRS,n,2.0NRT,N,50.0,40.0,,,,0,n/a
22.37453,87.28033,WestBengal,2237_8728,2026-08-25,2017.0,Industrial,1.0,Industrial,47.4,Medium,0.737,1.31,298.06,274.56,298.06,274.56,0.469,7.694,54.048,78.666,59.97,55.751,Cropland,40.0,1098.7828369140625,0.7413915852262982,6.438970309105835e-07,0.4735397429528322,0.4151906123774138,1.0,52.0,dist_industrial_zone_km,4.577,Classified as Industrial (100% confidence). moderately persistent (persistence score 44/100). Intensity score 18/100. Overall risk: 47/100.,0.0,0.0,1.0,0.0,0.0,0.0,0.0,0.46,0.47,N21,VIIRS,n,2.0NRT,N,50.0,40.0,,,,0,medium
22.37452,87.28115,WestBengal,2237_8728,2026-09-14,2042.0,Industrial,1.0,Industrial,60.5,High,0.759,4.75,318.46,288.71,318.46,288.71,0.428,7.61,54.125,78.746,59.905,55.682,Cropland,40.0,1098.7828369140625,0.7450530918139344,0.6299605249474366,0.5170277263703226,0.23410076969993845,1.0,52.0,dist_industrial_zone_km,4.4975,Classified as Industrial (100% confidence). moderately persistent (persistence score 58/100). Intensity score 38/100. Overall risk: 60/100.,0.0,0.0,1.0,0.0,0.0,0.0,0.0,0.58,0.69,N21,VIIRS,n,2.0NRT,N,50.0,40.0,,,,0,medium
22.36618,87.29916,WestBengal,2237_8730,2026-09-12,1938.0,Industrial,1.0,Industrial,49.7,Medium,0.75,2.48,324.67,292.84,324.67,292.84,1.641,5.743,56.196,80.794,57.899,54.738,Cropland,40.0,1102.3482666015625,0.7413915852262982,6.007771729921693e-07,0.49972500002772924,0.31948553442976374,1.0,52.0,dist_industrial_zone_km,4.2702,Classified as Industrial (100% confidence). moderately persistent (persistence score 43/100). Intensity score 27/100. Overall risk: 50/100.,0.0,0.0,1.0,0.0,0.0,0.0,0.0,0.44,0.39,N21,VIIRS,n,2.0NRT,N,50.0,40.0,,,,0,medium
22.36585,87.29993,WestBengal,2237_8730,2026-09-12,1938.0,Industrial,1.0,Industrial,61.4,High,0.752,2.75,325.94,292.73,325.94,292.73,1.691,5.666,56.283,80.881,57.816,54.697,Cropland,40.0,1102.3482666015625,0.7450530918139344,1.0,0.5031053522285102,0.1260368529403631,1.0,52.0,dist_industrial_zone_km,4.2294,Classified as Industrial (100% confidence). moderately persistent (persistence score 66/100). Intensity score 29/100. Overall risk: 61/100.,0.0,0.0,1.0,0.0,0.0,0.0,0.0,0.44,0.39,N21,VIIRS,n,2.0NRT,N,50.0,40.0,,,,0,medium
22.3833,73.1189,Gujarat,2238_7312,2026-08-31,2144.0,Industrial,1.0,Industrial,43.0,Medium,0.704,2.43,311.62,268.93,311.62,268.93,0.444,2.042,34.765,34.796,97.392,12.668,Built-up,50.0,15718.7470703125,0.3921029580101737,1.1115819261297809e-10,0.40719545712479716,0.4102923429614563,1.0,8.0,dist_industrial_zone_km,2.6209,Classified as Industrial (100% confidence). moderately persistent (persistence score 30/100). Intensity score 27/100. Overall risk: 43/100.,0.0,0.0,1.0,0.0,0.0,0.0,0.0,0.73,0.76,N21,VIIRS,n,2.0NRT,N,50.0,50.0,,,,0,medium
22.37963,87.27699,WestBengal,2238_8728,2026-08-25,2017.0,Industrial,1.0,Industrial,48.5,Medium,0.744,1.96,300.96,278.05,300.96,278.05,0.634,8.099,53.497,78.166,60.6,55.708,Built-up,50.0,1725.4677734375,0.7413915852262982,9.106079138855144e-07,0.48756506466438504,0.31948553442976374,1.0,60.0,dist_industrial_zone_km,4.4063,Classified as Industrial (100% confidence). moderately persistent (persistence score 43/100). Intensity score 24/100. Overall risk: 48/100.,0.0,0.0,1.0,0.0,0.0,0.0,0.0,0.46,0.47,N21,VIIRS,n,2.0NRT,N,50.0,50.0,,,,0,medium
22.37905,87.27782,WestBengal,2238_8728,2026-08-26,1957.0,Industrial,1.0,Industrial,58.1,High,0.741,1.47,312.36,283.16,312.36,283.16,0.535,8.005,53.602,78.267,60.494,55.674,Built-up,50.0,1725.4677734375,0.7450530918139344,0.9771599684342459,0.4816895644446889,0.12610057051684942,1.0,60.0,dist_industrial_zone_km,4.7003,Classified as Industrial (100% confidence). moderately persistent (persistence score 64/100). Intensity score 20/100. Overall risk: 58/100.,0.0,0.0,1.0,0.0,0.0,0.0,0.0,0.41,0.37,N21,VIIRS,n,2.0NRT,N,50.0,50.0,,,,0,medium
22.37841,87.28172,WestBengal,2238_8728,2026-08-26,1957.0,Industrial,1.0,Industrial,59.7,High,0.744,1.97,302.42,281.42,302.42,281.42,0.129,7.598,53.996,78.671,60.144,55.386,Built-up,50.0,1725.4677734375,0.7486448511604031,1.0,0.4882857978222704,0.125194265390767,1.0,60.0,dist_industrial_zone_km,4.2427,Classified as Industrial (100% confidence). moderately persistent (persistence score 65/100). Intensity score 24/100. Overall risk: 60/100.,0.0,0.0,1.0,0.0,0.0,0.0,0.0,0.41,0.37,N21,VIIRS,n,2.0NRT,N,50.0,50.0,,,,0,medium
22.37569,87.27717,WestBengal,2238_8728,2026-08-26,1957.0,Industrial,1.0,Industrial,58.5,High,0.741,1.47,308.06,288.14,308.06,288.14,0.643,8.029,53.699,78.317,60.3,55.942,Built-up,50.0,1725.4677734375,0.7521694708713587,1.0,0.48226216376539627,0.1241338579140739,1.0,60.0,dist_industrial_zone_km,4.6117,Classified as Industrial (100% confidence). moderately persistent (persistence score 65/100). Intensity score 20/100. Overall risk: 58/100.,0.0,0.0,1.0,0.0,0.0,0.0,0.0,0.41,0.37,N21,VIIRS,n,2.0NRT,N,50.0,50.0,,,,0,medium
22.37877,87.28007,WestBengal,2238_8728,2026-09-05,2010.0,Industrial,1.0,Industrial,60.6,High,0.756,3.77,327.63,293.8,327.63,293.8,0.303,7.772,53.825,78.497,60.299,55.502,Built-up,50.0,1725.4677734375,0.7556294149979565,0.7937005259840998,0.5113313927938632,0.12310116700325761,1.0,60.0,dist_industrial_zone_km,4.6661,Classified as Industrial (100% confidence). moderately persistent (persistence score 61/100). Intensity score 34/100. Overall risk: 61/100.,0.0,0.0,1.0,0.0,0.0,0.0,0.0,0.56,0.43,N21,VIIRS,n,2.0NRT,N,50.0,50.0,,,,0,medium
22.37877,87.27782,WestBengal,2238_8728,2026-09-11,1957.0,Industrial,1.0,Industrial,59.1,High,0.747,2.33,322.13,280.84,322.13,280.84,0.529,8.001,53.615,78.276,60.473,55.692,Built-up,50.0,1725.4677734375,0.7590270143845762,0.8705505632961241,0.49312770553324714,0.12385421357462217,1.0,60.0,dist_industrial_zone_km,4.6027,Classified as Industrial (100% confidence). moderately persistent (persistence score 63/100). Intensity score 26/100. Overall risk: 59/100.,0.0,0.0,1.0,0.0,0.0,0.0,0.0,0.41,0.37,N21,VIIRS,n,2.0NRT,N,50.0,50.0,,,,0,medium
22.37614,87.27886,WestBengal,2238_8728,2026-09-12,1938.0,Industrial,1.0,Industrial,68.3,High,0.785,8.55,341.63,294.93,341.63,294.93,0.465,7.861,53.835,78.467,60.201,55.771,Built-up,50.0,1725.4677734375,0.7623644761006665,0.9771599684342459,0.5705266031962988,0.12390937239854205,1.0,60.0,dist_industrial_zone_km,4.4612,Classified as Industrial (100% confidence). moderately persistent (persistence score 67/100). Intensity score 49/100. Overall risk: 68/100.,0.0,0.0,1.0,0.0,0.0,0.0,0.0,0.44,0.39,N21,VIIRS,n,2.0NRT,N,50.0,50.0,,,,0,medium
22.37778,87.27937,WestBengal,2238_8728,2026-09-15,754.0,Industrial,1.0,Industrial,69.7,High,0.801,11.18,335.79,294.15,335.79,294.15,0.364,7.829,53.806,78.462,60.281,55.624,Built-up,50.0,1725.4677734375,0.7656438920523007,0.9330329915368074,0.6012119696622991,0.12310700081525287,1.0,60.0,dist_industrial_zone_km,4.5316,Classified as Industrial (100% confidence). moderately persistent (persistence score 67/100). Intensity score 54/100. Overall risk: 70/100.,0.0,0.0,1.0,0.0,0.0,0.0,0.0,0.59,0.53,N21,VIIRS,n,2.0NRT,D,50.0,50.0,,,,0,medium
22.37667,87.27725,WestBengal,2238_8728,2026-09-15,754.0,Industrial,1.0,Industrial,70.7,High,0.8,11.29,331.03,293.99,331.03,293.99,0.6,8.031,53.66,78.291,60.365,55.873,Built-up,50.0,1725.4677734375,0.7688672468575888,1.0,0.6008336008182569,0.12267050709018164,1.0,60.0,dist_industrial_zone_km,4.5297,Classified as Industrial (100% confidence). moderately persistent (persistence score 69/100). Intensity score 54/100. Overall risk: 71/100.,0.0,0.0,1.0,0.0,0.0,0.0,0.0,0.59,0.53,N21,VIIRS,n,2.0NRT,D,50.0,50.0,,,,0,medium
22.37771,87.27961,WestBengal,2238_8728,2026-09-22,722.0,Industrial,1.0,Industrial,64.8,High,0.77,6.39,345.21,298.05,345.21,298.05,0.34,7.803,53.831,78.487,60.257,55.608,Built-up,50.0,1725.4677734375,0.7720364250601922,0.8506671609508557,0.5391716811029977,0.12173582087792077,1.0,60.0,dist_industrial_zone_km,4.6371,Classified as Industrial (100% confidence). moderately persistent (persistence score 64/100). Intensity score 43/100. Overall risk: 65/100.,0.0,0.0,1.0,0.0,0.0,0.0,0.0,0.38,0.36,N21,VIIRS,n,2.0NRT,D,50.0,50.0,,,,0,medium
22.38949,73.11753,Gujarat,2239_7312,2026-08-30,2023.0,Industrial,1.0,Industrial,48.0,Medium,0.738,2.05,317.74,291.33,317.74,291.33,0.719,2.295,34.766,34.799,96.735,13.357,Tree cover,10.0,9997.697265625,0.7259902397577118,6.007771729921693e-07,0.4766745519304156,0.2836802286705635,1.0,48.0,dist_industrial_zone_km,4.2027,Classified as Industrial (100% confidence). moderately persistent (persistence score 42/100). Intensity score 24/100. Overall risk: 48/100.,0.0,0.0,1.0,0.0,0.0,0.0,0.0,0.43,0.46,N21,VIIRS,n,2.0NRT,N,50.0,10.0,,,,0,medium
22.39004,73.12098,Gujarat,2239_7312,2026-08-31,2144.0,Industrial,1.0,Industrial,63.8,High,0.751,4.01,309.44,270.65,309.44,270.65,0.773,2.609,35.126,35.158,96.874,13.284,Tree cover,10.0,9997.697265625,0.7299601056362208,0.9771599684342459,0.5016542492832153,0.28082151741800415,1.0,48.0,dist_industrial_zone_km,4.0345,Classified as Industrial (100% confidence). moderately persistent (persistence score 67/100). Intensity score 35/100. Overall risk: 64/100.,0.0,0.0,1.0,0.0,0.0,0.0,0.0,0.73,0.76,N21,VIIRS,n,2.0NRT,N,50.0,10.0,,,,0,medium
22.4143,69.03838,Gujarat,2241_6904,2026-08-26,2138.0,Industrial,1.0,Industrial,45.9,Medium,0.749,0.72,306.35,290.09,306.35,290.09,0.198,20.584,14.11,385.595,73.199,14.299,Bare / sparse vegetation,60.0,1065.3416748046875,0.7413915852262982,7.736772758570223e-13,0.49753751990963235,0.429509024813207,1.0,51.0,dist_industrial_zone_km,4.5444,Classified as Industrial (100% confidence). moderately persistent (persistence score 45/100). Intensity score 12/100. Overall risk: 46/100.,0.0,0.0,1.0,0.0,0.0,0.0,0.0,0.32,0.55,N21,VIIRS,n,2.0NRT,N,50.0,60.0,,,,0,medium
22.57237,85.89285,Jharkhand,2257_8589,2026-09-12,1938.0,Industrial,1.0,Industrial,54.7,High,0.77,5.38,327.34,291.65,327.34,291.65,0.167,32.795,9.854,12.535,197.807,24.027,Cropland,40.0,645.1588745117188,0.7413915852262982,6.007771729921693e-07,0.5403967562866193,0.39118051192947373,1.0,51.0,dist_industrial_zone_km,4.2695,Classified as Industrial (100% confidence). moderately persistent (persistence score 45/100). Intensity score 40/100. Overall risk: 55/100.,0.0,0.0,1.0,0.0,0.0,0.0,0.0,0.52,0.41,N21,VIIRS,n,2.0NRT,N,50.0,40.0,,,,0,medium
22.57382,85.89554,Jharkhand,2257_8590,2026-09-05,2010.0,Industrial,1.0,Industrial,57.2,High,0.785,7.45,342.22,294.39,342.22,294.39,0.459,32.498,9.654,12.851,197.593,24.334,Tree cover,10.0,1067.995849609375,0.7413915852262982,7.062423478539298e-07,0.5703697794842211,0.4257183511288639,1.0,52.0,dist_industrial_zone_km,4.3119,Classified as Industrial (100% confidence). moderately persistent (persistence score 47/100). Intensity score 46/100. Overall risk: 57/100.,0.0,0.0,1.0,0.0,0.0,0.0,0.0,0.47,0.4,N21,VIIRS,n,2.0NRT,N,50.0,10.0,,,,0,medium
22.57343,85.8956,Jharkhand,2257_8590,2026-09-11,1957.0,Industrial,1.0,Industrial,57.4,High,0.748,1.62,320.43,287.11,320.43,287.11,0.435,32.528,9.696,12.841,197.573,24.307,Tree cover,10.0,1067.995849609375,0.7450530918139344,0.8705505632961241,0.49657603391501776,0.13160123184582187,1.0,52.0,dist_industrial_zone_km,4.4035,Classified as Industrial (100% confidence). moderately persistent (persistence score 62/100). Intensity score 21/100. Overall risk: 57/100.,0.0,0.0,1.0,0.0,0.0,0.0,0.0,0.38,0.36,N21,VIIRS,n,2.0NRT,N,50.0,10.0,,,,0,medium
22.6441,70.74747,Gujarat,2264_7075,2026-09-08,826.0,Industrial,1.0,Industrial,32.3,Medium,0.75,5.6,345.0,301.73,345.0,301.73,0.169,14.545,20.404,212.585,96.238,120.512,,,,0.0,0.0,,,0.5,1.0,dist_industrial_zone_km,4.1131,Classified as Industrial (100% confidence). low persistence / first-seen (persistence score 0/100). Intensity score 41/100. Overall risk: 32/100.,0.0,0.0,1.0,0.0,0.0,0.0,0.0,0.38,0.36,N21,VIIRS,n,2.0NRT,D,50.0,,,,,0,medium
22.79767,86.20526,Jharkhand,2280_8621,2026-08-31,735.0,Industrial,1.0,Industrial,53.7,High,0.75,4.82,330.49,284.14,330.49,284.14,1.524,0.575,5.076,5.063,178.109,7.021,Built-up,50.0,18569.994140625,0.7413915852262982,7.927302323749431e-07,0.5002474999797855,0.3979566872504542,1.0,51.0,dist_power_plant_km,2.3268,Classified as Industrial (100% confidence). moderately persistent (persistence score 44/100). Intensity score 38/100. Overall risk: 54/100.,0.0,0.0,1.0,0.0,0.0,0.0,0.0,0.43,0.38,N21,VIIRS,n,2.0NRT,D,50.0,50.0,,,,0,medium
22.91131,69.69718,Gujarat,2291_6970,2026-09-13,2101.0,Other/Unknown,1.0,Other/Unknown,24.0,Low,0.351,1.29,313.18,273.92,313.18,273.92,3.951,2.298,16.968,323.842,62.79,18.143,Bare / sparse vegetation,60.0,228.2966766357422,0.7413915852262982,5.605449229639103e-07,0.5012699972688297,0.44284071269472064,1.0,51.0,dist_industrial_zone_km,1.125,Classified as Other/Unknown (100% confidence). moderately persistent (persistence score 45/100). Intensity score 18/100. Overall risk: 24/100.,0.0,0.0,0.0,0.0,1.0,0.0,0.0,0.38,0.36,N21,VIIRS,n,2.0NRT,N,50.0,60.0,,,,0,n/a
22.93195,69.69841,Gujarat,2293_6970,2026-09-01,2125.0,Industrial,1.0,Industrial,47.4,Medium,0.749,1.21,303.97,286.95,303.97,286.95,5.579,0.427,15.545,324.167,64.973,19.631,Cropland,40.0,158.76559448242188,0.7413915852262982,1.3372608867905053e-10,0.49755501948817515,0.4047705063362278,1.0,54.0,dist_power_plant_km,7.8918,Classified as Industrial (100% confidence). moderately persistent (persistence score 44/100). Intensity score 17/100. Overall risk: 47/100.,0.0,0.0,1.0,0.0,0.0,0.0,0.0,0.44,0.46,N21,VIIRS,n,2.0NRT,N,50.0,40.0,,,,0,medium
22.93265,69.69967,Gujarat,2293_6970,2026-09-02,2108.0,Industrial,1.0,Industrial,58.3,High,0.75,1.42,310.89,291.53,310.89,291.53,5.721,0.326,15.599,324.056,65.015,19.78,Cropland,40.0,158.76559448242188,0.7450530918139344,0.9771599684342459,0.5002279411606797,0.13402129010208844,1.0,54.0,dist_power_plant_km,8.1697,Classified as Industrial (100% confidence). moderately persistent (persistence score 65/100). Intensity score 19/100. Overall risk: 58/100.,0.0,0.0,1.0,0.0,0.0,0.0,0.0,0.4,0.37,N21,VIIRS,n,2.0NRT,N,50.0,40.0,,,,0,medium
22.93328,69.69582,Gujarat,2293_6970,2026-09-02,2108.0,Industrial,1.0,Industrial,58.6,High,0.75,1.42,318.9,292.01,318.9,292.01,5.535,0.72,15.245,324.456,65.184,19.524,Cropland,40.0,158.76559448242188,0.7486448511604031,1.0,0.5002235576774104,0.13298142764635018,1.0,54.0,dist_power_plant_km,7.9418,Classified as Industrial (100% confidence). moderately persistent (persistence score 66/100). Intensity score 19/100. Overall risk: 59/100.,0.0,0.0,1.0,0.0,0.0,0.0,0.0,0.4,0.37,N21,VIIRS,n,2.0NRT,N,50.0,40.0,,,,0,medium
22.93407,69.69906,Gujarat,2293_6970,2026-09-24,2053.0,Industrial,1.0,Industrial,53.3,High,0.749,1.31,319.9,298.57,319.9,298.57,5.805,0.465,15.453,324.148,65.184,19.833,Cropland,40.0,158.76559448242188,0.7521694708713587,0.6015125180410583,0.49884434168056146,0.1318615882590634,1.0,54.0,dist_power_plant_km,7.9465,Classified as Industrial (100% confidence). moderately persistent (persistence score 56/100). Intensity score 18/100. Overall risk: 53/100.,0.0,0.0,1.0,0.0,0.0,0.0,0.0,0.4,0.37,N21,VIIRS,n,2.0NRT,N,50.0,40.0,,,,0,medium
22.92664,70.10658,Gujarat,2293_7011,2026-08-27,2121.0,Industrial,1.0,Industrial,48.6,Medium,0.746,2.39,313.67,293.11,313.67,293.11,0.862,19.768,17.057,283.202,67.182,48.545,Permanent water bodies,80.0,670.2799072265625,0.7413915852262982,8.496272260096937e-07,0.492493064138314,0.1996113631654674,1.0,52.0,dist_industrial_zone_km,4.3145,Classified as Industrial (100% confidence). moderately persistent (persistence score 41/100). Intensity score 26/100. Overall risk: 49/100.,0.0,0.0,1.0,0.0,0.0,0.0,0.0,0.56,0.43,N21,VIIRS,n,2.0NRT,N,50.0,80.0,,,,0,medium
22.92856,70.10652,Gujarat,2293_7011,2026-08-28,833.0,Industrial,1.0,Industrial,71.6,High,0.811,12.98,343.86,308.24,343.86,308.24,1.067,19.555,16.856,283.257,67.377,48.405,Permanent water bodies,80.0,670.2799072265625,0.7450530918139344,0.9771599684342459,0.6224731548500486,0.18611409099032517,1.0,52.0,dist_industrial_zone_km,4.4367,Classified as Industrial (100% confidence). moderately persistent (persistence score 69/100). Intensity score 57/100. Overall risk: 72/100.,0.0,0.0,1.0,0.0,0.0,0.0,0.0,0.39,0.36,N21,VIIRS,n,2.0NRT,D,50.0,80.0,,,,0,medium
23.12085,70.08622,Gujarat,2312_7009,2026-09-13,833.0,Industrial,1.0,Industrial,54.5,High,0.768,4.83,344.08,299.37,344.08,299.37,1.107,1.946,7.058,290.89,86.979,36.623,Bare / sparse vegetation,60.0,1227.1387939453125,0.7413915852262982,5.110614121133299e-07,0.5355424517494075,0.44773492866567427,1.0,51.0,dist_industrial_zone_km,2.3264,Classified as Industrial (100% confidence). moderately persistent (persistence score 46/100). Intensity score 38/100. Overall risk: 54/100.,0.0,0.0,1.0,0.0,0.0,0.0,0.0,0.39,0.36,N21,VIIRS,n,2.0NRT,D,50.0,60.0,,,,0,medium
23.12482,70.94032,Gujarat,2312_7094,2026-08-28,833.0,Agricultural Burning,0.7076,Other/Unknown,8.7,Low,0.321,3.33,336.71,301.49,336.71,301.49,16.192,4.876,31.492,209.376,139.194,123.085,Cropland,40.0,78.68228149414062,0.20715616162265582,4.481617495723514e-09,,,0.5,3.0,recurrence_score,1.2779,Classified as Agricultural Burning (71% confidence). low persistence / first-seen (persistence score 10/100). Intensity score 32/100. Overall risk: 9/100.,0.7076,0.0,0.0,0.0,0.2924,0.0,0.0,0.4,0.37,N21,VIIRS,n,2.0NRT,D,50.0,40.0,,,,0,n/a
23.16381,82.33716,Chhattisgarh,2316_8234,2026-08-25,2017.0,Mining/Extraction,1.0,Mining/Extraction,43.3,Medium,0.742,1.46,304.82,266.63,304.82,266.63,18.3,57.073,1.175,183.574,259.428,80.846,Grassland,30.0,708.6709594726562,0.7413915852262982,9.106079138855144e-07,0.4831014385152514,0.43252698159142833,1.0,52.0,dist_quarry_km,4.6342,Classified as Mining/Extraction (100% confidence). moderately persistent (persistence score 45/100). Intensity score 20/100. Overall risk: 43/100.,0.0,0.0,0.0,1.0,0.0,0.0,0.0,0.4,0.37,N21,VIIRS,n,2.0NRT,N,50.0,30.0,,,,0,medium
23.16317,82.34101,Chhattisgarh,2316_8234,2026-08-25,2017.0,Mining/Extraction,1.0,Mining/Extraction,50.5,High,0.737,0.75,299.79,265.73,299.79,265.73,18.699,57.447,1.228,183.259,259.584,80.63,Grassland,30.0,708.6709594726562,0.7450530918139344,1.0,0.47457342273664543,0.1281112344194404,1.0,52.0,dist_quarry_km,4.6406,Classified as Mining/Extraction (100% confidence). moderately persistent (persistence score 65/100). Intensity score 12/100. Overall risk: 50/100.,0.0,0.0,0.0,1.0,0.0,0.0,0.0,0.4,0.37,N21,VIIRS,n,2.0NRT,N,50.0,30.0,,,,0,medium
23.16651,82.34164,Chhattisgarh,2317_8234,2026-08-25,2017.0,Mining/Extraction,1.0,Mining/Extraction,40.1,Medium,0.736,0.75,303.04,266.14,303.04,266.14,18.692,57.58,0.873,183.029,259.235,80.949,Bare / sparse vegetation,60.0,1968.400146484375,0.7413915852262982,9.106079138855144e-07,0.4720092952981564,0.26991971062212156,1.0,52.0,dist_quarry_km,4.818,Classified as Mining/Extraction (100% confidence). moderately persistent (persistence score 42/100). Intensity score 12/100. Overall risk: 40/100.,0.0,0.0,0.0,1.0,0.0,0.0,0.0,0.4,0.37,N21,VIIRS,n,2.0NRT,N,50.0,60.0,,,,0,medium
23.16588,82.3409,Chhattisgarh,2317_8234,2026-09-21,2010.0,Mining/Extraction,1.0,Mining/Extraction,47.1,Medium,0.74,1.4,321.37,279.97,321.37,279.97,18.63,57.492,0.927,183.128,259.287,80.913,Bare / sparse vegetation,60.0,1968.400146484375,0.7450530918139344,0.5358867312681466,0.4806640594822167,0.12500132253334903,1.0,52.0,dist_quarry_km,4.9624,Classified as Mining/Extraction (100% confidence). moderately persistent (persistence score 53/100). Intensity score 19/100. Overall risk: 47/100.,0.0,0.0,0.0,1.0,0.0,0.0,0.0,0.38,0.36,N21,VIIRS,n,2.0NRT,N,50.0,60.0,,,,0,medium
23.25508,70.26201,Gujarat,2326_7026,2026-09-23,2114.0,Industrial,1.0,Industrial,53.1,High,0.762,3.13,330.16,298.35,330.16,298.35,0.861,12.003,4.522,278.857,107.006,53.718,Shrubland,20.0,220.96072387695312,0.7413915852262982,4.6594618245804125e-07,0.5249168430798884,0.5760434788494824,1.0,51.0,dist_industrial_zone_km,4.1741,Classified as Industrial (100% confidence). moderately persistent (persistence score 48/100). Intensity score 31/100. Overall risk: 53/100.,0.0,0.0,1.0,0.0,0.0,0.0,0.0,0.47,0.4,N21,VIIRS,n,2.0NRT,N,50.0,20.0,,,,0,medium
23.33648,69.71748,Gujarat,2334_6972,2026-09-01,858.0,Other/Unknown,0.9999,Other/Unknown,18.3,Low,0.35,12.0,344.43,297.19,344.43,297.19,8.878,10.862,9.877,334.177,108.788,14.997,,,,0.0,0.0,,,0.5,1.0,landcover_code,1.3198,Classified as Other/Unknown (100% confidence). low persistence / first-seen (persistence score 0/100). Intensity score 56/100. Overall risk: 18/100.,0.0,0.0,0.0,0.0,0.9999,0.0,0.0,0.47,0.48,N21,VIIRS,n,2.0NRT,D,50.0,,,,,0,n/a
23.55735,87.24048,WestBengal,2356_8724,2026-08-25,2017.0,Mining/Extraction,1.0,Mining/Extraction,43.5,Medium,0.741,1.85,308.03,279.43,308.03,279.43,1.054,1.068,1.37,9.988,160.272,12.25,Built-up,50.0,2330.11279296875,0.7413915852262982,9.106079138855144e-07,0.48240227162566607,0.3338555954460349,1.0,51.0,dist_quarry_km,4.2476,Classified as Mining/Extraction (100% confidence). moderately persistent (persistence score 43/100). Intensity score 23/100. Overall risk: 44/100.,0.0,0.0,0.0,1.0,0.0,0.0,0.0,0.43,0.46,N21,VIIRS,n,2.0NRT,N,50.0,50.0,,,,0,medium
23.61014,85.676,Jharkhand,2361_8568,2026-09-02,1925.0,Mining/Extraction,1.0,Mining/Extraction,42.3,Medium,0.748,1.56,297.69,277.48,297.69,277.48,1.878,15.812,0.809,18.625,274.08,48.214,Grassland,30.0,2252.38330078125,0.7413915852262982,4.993887533286227e-07,0.4951326537588614,0.228246785017598,1.0,51.0,dist_quarry_km,4.8223,Classified as Mining/Extraction (100% confidence). moderately persistent (persistence score 42/100). Intensity score 20/100. Overall risk: 42/100.,0.0,0.0,0.0,1.0,0.0,0.0,0.0,0.57,0.52,N21,VIIRS,n,2.0NRT,N,50.0,30.0,,,,0,medium
23.64816,85.43697,Jharkhand,2365_8544,2026-09-21,2010.0,Mining/Extraction,1.0,Mining/Extraction,47.0,Medium,0.763,3.14,322.94,291.67,322.94,291.67,0.521,14.683,0.265,2.26,295.779,32.17,Permanent water bodies,80.0,2668.921875,0.7413915852262982,4.768371582031258e-07,0.5257347391172809,0.45709194708314693,1.0,51.0,dist_quarry_km,4.6328,Classified as Mining/Extraction (100% confidence). moderately persistent (persistence score 46/100). Intensity score 31/100. Overall risk: 47/100.,0.0,0.0,0.0,1.0,0.0,0.0,0.0,0.44,0.38,N21,VIIRS,n,2.0NRT,N,50.0,80.0,,,,0,medium
23.66463,87.15403,WestBengal,2366_8715,2026-09-12,1938.0,Mining/Extraction,0.7841,Mining/Extraction,37.9,Medium,0.661,4.14,320.98,291.59,320.98,291.59,1.291,10.932,1.497,1.687,174.769,24.922,Permanent water bodies,80.0,971.3762817382812,0.3921029580101737,5.352316133067003e-07,0.5375718988768189,0.2956377596671822,1.0,8.0,dist_quarry_km,3.3256,Classified as Mining/Extraction (78% confidence). moderately persistent (persistence score 32/100). Intensity score 35/100. Overall risk: 38/100.,0.0,0.2154,0.0004,0.7841,0.0,0.0,0.0,0.46,0.39,N21,VIIRS,n,2.0NRT,N,50.0,80.0,,,,0,medium
23.66697,86.09344,Jharkhand,2367_8609,2026-09-02,1925.0,Other/Unknown,0.9997,Other/Unknown,24.2,Low,0.348,1.51,305.05,287.69,305.05,287.69,2.219,2.248,3.395,10.03,247.536,34.893,Built-up,50.0,2856.896484375,0.7413915852262982,7.396434601944622e-07,0.49521764584373557,0.4382514938570533,1.0,51.0,landcover_code,0.5347,Classified as Other/Unknown (100% confidence). moderately persistent (persistence score 45/100). Intensity score 20/100. Overall risk: 24/100.,0.0,0.0,0.0003,0.0,0.9997,0.0,0.0,0.54,0.51,N21,VIIRS,n,2.0NRT,N,50.0,50.0,,,,0,n/a
23.67422,86.10291,Jharkhand,2367_8610,2026-09-02,1925.0,Industrial,1.0,Industrial,46.8,Medium,0.742,1.12,304.18,287.89,304.18,287.89,1.234,1.799,2.292,9.616,247.478,33.948,Built-up,50.0,4211.669921875,0.7413915852262982,3.5312117392696554e-07,0.48489459804811796,0.3879633490901155,1.0,51.0,dist_power_plant_km,2.0587,Classified as Industrial (100% confidence). moderately persistent (persistence score 44/100). Intensity score 16/100. Overall risk: 47/100.,0.0,0.0,1.0,0.0,0.0,0.0,0.0,0.54,0.51,N21,VIIRS,n,2.0NRT,N,50.0,50.0,,,,0,medium
23.67995,86.09299,Jharkhand,2368_8609,2026-09-02,1925.0,Industrial,1.0,Industrial,56.6,High,0.778,7.49,338.55,287.94,338.55,287.94,1.101,0.805,2.242,8.646,248.63,34.985,Built-up,50.0,2866.78466796875,0.7413915852262982,7.569318065491683e-07,0.5561397867918761,0.372947073448185,1.0,53.0,dist_power_plant_km,2.2356,Classified as Industrial (100% confidence). moderately persistent (persistence score 45/100). Intensity score 46/100. Overall risk: 57/100.,0.0,0.0,1.0,0.0,0.0,0.0,0.0,0.54,0.51,N21,VIIRS,n,2.0NRT,N,50.0,50.0,,,,0,medium
23.67585,86.08719,Jharkhand,2368_8609,2026-09-02,1925.0,Industrial,1.0,Industrial,58.5,High,0.74,1.51,306.47,288.21,306.47,288.21,1.845,1.362,2.983,8.904,248.693,35.554,Built-up,50.0,2866.78466796875,0.7450530918139344,1.0,0.48053190583266797,0.12625311078902518,1.0,53.0,dist_power_plant_km,2.1593,Classified as Industrial (100% confidence). moderately persistent (persistence score 65/100). Intensity score 20/100. Overall risk: 58/100.,0.0,0.0,1.0,0.0,0.0,0.0,0.0,0.54,0.51,N21,VIIRS,n,2.0NRT,N,50.0,50.0,,,,0,medium
23.68136,86.0927,Jharkhand,2368_8609,2026-09-05,2010.0,Industrial,1.0,Industrial,67.8,High,0.787,8.96,329.91,291.39,329.91,291.39,1.052,0.647,2.156,8.489,248.765,35.024,Built-up,50.0,2866.78466796875,0.7486448511604031,0.9330329915368074,0.5734855610444897,0.12516393782996593,1.0,53.0,dist_power_plant_km,2.2806,Classified as Industrial (100% confidence). moderately persistent (persistence score 66/100). Intensity score 50/100. Overall risk: 68/100.,0.0,0.0,1.0,0.0,0.0,0.0,0.0,0.46,0.39,N21,VIIRS,n,2.0NRT,N,50.0,50.0,,,,0,medium
23.68057,86.09719,Jharkhand,2368_8610,2026-09-05,2010.0,Mining/Extraction,1.0,Mining/Extraction,50.6,High,0.771,6.99,326.49,291.32,326.49,291.32,0.724,0.886,1.907,8.737,248.392,34.562,Built-up,50.0,3490.683349609375,0.7413915852262982,7.062423478539298e-07,0.5425567860040699,0.40080506580566905,1.0,51.0,dist_quarry_km,4.0624,Classified as Mining/Extraction (100% confidence). moderately persistent (persistence score 46/100). Intensity score 45/100. Overall risk: 51/100.,0.0,0.0,0.0,1.0,0.0,0.0,0.0,0.46,0.39,N21,VIIRS,n,2.0NRT,N,50.0,50.0,,,,0,medium
23.68428,86.39372,Jharkhand,2368_8639,2026-09-05,2010.0,Mining/Extraction,1.0,Mining/Extraction,47.1,Medium,0.755,3.98,330.86,294.16,330.86,294.16,1.962,11.733,0.269,14.59,229.482,4.919,Tree cover,10.0,2777.062255859375,0.7413915852262982,7.062423478539298e-07,0.5096687945389365,0.3378173645147511,1.0,51.0,dist_quarry_km,5.0208,Classified as Mining/Extraction (100% confidence). moderately persistent (persistence score 44/100). Intensity score 35/100. Overall risk: 47/100.,0.0,0.0,0.0,1.0,0.0,0.0,0.0,0.48,0.4,N21,VIIRS,n,2.0NRT,N,50.0,10.0,,,,0,medium
23.68355,86.39541,Jharkhand,2368_8640,2026-09-15,754.0,Mining/Extraction,1.0,Mining/Extraction,51.1,High,0.782,7.75,334.32,297.43,334.32,297.43,2.016,11.562,0.428,14.698,229.314,4.729,Tree cover,10.0,0.0,0.7413915852262982,5.605449229639103e-07,0.5639060603725796,0.3509975324844859,1.0,52.0,dist_quarry_km,5.3049,Classified as Mining/Extraction (100% confidence). moderately persistent (persistence score 45/100). Intensity score 47/100. Overall risk: 51/100.,0.0,0.0,0.0,1.0,0.0,0.0,0.0,0.54,0.51,N21,VIIRS,n,2.0NRT,D,50.0,10.0,,,,0,medium
23.67687,86.39925,Jharkhand,2368_8640,2026-09-21,2010.0,Mining/Extraction,1.0,Mining/Extraction,54.1,High,0.752,2.99,322.5,288.37,322.5,288.37,2.752,10.739,1.243,15.496,228.485,4.053,Tree cover,10.0,0.0,0.7450530918139344,0.8705505632961241,0.5034974919740717,0.12620384360131712,1.0,52.0,dist_quarry_km,4.3398,Classified as Mining/Extraction (100% confidence). moderately persistent (persistence score 62/100). Intensity score 30/100. Overall risk: 54/100.,0.0,0.0,0.0,1.0,0.0,0.0,0.0,0.48,0.4,N21,VIIRS,n,2.0NRT,N,50.0,10.0,,,,0,medium
23.69418,85.28749,Jharkhand,2369_8529,2026-09-02,1925.0,Mining/Extraction,0.9874,Mining/Extraction,40.4,Medium,0.741,1.46,295.67,280.78,295.67,280.78,1.569,5.752,0.91,1.531,311.04,31.621,Grassland,30.0,517.199462890625,0.6143521058105431,6.438970309105835e-07,0.49380531698302216,0.3083344436691701,1.0,26.0,dist_quarry_km,3.787,Classified as Mining/Extraction (99% confidence). moderately persistent (persistence score 38/100). Intensity score 20/100. Overall risk: 40/100.,0.0,0.0126,0.0,0.9874,0.0,0.0,0.0,0.6,0.53,N21,VIIRS,n,2.0NRT,N,50.0,30.0,,,,0,medium
23.69337,85.36873,Jharkhand,2369_8537,2026-08-30,2021.0,Mining/Extraction,1.0,Mining/Extraction,26.9,Medium,0.75,1.79,306.66,268.01,306.66,268.01,2.698,9.556,0.148,5.583,304.354,33.411,Permanent water bodies,80.0,3958.998291015625,0.13070098600339122,9.890962694884427e-17,,,0.5,2.0,dist_quarry_km,4.2232,Classified as Mining/Extraction (100% confidence). low persistence / first-seen (persistence score 7/100). Intensity score 22/100. Overall risk: 27/100.,0.0,0.0,0.0,1.0,0.0,0.0,0.0,0.41,0.45,N21,VIIRS,n,2.0NRT,N,50.0,80.0,,,,0,medium
23.68582,86.39151,Jharkhand,2369_8639,2026-09-21,2010.0,Mining/Extraction,1.0,Mining/Extraction,43.7,Medium,0.74,2.29,323.38,287.61,323.38,287.61,1.857,12.008,0.148,14.388,229.754,5.199,Bare / sparse vegetation,60.0,3752.3466796875,0.7413915852262982,4.879826984390146e-07,0.4803526217396982,0.2501738123200664,1.0,51.0,dist_quarry_km,4.1595,Classified as Mining/Extraction (100% confidence). moderately persistent (persistence score 42/100). Intensity score 26/100. Overall risk: 44/100.,0.0,0.0,0.0,1.0,0.0,0.0,0.0,0.48,0.4,N21,VIIRS,n,2.0NRT,N,50.0,60.0,,,,0,medium
23.68759,87.12062,WestBengal,2369_8712,2026-08-26,1957.0,Brick Kiln,1.0,Brick Kiln,38.9,Medium,0.349,2.11,303.46,283.41,303.46,283.41,0.246,8.693,3.183,0.752,179.007,27.431,Built-up,50.0,1127.0826416015625,0.7413915852262982,8.898096003883441e-07,0.49844000506186825,0.26991971062212156,1.0,51.0,dist_brick_kiln_km,12.8594,Classified as Brick Kiln (100% confidence). moderately persistent (persistence score 42/100). Intensity score 25/100. Overall risk: 39/100.,0.0,1.0,0.0,0.0,0.0,0.0,0.0,0.39,0.37,N21,VIIRS,n,2.0NRT,N,50.0,50.0,,,,0,medium
23.69541,85.37074,Jharkhand,2370_8537,2026-09-14,2040.0,Mining/Extraction,1.0,Mining/Extraction,29.3,Medium,0.75,3.15,325.74,288.21,325.74,288.21,3.003,9.856,0.428,5.889,304.328,33.695,Grassland,30.0,825.5789184570312,0.13070098600339122,9.807077821276911e-21,,,0.5,2.0,dist_quarry_km,5.1952,Classified as Mining/Extraction (100% confidence). low persistence / first-seen (persistence score 7/100). Intensity score 31/100. Overall risk: 29/100.,0.0,0.0,0.0,1.0,0.0,0.0,0.0,0.41,0.61,N21,VIIRS,n,2.0NRT,N,50.0,30.0,,,,0,medium
23.71136,86.44856,Jharkhand,2371_8645,2026-09-15,754.0,Other/Unknown,1.0,Other/Unknown,30.4,Medium,0.41,11.32,334.75,296.5,334.75,296.5,5.187,12.258,2.068,12.843,228.656,5.534,Permanent water bodies,80.0,0.0,0.7413915852262982,5.477420592293916e-07,0.6203160711759367,0.5073628458420745,1.0,51.0,dist_industrial_zone_km,1.1014,Classified as Other/Unknown (100% confidence). moderately persistent (persistence score 49/100). Intensity score 54/100. Overall risk: 30/100.,0.0,0.0,0.0,0.0,1.0,0.0,0.0,0.54,0.51,N21,VIIRS,n,2.0NRT,D,50.0,80.0,,,,0,n/a
23.73728,86.43386,Jharkhand,2374_8643,2026-09-05,2010.0,Mining/Extraction,1.0,Mining/Extraction,50.3,High,0.779,6.3,331.03,286.7,331.03,286.7,5.044,15.365,0.839,9.603,231.876,8.27,Grassland,30.0,0.0,0.7413915852262982,7.062423478539298e-07,0.5574230205764371,0.408280136583107,1.0,57.0,dist_quarry_km,4.8915,Classified as Mining/Extraction (100% confidence). moderately persistent (persistence score 46/100). Intensity score 43/100. Overall risk: 50/100.,0.0,0.0,0.0,1.0,0.0,0.0,0.0,0.48,0.4,N21,VIIRS,n,2.0NRT,N,50.0,30.0,,,,0,medium
23.73884,86.43418,Jharkhand,2374_8643,2026-09-11,1957.0,Mining/Extraction,1.0,Mining/Extraction,54.4,High,0.758,3.09,327.36,288.32,327.36,288.32,5.026,15.528,1.011,9.456,231.999,8.443,Grassland,30.0,0.0,0.7450530918139344,0.8705505632961241,0.5164156666803534,0.12839317539360512,1.0,57.0,dist_quarry_km,4.7826,Classified as Mining/Extraction (100% confidence). moderately persistent (persistence score 63/100). Intensity score 31/100. Overall risk: 54/100.,0.0,0.0,0.0,1.0,0.0,0.0,0.0,0.39,0.36,N21,VIIRS,n,2.0NRT,N,50.0,30.0,,,,0,medium
23.73554,86.43355,Jharkhand,2374_8643,2026-09-11,1957.0,Mining/Extraction,1.0,Mining/Extraction,53.6,High,0.75,1.84,321.97,288.15,321.97,288.15,5.075,15.183,0.649,9.769,231.735,8.077,Grassland,30.0,0.0,0.7486448511604031,1.0,0.5004807690826032,0.12834822247380814,1.0,57.0,dist_quarry_km,5.0065,Classified as Mining/Extraction (100% confidence). moderately persistent (persistence score 66/100). Intensity score 23/100. Overall risk: 54/100.,0.0,0.0,0.0,1.0,0.0,0.0,0.0,0.39,0.36,N21,VIIRS,n,2.0NRT,N,50.0,30.0,,,,0,medium
23.7365,86.43389,Jharkhand,2374_8643,2026-09-14,2040.0,Mining/Extraction,1.0,Mining/Extraction,57.0,High,0.766,4.39,322.08,289.2,322.08,289.2,5.073,15.28,0.752,9.684,231.803,8.183,Grassland,30.0,0.0,0.7521694708713587,0.9330329915368074,0.5323016473476815,0.1272636793119858,1.0,57.0,dist_quarry_km,5.1369,Classified as Mining/Extraction (100% confidence). moderately persistent (persistence score 65/100). Intensity score 37/100. Overall risk: 57/100.,0.0,0.0,0.0,1.0,0.0,0.0,0.0,0.48,0.64,N21,VIIRS,n,2.0NRT,N,50.0,30.0,,,,0,medium
23.7382,86.43439,Jharkhand,2374_8643,2026-09-15,754.0,Mining/Extraction,1.0,Mining/Extraction,63.1,High,0.805,10.84,339.67,296.68,339.67,296.68,5.066,15.454,0.94,9.53,231.929,8.371,Grassland,30.0,0.0,0.7556294149979565,0.9771599684342459,0.6105181461774564,0.12673051002904837,1.0,57.0,dist_quarry_km,4.9237,Classified as Mining/Extraction (100% confidence). moderately persistent (persistence score 68/100). Intensity score 54/100. Overall risk: 63/100.,0.0,0.0,0.0,1.0,0.0,0.0,0.0,0.54,0.51,N21,VIIRS,n,2.0NRT,D,50.0,30.0,,,,0,medium
23.73671,86.43484,Jharkhand,2374_8643,2026-09-22,724.0,Mining/Extraction,1.0,Mining/Extraction,59.6,High,0.786,7.89,345.15,298.26,345.15,298.26,5.158,15.282,0.776,9.7,231.767,8.204,Grassland,30.0,0.0,0.7590270143845762,0.8506671609508557,0.5729306290346733,0.12587077114287404,1.0,57.0,dist_quarry_km,5.1644,Classified as Mining/Extraction (100% confidence). moderately persistent (persistence score 64/100). Intensity score 47/100. Overall risk: 60/100.,0.0,0.0,0.0,1.0,0.0,0.0,0.0,0.38,0.36,N21,VIIRS,n,2.0NRT,D,50.0,30.0,,,,0,medium
23.73571,86.43438,Jharkhand,2374_8643,2026-09-22,1949.0,Mining/Extraction,1.0,Mining/Extraction,55.0,High,0.752,2.44,325.56,287.56,325.56,287.56,5.149,15.183,0.663,9.784,231.702,8.094,Grassland,30.0,0.0,0.7623644761006665,1.0,0.5040177706637907,0.12605883174999616,1.0,57.0,dist_quarry_km,5.0989,Classified as Mining/Extraction (100% confidence). moderately persistent (persistence score 66/100). Intensity score 27/100. Overall risk: 55/100.,0.0,0.0,0.0,1.0,0.0,0.0,0.0,0.39,0.36,N21,VIIRS,n,2.0NRT,N,50.0,30.0,,,,0,medium
23.764,86.40412,Jharkhand,2376_8640,2026-09-11,1957.0,Mining/Extraction,1.0,Mining/Extraction,44.4,Medium,0.738,2.71,337.11,288.8,337.11,288.8,1.374,19.059,0.801,5.911,236.046,11.698,Bare / sparse vegetation,60.0,10703.3017578125,0.7413915852262982,6.148196737478159e-07,0.4757739844071445,0.2501738123200664,1.0,56.0,dist_quarry_km,4.6598,Classified as Mining/Extraction (100% confidence). moderately persistent (persistence score 42/100). Intensity score 28/100. Overall risk: 44/100.,0.0,0.0,0.0,1.0,0.0,0.0,0.0,0.39,0.36,N21,VIIRS,n,2.0NRT,N,50.0,60.0,,,,0,medium
23.76071,86.4035,Jharkhand,2376_8640,2026-09-11,1957.0,Mining/Extraction,1.0,Mining/Extraction,53.4,High,0.733,1.93,320.94,287.7,320.94,287.7,1.731,18.736,0.98,6.267,235.783,11.365,Bare / sparse vegetation,60.0,10703.3017578125,0.7450530918139344,1.0,0.46653051728651934,0.12479262201288017,1.0,56.0,dist_quarry_km,4.7344,Classified as Mining/Extraction (100% confidence). moderately persistent (persistence score 65/100). Intensity score 23/100. Overall risk: 53/100.,0.0,0.0,0.0,1.0,0.0,0.0,0.0,0.39,0.36,N21,VIIRS,n,2.0NRT,N,50.0,60.0,,,,0,medium
23.76228,86.40259,Jharkhand,2376_8640,2026-09-14,2040.0,Mining/Extraction,1.0,Mining/Extraction,55.8,High,0.745,3.77,327.98,289.46,327.98,289.46,1.552,18.932,0.789,6.084,235.979,11.559,Bare / sparse vegetation,60.0,10703.3017578125,0.7486448511604031,0.9330329915368074,0.4901262837554316,0.12371485896352868,1.0,56.0,dist_quarry_km,4.7769,Classified as Mining/Extraction (100% confidence). moderately persistent (persistence score 64/100). Intensity score 34/100. Overall risk: 56/100.,0.0,0.0,0.0,1.0,0.0,0.0,0.0,0.47,0.64,N21,VIIRS,n,2.0NRT,N,50.0,60.0,,,,0,medium
23.76285,86.40498,Jharkhand,2376_8640,2026-09-21,2010.0,Mining/Extraction,1.0,Mining/Extraction,54.4,High,0.743,3.38,328.31,290.9,328.31,290.9,1.515,18.91,0.94,6.049,235.891,11.551,Bare / sparse vegetation,60.0,10703.3017578125,0.7521694708713587,0.8506671609508557,0.48544043798061143,0.1231919799423633,1.0,56.0,dist_quarry_km,4.7383,Classified as Mining/Extraction (100% confidence). moderately persistent (persistence score 62/100). Intensity score 32/100. Overall risk: 54/100.,0.0,0.0,0.0,1.0,0.0,0.0,0.0,0.48,0.4,N21,VIIRS,n,2.0NRT,N,50.0,60.0,,,,0,medium
23.76282,86.40308,Jharkhand,2376_8640,2026-09-21,2010.0,Mining/Extraction,1.0,Mining/Extraction,57.8,High,0.751,4.69,329.0,290.68,329.0,290.68,1.494,18.971,0.785,6.029,235.999,11.602,Bare / sparse vegetation,60.0,10703.3017578125,0.7556294149979565,1.0,0.5020810065024177,0.12337895320700504,1.0,56.0,dist_quarry_km,4.892,Classified as Mining/Extraction (100% confidence). moderately persistent (persistence score 66/100). Intensity score 38/100. Overall risk: 58/100.,0.0,0.0,0.0,1.0,0.0,0.0,0.0,0.48,0.4,N21,VIIRS,n,2.0NRT,N,50.0,60.0,,,,0,medium
23.75919,86.40231,Jharkhand,2376_8640,2026-09-21,2010.0,Mining/Extraction,1.0,Mining/Extraction,56.2,High,0.743,3.4,331.19,290.61,331.19,290.61,1.848,18.619,1.047,6.424,235.715,11.24,Bare / sparse vegetation,60.0,10703.3017578125,0.7590270143845762,1.0,0.4859219038250097,0.12237071418146586,1.0,56.0,dist_quarry_km,4.6907,Classified as Mining/Extraction (100% confidence). moderately persistent (persistence score 66/100). Intensity score 32/100. Overall risk: 56/100.,0.0,0.0,0.0,1.0,0.0,0.0,0.0,0.48,0.4,N21,VIIRS,n,2.0NRT,N,50.0,60.0,,,,0,medium
23.7733,86.36485,Jharkhand,2377_8636,2026-09-12,1938.0,Mining/Extraction,1.0,Mining/Extraction,51.1,High,0.777,6.91,329.62,291.61,329.62,291.61,2.107,21.636,0.207,4.578,239.206,14.252,Tree cover,10.0,16489.00390625,0.7413915852262982,6.007771729921693e-07,0.5537613699747277,0.4628321455924923,1.0,53.0,dist_quarry_km,4.513,Classified as Mining/Extraction (100% confidence). moderately persistent (persistence score 47/100). Intensity score 45/100. Overall risk: 51/100.,0.0,0.0,0.0,1.0,0.0,0.0,0.0,0.5,0.41,N21,VIIRS,n,2.0NRT,N,50.0,10.0,,,,0,medium
23.77408,86.36422,Jharkhand,2377_8636,2026-09-21,2010.0,Mining/Extraction,1.0,Mining/Extraction,56.3,High,0.765,5.12,326.64,291.3,326.64,291.3,2.212,21.743,0.117,4.504,239.314,14.359,Tree cover,10.0,16489.00390625,0.7450530918139344,0.8122523963562356,0.5304988541339831,0.12852099621537427,1.0,53.0,dist_quarry_km,4.5848,Classified as Mining/Extraction (100% confidence). moderately persistent (persistence score 62/100). Intensity score 39/100. Overall risk: 56/100.,0.0,0.0,0.0,1.0,0.0,0.0,0.0,0.48,0.4,N21,VIIRS,n,2.0NRT,N,50.0,10.0,,,,0,medium
23.77383,86.36223,Jharkhand,2377_8636,2026-09-21,2010.0,Mining/Extraction,1.0,Mining/Extraction,54.4,High,0.747,2.27,322.9,290.9,322.9,290.9,2.351,21.816,0.264,4.57,239.41,14.439,Tree cover,10.0,16489.00390625,0.7486448511604031,1.0,0.49432476296937583,0.1289825309056083,1.0,53.0,dist_quarry_km,4.3982,Classified as Mining/Extraction (100% confidence). moderately persistent (persistence score 65/100). Intensity score 26/100. Overall risk: 54/100.,0.0,0.0,0.0,1.0,0.0,0.0,0.0,0.48,0.4,N21,VIIRS,n,2.0NRT,N,50.0,10.0,,,,0,medium
23.7673,86.40474,Jharkhand,2377_8640,2026-09-11,1957.0,Mining/Extraction,1.0,Mining/Extraction,45.2,Medium,0.753,2.71,321.37,288.21,321.37,288.21,1.026,19.385,0.773,5.556,236.31,12.034,Bare / sparse vegetation,60.0,10420.69921875,0.7413915852262982,6.148196737478159e-07,0.5063171638394417,0.32399601524492183,1.0,53.0,dist_quarry_km,4.8008,Classified as Mining/Extraction (100% confidence). moderately persistent (persistence score 43/100). Intensity score 28/100. Overall risk: 45/100.,0.0,0.0,0.0,1.0,0.0,0.0,0.0,0.39,0.36,N21,VIIRS,n,2.0NRT,N,50.0,60.0,,,,0,medium
23.76558,86.40283,Jharkhand,2377_8640,2026-09-14,1900.0,Mining/Extraction,1.0,Mining/Extraction,57.2,High,0.765,4.67,321.39,287.72,321.39,287.72,1.187,19.269,0.611,5.721,236.265,11.904,Bare / sparse vegetation,60.0,10420.69921875,0.7450530918139344,0.9330329915368074,0.5306551302409529,0.12586243261622557,1.0,53.0,dist_quarry_km,5.1645,Classified as Mining/Extraction (100% confidence). moderately persistent (persistence score 65/100). Intensity score 38/100. Overall risk: 57/100.,0.0,0.0,0.0,1.0,0.0,0.0,0.0,0.66,0.73,N21,VIIRS,n,2.0NRT,N,50.0,60.0,,,,0,medium
23.76645,86.40387,Jharkhand,2377_8640,2026-09-21,2010.0,Mining/Extraction,1.0,Mining/Extraction,56.3,High,0.765,4.69,326.37,290.88,326.37,290.88,1.101,19.325,0.691,5.637,236.283,11.967,Bare / sparse vegetation,60.0,10420.69921875,0.7486448511604031,0.8506671609508557,0.5303161331103315,0.1253055677990744,1.0,53.0,dist_quarry_km,4.9159,Classified as Mining/Extraction (100% confidence). moderately persistent (persistence score 63/100). Intensity score 38/100. Overall risk: 56/100.,0.0,0.0,0.0,1.0,0.0,0.0,0.0,0.48,0.4,N21,VIIRS,n,2.0NRT,N,50.0,60.0,,,,0,medium
23.77771,86.20815,Jharkhand,2378_8621,2026-08-30,754.0,Mining/Extraction,1.0,Mining/Extraction,53.3,High,0.802,11.8,329.0,288.71,329.0,288.71,1.991,9.72,1.162,3.629,249.253,26.477,Bare / sparse vegetation,60.0,2291.9267578125,0.7413915852262982,8.11259423209053e-07,0.6035358927337693,0.2877802408103251,1.0,58.0,dist_quarry_km,4.6654,Classified as Mining/Extraction (100% confidence). moderately persistent (persistence score 45/100). Intensity score 55/100. Overall risk: 53/100.,0.0,0.0,0.0,1.0,0.0,0.0,0.0,0.52,0.5,N21,VIIRS,n,2.0NRT,D,50.0,60.0,,,,0,medium
23.78103,86.2099,Jharkhand,2378_8621,2026-09-05,2010.0,Mining/Extraction,1.0,Mining/Extraction,55.9,High,0.755,4.33,326.33,284.23,326.33,284.23,1.949,10.049,1.345,3.995,249.43,26.501,Bare / sparse vegetation,60.0,2291.9267578125,0.7450530918139344,0.8705505632961241,0.509618911142501,0.12517421237369655,1.0,58.0,dist_quarry_km,4.2146,Classified as Mining/Extraction (100% confidence). moderately persistent (persistence score 62/100). Intensity score 36/100. Overall risk: 56/100.,0.0,0.0,0.0,1.0,0.0,0.0,0.0,0.47,0.4,N21,VIIRS,n,2.0NRT,N,50.0,60.0,,,,0,medium
23.78123,86.21062,Jharkhand,2378_8621,2026-09-11,1957.0,Mining/Extraction,1.0,Mining/Extraction,53.9,High,0.746,2.91,321.15,289.85,321.15,289.85,2.006,10.124,1.421,4.066,249.402,26.449,Bare / sparse vegetation,60.0,2291.9267578125,0.7486448511604031,0.8705505632961241,0.4916858625660151,0.1251708959133743,1.0,58.0,dist_quarry_km,4.2652,Classified as Mining/Extraction (100% confidence). moderately persistent (persistence score 62/100). Intensity score 30/100. Overall risk: 54/100.,0.0,0.0,0.0,1.0,0.0,0.0,0.0,0.39,0.36,N21,VIIRS,n,2.0NRT,N,50.0,60.0,,,,0,medium
23.77794,86.21,Jharkhand,2378_8621,2026-09-11,1957.0,Mining/Extraction,1.0,Mining/Extraction,53.8,High,0.74,2.02,323.72,290.51,323.72,290.51,2.129,9.899,1.346,3.798,249.156,26.324,Bare / sparse vegetation,60.0,2291.9267578125,0.7521694708713587,1.0,0.4807265355782151,0.1251777535994233,1.0,58.0,dist_quarry_km,4.3899,Classified as Mining/Extraction (100% confidence). moderately persistent (persistence score 65/100). Intensity score 24/100. Overall risk: 54/100.,0.0,0.0,0.0,1.0,0.0,0.0,0.0,0.39,0.36,N21,VIIRS,n,2.0NRT,N,50.0,60.0,,,,0,medium
23.77776,86.20797,Jharkhand,2378_8621,2026-09-14,2040.0,Mining/Extraction,1.0,Mining/Extraction,54.5,High,0.745,2.75,333.28,289.25,333.28,289.25,1.973,9.706,1.143,3.618,249.269,26.495,Bare / sparse vegetation,60.0,2291.9267578125,0.7556294149979565,0.9330329915368074,0.49020032915958045,0.12413720352553582,1.0,58.0,dist_quarry_km,4.5923,Classified as Mining/Extraction (100% confidence). moderately persistent (persistence score 64/100). Intensity score 29/100. Overall risk: 54/100.,0.0,0.0,0.0,1.0,0.0,0.0,0.0,0.46,0.64,N21,VIIRS,n,2.0NRT,N,50.0,60.0,,,,0,medium
23.78004,86.21083,Jharkhand,2378_8621,2026-09-15,754.0,Mining/Extraction,1.0,Mining/Extraction,62.0,High,0.787,9.47,341.95,296.56,341.95,296.56,2.083,10.081,1.427,4.003,249.285,26.365,Bare / sparse vegetation,60.0,2291.9267578125,0.7590270143845762,0.9771599684342459,0.5738334807623481,0.1236495555993317,1.0,58.0,dist_quarry_km,4.2671,Classified as Mining/Extraction (100% confidence). moderately persistent (persistence score 67/100). Intensity score 51/100. Overall risk: 62/100.,0.0,0.0,0.0,1.0,0.0,0.0,0.0,0.53,0.5,N21,VIIRS,n,2.0NRT,D,50.0,60.0,,,,0,medium
23.77823,86.2109,Jharkhand,2378_8621,2026-09-21,2010.0,Mining/Extraction,1.0,Mining/Extraction,54.0,High,0.745,2.86,328.68,293.03,328.68,293.03,2.188,9.996,1.434,3.891,249.123,26.26,Bare / sparse vegetation,60.0,2291.9267578125,0.7623644761006665,0.8705505632961241,0.49042527775455,0.12283175493243087,1.0,58.0,dist_quarry_km,4.3137,Classified as Mining/Extraction (100% confidence). moderately persistent (persistence score 63/100). Intensity score 29/100. Overall risk: 54/100.,0.0,0.0,0.0,1.0,0.0,0.0,0.0,0.47,0.4,N21,VIIRS,n,2.0NRT,N,50.0,60.0,,,,0,medium
23.78083,86.21143,Jharkhand,2378_8621,2026-09-22,724.0,Mining/Extraction,1.0,Mining/Extraction,57.6,High,0.755,4.48,340.44,298.8,340.44,298.8,2.099,10.176,1.447,4.104,249.316,26.355,Bare / sparse vegetation,60.0,2291.9267578125,0.7656438920523007,0.9771599684342459,0.5108404062453935,0.12289580953199646,1.0,58.0,dist_quarry_km,4.229,Classified as Mining/Extraction (100% confidence). moderately persistent (persistence score 66/100). Intensity score 37/100. Overall risk: 58/100.,0.0,0.0,0.0,1.0,0.0,0.0,0.0,0.39,0.36,N21,VIIRS,n,2.0NRT,D,50.0,60.0,,,,0,medium
23.7809,86.37282,Jharkhand,2378_8637,2026-09-02,1925.0,Mining/Extraction,1.0,Mining/Extraction,42.5,Medium,0.747,1.28,296.71,286.58,296.71,286.58,2.349,22.019,0.127,3.678,239.42,14.61,Built-up,50.0,11995.455078125,0.7413915852262982,7.569318065491683e-07,0.4938553093699735,0.36047219489903065,1.0,51.0,dist_quarry_km,3.964,Classified as Mining/Extraction (100% confidence). moderately persistent (persistence score 44/100). Intensity score 18/100. Overall risk: 42/100.,0.0,0.0,0.0,1.0,0.0,0.0,0.0,0.52,0.5,N21,VIIRS,n,2.0NRT,N,50.0,50.0,,,,0,medium
23.77687,86.38723,Jharkhand,2378_8639,2026-09-11,1957.0,Mining/Extraction,1.0,Mining/Extraction,44.2,Medium,0.745,2.52,320.22,289.47,320.22,289.47,1.528,21.011,1.406,4.41,238.206,13.608,Bare / sparse vegetation,60.0,6249.798828125,0.7413915852262982,6.148196737478159e-07,0.4890392562407782,0.2501738123200664,1.0,53.0,dist_quarry_km,4.1385,Classified as Mining/Extraction (100% confidence). moderately persistent (persistence score 42/100). Intensity score 27/100. Overall risk: 44/100.,0.0,0.0,0.0,1.0,0.0,0.0,0.0,0.39,0.36,N21,VIIRS,n,2.0NRT,N,50.0,60.0,,,,0,medium
23.77901,86.38809,Jharkhand,2378_8639,2026-09-12,1938.0,Mining/Extraction,1.0,Mining/Extraction,58.5,High,0.764,5.58,325.06,291.53,325.06,291.53,1.472,21.198,1.504,4.221,238.35,13.799,Bare / sparse vegetation,60.0,6249.798828125,0.7450530918139344,0.9771599684342459,0.5274747479250385,0.12479262201288017,1.0,53.0,dist_quarry_km,3.9805,Classified as Mining/Extraction (100% confidence). moderately persistent (persistence score 66/100). Intensity score 41/100. Overall risk: 58/100.,0.0,0.0,0.0,1.0,0.0,0.0,0.0,0.5,0.41,N21,VIIRS,n,2.0NRT,N,50.0,60.0,,,,0,medium
23.77757,86.39063,Jharkhand,2378_8639,2026-09-12,1938.0,Mining/Extraction,1.0,Mining/Extraction,54.2,High,0.742,2.22,324.18,290.79,324.18,290.79,1.19,20.954,1.317,4.403,238.07,13.559,Bare / sparse vegetation,60.0,6249.798828125,0.7486448511604031,1.0,0.48497807989862896,0.1238919525316504,1.0,53.0,dist_quarry_km,4.155,Classified as Mining/Extraction (100% confidence). moderately persistent (persistence score 65/100). Intensity score 25/100. Overall risk: 54/100.,0.0,0.0,0.0,1.0,0.0,0.0,0.0,0.5,0.41,N21,VIIRS,n,2.0NRT,N,50.0,60.0,,,,0,medium
23.78641,85.55241,Jharkhand,2379_8555,2026-09-14,2040.0,Mining/Extraction,1.0,Mining/Extraction,46.9,Medium,0.764,3.09,321.35,289.06,321.35,289.06,0.622,22.289,0.82,2.411,296.363,51.51,Permanent water bodies,80.0,6928.03271484375,0.7413915852262982,5.605449229639103e-07,0.527143288701435,0.4590787368469762,1.0,51.0,dist_quarry_km,4.5952,Classified as Mining/Extraction (100% confidence). moderately persistent (persistence score 46/100). Intensity score 31/100. Overall risk: 47/100.,0.0,0.0,0.0,1.0,0.0,0.0,0.0,0.42,0.61,N21,VIIRS,n,2.0NRT,N,50.0,80.0,,,,0,medium
23.79468,86.35425,Jharkhand,2379_8635,2026-09-21,2010.0,Mining/Extraction,1.0,Mining/Extraction,47.2,Medium,0.761,3.48,326.85,291.12,326.85,291.12,3.228,24.24,0.81,2.797,241.766,16.849,Grassland,30.0,10547.662109375,0.7413915852262982,4.879826984390146e-07,0.522846579861467,0.42604849813392837,1.0,51.0,dist_quarry_km,4.8473,Classified as Mining/Extraction (100% confidence). moderately persistent (persistence score 45/100). Intensity score 32/100. Overall risk: 47/100.,0.0,0.0,0.0,1.0,0.0,0.0,0.0,0.48,0.4,N21,VIIRS,n,2.0NRT,N,50.0,30.0,,,,0,medium
23.80414,86.32286,Jharkhand,2380_8632,2026-09-21,2010.0,Mining/Extraction,1.0,Mining/Extraction,47.8,Medium,0.759,4.9,326.55,291.02,326.55,291.02,2.818,21.619,0.45,2.827,244.49,19.474,Grassland,30.0,4096.65283203125,0.7413915852262982,3.963651161874715e-07,0.518314302909804,0.2812891779002175,1.0,52.0,dist_quarry_km,5.1667,Classified as Mining/Extraction (100% confidence). moderately persistent (persistence score 43/100). Intensity score 38/100. Overall risk: 48/100.,0.0,0.0,0.0,1.0,0.0,0.0,0.0,0.48,0.4,N21,VIIRS,n,2.0NRT,N,50.0,30.0,,,,0,medium
23.80148,86.32299,Jharkhand,2380_8632,2026-09-22,724.0,Mining/Extraction,1.0,Mining/Extraction,60.0,High,0.771,6.82,343.02,294.81,343.02,294.81,3.014,21.533,0.582,3.102,244.244,19.228,Grassland,30.0,4096.65283203125,0.7450530918139344,0.9771599684342459,0.5418649872795389,0.16341519996116624,1.0,52.0,dist_quarry_km,5.368,Classified as Mining/Extraction (100% confidence). moderately persistent (persistence score 67/100). Intensity score 45/100. Overall risk: 60/100.,0.0,0.0,0.0,1.0,0.0,0.0,0.0,0.38,0.36,N21,VIIRS,n,2.0NRT,D,50.0,30.0,,,,0,medium
23.80289,86.33033,Jharkhand,2380_8633,2026-09-11,1957.0,Mining/Extraction,1.0,Mining/Extraction,45.4,Medium,0.748,2.48,341.03,289.69,341.03,289.69,2.8,22.29,1.222,2.798,243.931,18.919,Bare / sparse vegetation,60.0,3765.5302734375,0.7413915852262982,6.148196737478159e-07,0.4952326444757802,0.42115964424031116,1.0,56.0,dist_quarry_km,4.5533,Classified as Mining/Extraction (100% confidence). moderately persistent (persistence score 45/100). Intensity score 27/100. Overall risk: 45/100.,0.0,0.0,0.0,1.0,0.0,0.0,0.0,0.39,0.36,N21,VIIRS,n,2.0NRT,N,50.0,60.0,,,,0,medium
23.80405,86.32854,Jharkhand,2380_8633,2026-09-14,2040.0,Mining/Extraction,1.0,Mining/Extraction,54.9,High,0.751,3.03,323.93,289.21,323.93,289.21,2.69,22.16,1.026,2.691,244.142,19.129,Bare / sparse vegetation,60.0,3765.5302734375,0.7450530918139344,0.9330329915368074,0.5022009661759449,0.1272861470713691,1.0,56.0,dist_quarry_km,4.705,Classified as Mining/Extraction (100% confidence). moderately persistent (persistence score 64/100). Intensity score 30/100. Overall risk: 55/100.,0.0,0.0,0.0,1.0,0.0,0.0,0.0,0.47,0.64,N21,VIIRS,n,2.0NRT,N,50.0,60.0,,,,0,medium
23.80147,86.32903,Jharkhand,2380_8633,2026-09-15,754.0,Mining/Extraction,1.0,Mining/Extraction,62.1,High,0.793,9.77,334.78,297.49,334.78,297.49,2.969,22.114,1.131,2.969,243.881,18.866,Bare / sparse vegetation,60.0,3765.5302734375,0.7486448511604031,0.9771599684342459,0.5855585857760832,0.12671686493770104,1.0,56.0,dist_quarry_km,4.6486,Classified as Mining/Extraction (100% confidence). moderately persistent (persistence score 67/100). Intensity score 51/100. Overall risk: 62/100.,0.0,0.0,0.0,1.0,0.0,0.0,0.0,0.54,0.5,N21,VIIRS,n,2.0NRT,D,50.0,60.0,,,,0,medium
23.80331,86.32742,Jharkhand,2380_8633,2026-09-21,2010.0,Mining/Extraction,1.0,Mining/Extraction,56.9,High,0.763,4.99,323.09,292.43,323.09,292.43,2.789,22.025,0.922,2.791,244.142,19.127,Bare / sparse vegetation,60.0,3765.5302734375,0.7521694708713587,0.8705505632961241,0.52500741864891,0.12581961564243782,1.0,56.0,dist_quarry_km,4.8511,Classified as Mining/Extraction (100% confidence). moderately persistent (persistence score 63/100). Intensity score 39/100. Overall risk: 57/100.,0.0,0.0,0.0,1.0,0.0,0.0,0.0,0.48,0.4,N21,VIIRS,n,2.0NRT,N,50.0,60.0,,,,0,medium
23.80248,86.33199,Jharkhand,2380_8633,2026-09-21,2010.0,Mining/Extraction,1.0,Mining/Extraction,58.4,High,0.762,4.99,332.52,292.15,332.52,292.15,2.84,22.435,1.396,2.835,243.794,18.786,Bare / sparse vegetation,60.0,3765.5302734375,0.7556294149979565,1.0,0.524545069679197,0.12580978247314134,1.0,56.0,dist_quarry_km,4.1753,Classified as Mining/Extraction (100% confidence). moderately persistent (persistence score 66/100). Intensity score 39/100. Overall risk: 58/100.,0.0,0.0,0.0,1.0,0.0,0.0,0.0,0.48,0.4,N21,VIIRS,n,2.0NRT,N,50.0,60.0,,,,0,medium
23.80264,86.33046,Jharkhand,2380_8633,2026-09-22,724.0,Mining/Extraction,1.0,Mining/Extraction,57.9,High,0.761,4.79,346.27,299.22,346.27,299.22,2.827,22.293,1.24,2.825,243.9,18.889,Bare / sparse vegetation,60.0,3765.5302734375,0.7590270143845762,0.9771599684342459,0.52160472099526,0.12478357634006325,1.0,56.0,dist_quarry_km,4.4436,Classified as Mining/Extraction (100% confidence). moderately persistent (persistence score 66/100). Intensity score 38/100. Overall risk: 58/100.,0.0,0.0,0.0,1.0,0.0,0.0,0.0,0.38,0.36,N21,VIIRS,n,2.0NRT,D,50.0,60.0,,,,0,medium
23.82531,84.93956,Jharkhand,2383_8494,2026-09-02,1925.0,Other/Unknown,1.0,Other/Unknown,22.8,Low,0.345,1.14,301.47,283.29,301.47,283.29,9.504,7.832,4.901,15.444,348.351,56.191,Grassland,30.0,298.28350830078125,0.7413915852262982,7.227499802162174e-07,0.4908510212776939,0.20294459098563875,1.0,51.0,dist_industrial_zone_km,1.2737,Classified as Other/Unknown (100% confidence). moderately persistent (persistence score 41/100). Intensity score 16/100. Overall risk: 23/100.,0.0,0.0,0.0,0.0,1.0,0.0,0.0,0.32,0.55,N21,VIIRS,n,2.0NRT,N,50.0,30.0,,,,0,n/a
23.83971,84.94757,Jharkhand,2384_8495,2026-09-02,1925.0,Other/Unknown,1.0,Other/Unknown,22.9,Low,0.347,0.58,301.57,282.24,301.57,282.24,7.735,6.643,3.706,16.9,348.594,57.056,Bare / sparse vegetation,60.0,244.9681396484375,0.7413915852262982,7.396434601944622e-07,0.4945852116965326,0.47639694469387683,1.0,51.0,dist_industrial_zone_km,1.1351,Classified as Other/Unknown (100% confidence). moderately persistent (persistence score 45/100). Intensity score 10/100. Overall risk: 23/100.,0.0,0.0,0.0,0.0,1.0,0.0,0.0,0.32,0.55,N21,VIIRS,n,2.0NRT,N,50.0,60.0,,,,0,n/a
24.14523,86.33312,Jharkhand,2415_8633,2026-08-26,1957.0,Industrial,1.0,Industrial,51.3,High,0.766,3.46,317.53,288.81,317.53,288.81,0.387,50.068,3.311,22.225,273.064,12.558,Cropland,40.0,4784.728515625,0.7413915852262982,8.694863210279636e-07,0.5317447430904169,0.26679686276158343,1.0,51.0,dist_industrial_zone_km,3.9798,Classified as Industrial (100% confidence). moderately persistent (persistence score 43/100). Intensity score 32/100. Overall risk: 51/100.,0.0,0.0,1.0,0.0,0.0,0.0,0.0,0.38,0.36,N21,VIIRS,n,2.0NRT,N,50.0,40.0,,,,0,medium
24.19787,82.71607,MadhyaPradesh,2420_8272,2026-09-15,754.0,Mining/Extraction,1.0,Mining/Extraction,48.0,Medium,0.768,5.54,332.5,297.84,332.5,297.84,10.11,7.82,1.023,107.567,167.727,2.567,Grassland,30.0,2945.786865234375,0.7413915852262982,2.6550850812802965e-08,0.5364626556025521,0.19217666052930374,1.0,52.0,dist_quarry_km,4.7639,Classified as Mining/Extraction (100% confidence). moderately persistent (persistence score 42/100). Intensity score 41/100. Overall risk: 48/100.,0.0,0.0,0.0,1.0,0.0,0.0,0.0,0.5,0.41,N21,VIIRS,n,2.0NRT,D,50.0,30.0,,,,0,medium
24.19706,82.71785,MadhyaPradesh,2420_8272,2026-09-21,2010.0,Mining/Extraction,1.0,Mining/Extraction,51.9,High,0.743,1.55,322.36,291.48,322.36,291.48,10.16,7.623,1.153,107.391,167.904,2.426,Grassland,30.0,2945.786865234375,0.7450530918139344,0.8705505632961241,0.48593998219167867,0.2172378891645777,1.0,52.0,dist_quarry_km,4.7136,Classified as Mining/Extraction (100% confidence). moderately persistent (persistence score 63/100). Intensity score 20/100. Overall risk: 52/100.,0.0,0.0,0.0,1.0,0.0,0.0,0.0,0.38,0.36,N21,VIIRS,n,2.0NRT,N,50.0,30.0,,,,0,medium
24.21687,72.29862,Gujarat,2422_7230,2026-09-23,845.0,Mining/Extraction,1.0,Mining/Extraction,38.8,Medium,0.75,34.08,348.44,308.0,348.44,308.0,0.364,49.94,1.483,216.5,125.655,111.74,,,,0.0,0.0,,,0.5,2.0,dist_quarry_km,4.0563,Classified as Mining/Extraction (100% confidence). low persistence / first-seen (persistence score 0/100). Intensity score 77/100. Overall risk: 39/100.,0.0,0.0,0.0,1.0,0.0,0.0,0.0,0.45,0.47,N21,VIIRS,n,2.0NRT,D,50.0,,,,,0,medium
24.22035,72.29929,Gujarat,2422_7230,2026-09-23,845.0,Mining/Extraction,1.0,Mining/Extraction,63.2,High,0.75,28.07,336.74,309.02,336.74,309.02,0.272,49.547,1.396,216.861,126.012,112.078,,,,0.13070098600339122,1.0,,,0.5,2.0,dist_quarry_km,3.9076,Classified as Mining/Extraction (100% confidence). moderately persistent (persistence score 57/100). Intensity score 73/100. Overall risk: 63/100.,0.0,0.0,0.0,1.0,0.0,0.0,0.0,0.45,0.47,N21,VIIRS,n,2.0NRT,D,50.0,,,,,0,medium
24.44929,71.40038,Gujarat,2445_7140,2026-09-24,826.0,Other/Unknown,1.0,Other/Unknown,16.3,Low,0.35,5.89,348.83,318.2,348.83,318.2,67.729,44.43,85.013,275.619,192.124,184.587,,,,0.0,0.0,,,0.5,1.0,landcover_code,1.4739,Classified as Other/Unknown (100% confidence). low persistence / first-seen (persistence score 0/100). Intensity score 42/100. Overall risk: 16/100.,0.0,0.0,0.0,0.0,1.0,0.0,0.0,0.39,0.36,N21,VIIRS,n,2.0NRT,D,50.0,,,,,0,n/a
24.68999,73.00279,Rajasthan,2469_7300,2026-08-29,2042.0,Mining/Extraction,1.0,Mining/Extraction,41.9,Medium,0.749,0.98,303.15,289.02,303.15,289.02,0.231,17.566,1.459,264.199,178.633,67.972,Built-up,50.0,6046.8017578125,0.7413915852262982,8.302217133485085e-07,0.4974925210211849,0.39164321298807153,1.0,52.0,dist_quarry_km,3.7938,Classified as Mining/Extraction (100% confidence). moderately persistent (persistence score 44/100). Intensity score 15/100. Overall risk: 42/100.,0.0,0.0,0.0,1.0,0.0,0.0,0.0,0.41,0.37,N21,VIIRS,n,2.0NRT,N,50.0,50.0,,,,0,medium
24.69068,73.00339,Rajasthan,2469_7300,2026-09-01,2125.0,Mining/Extraction,1.0,Mining/Extraction,51.4,High,0.75,1.2,305.11,287.48,305.11,287.48,0.168,17.469,1.391,264.281,178.721,67.875,Built-up,50.0,6046.8017578125,0.7450530918139344,0.9330329915368074,0.500291666633584,0.13773876516052513,1.0,52.0,dist_quarry_km,3.9336,Classified as Mining/Extraction (100% confidence). moderately persistent (persistence score 64/100). Intensity score 17/100. Overall risk: 51/100.,0.0,0.0,0.0,1.0,0.0,0.0,0.0,0.32,0.55,N21,VIIRS,n,2.0NRT,N,50.0,50.0,,,,0,medium
24.69039,74.67906,Rajasthan,2469_7468,2026-08-29,2042.0,Mining/Extraction,1.0,Mining/Extraction,39.4,Medium,0.747,0.43,299.8,280.34,299.8,280.34,0.59,5.905,1.465,258.217,256.694,126.16,Built-up,50.0,1013.6995849609376,0.7413915852262982,8.11259423209053e-07,0.49334789252076394,0.3031205078377943,1.0,51.0,dist_quarry_km,3.9955,Classified as Mining/Extraction (100% confidence). moderately persistent (persistence score 43/100). Intensity score 8/100. Overall risk: 39/100.,0.0,0.0,0.0,1.0,0.0,0.0,0.0,0.38,0.36,N21,VIIRS,n,2.0NRT,N,50.0,50.0,,,,0,medium
24.76296,74.6066,Rajasthan,2476_7461,2026-08-29,2042.0,Mining/Extraction,1.0,Mining/Extraction,40.4,Medium,0.743,0.41,295.01,261.21,295.01,261.21,0.197,0.54,1.911,268.675,251.275,123.174,Tree cover,10.0,3580.259033203125,0.7413915852262982,8.302217133485085e-07,0.4864982831882665,0.4803363439983529,1.0,52.0,dist_quarry_km,4.0731,Classified as Mining/Extraction (100% confidence). moderately persistent (persistence score 45/100). Intensity score 7/100. Overall risk: 40/100.,0.0,0.0,0.0,1.0,0.0,0.0,0.0,0.39,0.36,N21,VIIRS,n,2.0NRT,N,50.0,10.0,,,,0,medium
24.76254,74.6077,Rajasthan,2476_7461,2026-08-31,2004.0,Mining/Extraction,1.0,Mining/Extraction,50.8,High,0.747,0.93,300.58,276.94,300.58,276.94,0.223,0.514,1.886,268.583,251.283,123.294,Tree cover,10.0,3580.259033203125,0.7450530918139344,0.9548416039104165,0.4932602121702229,0.13935626834248996,1.0,52.0,dist_quarry_km,4.3734,Classified as Mining/Extraction (100% confidence). moderately persistent (persistence score 64/100). Intensity score 14/100. Overall risk: 51/100.,0.0,0.0,0.0,1.0,0.0,0.0,0.0,0.37,0.58,N21,VIIRS,n,2.0NRT,N,50.0,10.0,,,,0,medium
24.93119,74.63396,Rajasthan,2493_7463,2026-09-01,2125.0,Industrial,1.0,Industrial,47.4,Medium,0.748,0.97,301.45,286.91,301.45,286.91,0.141,1.225,2.099,284.429,232.717,120.737,Built-up,50.0,4057.4052734375,0.7413915852262982,7.396434601944622e-07,0.49615507579097545,0.5066773710785669,1.0,51.0,dist_power_plant_km,2.1402,Classified as Industrial (100% confidence). moderately persistent (persistence score 46/100). Intensity score 15/100. Overall risk: 47/100.,0.0,0.0,1.0,0.0,0.0,0.0,0.0,0.4,0.6,N21,VIIRS,n,2.0NRT,N,50.0,50.0,,,,0,medium
25.47695,94.44304,Manipur,2548_9444,2026-09-14,1900.0,Other/Unknown,1.0,Other/Unknown,14.6,Low,0.35,3.06,321.7,284.25,321.7,284.25,37.405,85.112,78.372,78.858,187.88,85.517,,,,0.0,0.0,,,0.5,1.0,landcover_code,1.4543,Classified as Other/Unknown (100% confidence). low persistence / first-seen (persistence score 0/100). Intensity score 30/100. Overall risk: 15/100.,0.0,0.0,0.0,0.0,1.0,0.0,0.0,0.42,0.45,N21,VIIRS,n,2.0NRT,N,50.0,,,,,0,n/a
25.56269,74.7977,Rajasthan,2556_7480,2026-09-23,845.0,Other/Unknown,1.0,Other/Unknown,15.8,Low,0.35,4.89,354.14,304.34,354.14,304.34,31.392,12.157,18.549,298.631,161.31,111.197,,,,0.0,0.0,,,0.5,1.0,landcover_code,1.4195,Classified as Other/Unknown (100% confidence). low persistence / first-seen (persistence score 0/100). Intensity score 38/100. Overall risk: 16/100.,0.0,0.0,0.0,0.0,1.0,0.0,0.0,0.33,0.56,N21,VIIRS,n,2.0NRT,D,50.0,,,,,0,n/a
25.78418,73.69784,Rajasthan,2578_7370,2026-09-09,2034.0,Wildfire,0.9997,Wildfire,20.6,Low,0.35,3.1,326.09,295.97,326.09,295.97,16.152,59.766,25.203,349.057,212.562,75.487,Shrubland,20.0,114.11729431152344,0.20715616162265582,7.907932022389697e-19,,,0.5,3.0,landcover_code,3.203,Classified as Wildfire (100% confidence). low persistence / first-seen (persistence score 10/100). Intensity score 31/100. Overall risk: 21/100.,0.0,0.0,0.0,0.0,0.0003,0.0,0.9997,0.45,0.39,N21,VIIRS,n,2.0NRT,N,50.0,20.0,,,,0,n/a
25.94452,72.18851,Rajasthan,2594_7219,2026-08-25,2017.0,Other/Unknown,1.0,Other/Unknown,12.0,Low,0.35,0.85,300.18,277.97,300.18,277.97,3.598,16.516,25.743,407.331,270.576,155.599,,,,0.0,0.0,,,0.5,4.0,landcover_code,1.4539,Classified as Other/Unknown (100% confidence). low persistence / first-seen (persistence score 0/100). Intensity score 13/100. Overall risk: 12/100.,0.0,0.0,0.0,0.0,1.0,0.0,0.0,0.34,0.56,N21,VIIRS,n,2.0NRT,N,50.0,,,,,0,n/a
25.9435,72.19397,Rajasthan,2594_7219,2026-08-28,835.0,Other/Unknown,1.0,Other/Unknown,28.7,Medium,0.35,4.28,337.43,303.78,337.43,303.78,3.045,16.363,25.341,407.136,271.121,155.086,,,,0.13070098600339122,0.9330329915368074,,,0.5,4.0,landcover_code,1.298,Classified as Other/Unknown (100% confidence). moderately persistent (persistence score 53/100). Intensity score 36/100. Overall risk: 29/100.,0.0,0.0,0.0,0.0,1.0,0.0,0.0,0.47,0.39,N21,VIIRS,n,2.0NRT,D,50.0,,,,,0,n/a
25.9405,72.18806,Rajasthan,2594_7219,2026-08-30,2021.0,Other/Unknown,1.0,Other/Unknown,27.2,Medium,0.35,1.27,308.88,291.81,308.88,291.81,3.526,16.931,26.018,406.896,270.716,155.381,,,,0.20715616162265582,0.9548416039104165,,,0.5,4.0,dist_industrial_zone_km,1.3408,Classified as Other/Unknown (100% confidence). moderately persistent (persistence score 58/100). Intensity score 18/100. Overall risk: 27/100.,0.0,0.0,0.0,0.0,1.0,0.0,0.0,0.54,0.51,N21,VIIRS,n,2.0NRT,N,50.0,,,,,0,n/a
25.9415,72.19106,Rajasthan,2594_7219,2026-09-01,2125.0,Other/Unknown,1.0,Other/Unknown,25.4,Medium,0.34,0.48,303.53,288.57,303.53,288.57,3.258,16.693,25.705,406.96,270.945,155.198,,,,0.26140197200678245,0.9548416039104165,0.4793450945799747,0.7795187907884576,1.0,4.0,dist_industrial_zone_km,1.3195,Classified as Other/Unknown (100% confidence). moderately persistent (persistence score 57/100). Intensity score 8/100. Overall risk: 25/100.,0.0,0.0,0.0,0.0,1.0,0.0,0.0,0.54,0.51,N21,VIIRS,n,2.0NRT,N,50.0,,,,,0,n/a
26.25521,74.09451,Rajasthan,2626_7409,2026-09-01,2123.0,Other/Unknown,1.0,Other/Unknown,21.9,Low,0.348,0.5,301.91,290.16,301.91,290.16,5.995,8.275,3.974,284.722,150.967,139.367,Cropland,40.0,93.67821502685548,0.7413915852262982,7.569318065491683e-07,0.4962475704516315,0.2682283044086161,1.0,51.0,dist_industrial_zone_km,1.0433,Classified as Other/Unknown (100% confidence). moderately persistent (persistence score 42/100). Intensity score 9/100. Overall risk: 22/100.,0.0,0.0,0.0,0.0,1.0,0.0,0.0,0.35,0.57,N21,VIIRS,n,2.0NRT,N,50.0,40.0,,,,0,n/a
26.25701,74.09737,Rajasthan,2626_7410,2026-08-29,2040.0,Other/Unknown,1.0,Other/Unknown,23.2,Low,0.352,1.17,304.69,288.98,304.69,288.98,5.678,7.96,4.228,284.375,150.621,139.676,Cropland,40.0,87.04991912841797,0.7413915852262982,8.302217133485085e-07,0.503822425531764,0.2672836028695941,1.0,52.0,dist_industrial_zone_km,1.0358,Classified as Other/Unknown (100% confidence). moderately persistent (persistence score 43/100). Intensity score 17/100. Overall risk: 23/100.,0.0,0.0,0.0,0.0,1.0,0.0,0.0,0.39,0.37,N21,VIIRS,n,2.0NRT,N,50.0,40.0,,,,0,n/a
26.2584,74.09742,Rajasthan,2626_7410,2026-09-08,2055.0,Other/Unknown,0.9999,Other/Unknown,27.8,Medium,0.352,1.15,313.85,296.61,313.85,296.61,5.542,7.823,4.38,284.272,150.543,139.815,Cropland,40.0,87.04991912841797,0.7450530918139344,0.7937005259840998,0.5034974919740717,0.17602085015750468,1.0,52.0,dist_industrial_zone_km,1.048,Classified as Other/Unknown (100% confidence). moderately persistent (persistence score 61/100). Intensity score 17/100. Overall risk: 28/100.,0.0,0.0,0.0,0.0,0.9999,0.0,0.0,0.41,0.37,N21,VIIRS,n,2.0NRT,N,50.0,40.0,,,,0,n/a
26.29747,74.12477,Rajasthan,2630_7412,2026-08-29,2040.0,Mining/Extraction,0.6683,Mining/Extraction,34.6,Medium,0.583,0.64,303.83,288.53,303.83,288.53,0.438,2.707,1.998,279.398,146.098,144.928,Built-up,50.0,1446.64599609375,0.7413915852262982,8.11259423209053e-07,0.49704253449109,0.3544279727167292,1.0,51.0,dist_quarry_km,2.086,Classified as Mining/Extraction (67% confidence). moderately persistent (persistence score 44/100). Intensity score 11/100. Overall risk: 35/100.,0.0,0.0,0.3316,0.6683,1e-04,0.0,0.0,0.39,0.37,N21,VIIRS,n,2.0NRT,N,50.0,50.0,,,,0,medium
26.41217,89.40324,WestBengal,2641_8940,2026-08-29,1900.0,Other/Unknown,1.0,Other/Unknown,16.0,Low,0.35,5.25,295.44,284.36,295.44,284.36,9.141,10.45,9.091,9.086,99.577,60.159,,,,0.0,0.0,,,0.5,1.0,landcover_code,1.3313,Classified as Other/Unknown (100% confidence). low persistence / first-seen (persistence score 0/100). Intensity score 40/100. Overall risk: 16/100.,0.0,0.0,0.0,0.0,1.0,0.0,0.0,0.45,0.63,N21,VIIRS,n,2.0NRT,N,50.0,,,,,0,n/a
26.41184,89.40777,WestBengal,2641_8941,2026-08-29,1900.0,Other/Unknown,1.0,Other/Unknown,14.3,Low,0.35,2.71,295.73,284.54,295.73,284.54,8.697,10.238,8.646,8.642,100.017,60.602,,,,0.0,0.0,,,0.5,2.0,landcover_code,1.3412,Classified as Other/Unknown (100% confidence). low persistence / first-seen (persistence score 0/100). Intensity score 28/100. Overall risk: 14/100.,0.0,0.0,0.0,0.0,1.0,0.0,0.0,0.45,0.63,N21,VIIRS,n,2.0NRT,N,50.0,,,,,0,n/a
26.41152,89.41228,WestBengal,2641_8941,2026-08-29,1900.0,Other/Unknown,1.0,Other/Unknown,28.4,Medium,0.35,2.71,295.54,284.45,295.54,284.45,8.257,10.043,8.205,8.202,100.455,61.043,,,,0.13070098600339122,1.0,,,0.5,2.0,landcover_code,1.2276,Classified as Other/Unknown (100% confidence). moderately persistent (persistence score 57/100). Intensity score 28/100. Overall risk: 28/100.,0.0,0.0,0.0,0.0,1.0,0.0,0.0,0.45,0.63,N21,VIIRS,n,2.0NRT,N,50.0,,,,,0,n/a
26.63483,70.38657,Rajasthan,2663_7039,2026-08-27,852.0,Other/Unknown,0.9999,Other/Unknown,15.7,Low,0.35,4.72,342.14,303.32,342.14,303.32,60.738,53.665,49.605,537.518,75.236,309.062,,,,0.0,0.0,,,0.5,1.0,landcover_code,1.4496,Classified as Other/Unknown (100% confidence). low persistence / first-seen (persistence score 0/100). Intensity score 38/100. Overall risk: 16/100.,0.0,0.0,1e-04,0.0,0.9999,0.0,0.0,0.45,0.47,N21,VIIRS,n,2.0NRT,D,50.0,,,,,0,n/a
26.63045,72.6942,Rajasthan,2663_7269,2026-09-20,2027.0,Other/Unknown,1.0,Other/Unknown,16.5,Low,0.35,6.42,339.83,296.97,339.83,296.97,21.747,15.759,36.108,384.084,273.447,143.955,,,,0.0,0.0,,,0.5,1.0,landcover_code,1.4374,Classified as Other/Unknown (100% confidence). low persistence / first-seen (persistence score 0/100). Intensity score 43/100. Overall risk: 16/100.,0.0,0.0,0.0,0.0,1.0,0.0,0.0,0.41,0.45,N21,VIIRS,n,2.0NRT,N,50.0,,,,,0,n/a
26.63729,72.26279,Rajasthan,2664_7226,2026-09-23,845.0,Other/Unknown,1.0,Other/Unknown,18.0,Low,0.35,10.89,345.11,316.12,345.11,316.12,53.745,27.383,31.635,423.852,235.896,163.149,,,,0.0,0.0,,,0.5,1.0,landcover_code,1.515,Classified as Other/Unknown (100% confidence). low persistence / first-seen (persistence score 0/100). Intensity score 54/100. Overall risk: 18/100.,0.0,0.0,0.0,0.0,1.0,0.0,0.0,0.48,0.48,N21,VIIRS,l,2.0NRT,D,20.0,,,,,0,n/a
26.75887,83.20107,UttarPradesh,2676_8320,2026-08-25,2017.0,Other/Unknown,1.0,Other/Unknown,23.7,Low,0.349,1.19,310.96,289.53,310.96,289.53,2.222,62.687,17.813,17.863,204.659,64.17,Bare / sparse vegetation,60.0,2023.6707763671875,0.7413915852262982,9.106079138855144e-07,0.49765751713853607,0.4045693519069707,1.0,51.0,dist_industrial_zone_km,0.8614,Classified as Other/Unknown (100% confidence). moderately persistent (persistence score 44/100). Intensity score 17/100. Overall risk: 24/100.,0.0,0.0,0.0,0.0,1.0,0.0,0.0,0.4,0.37,N21,VIIRS,n,2.0NRT,N,50.0,60.0,,,,0,n/a
26.87269,73.51617,Rajasthan,2687_7352,2026-08-29,2040.0,Mining/Extraction,1.0,Mining/Extraction,45.4,Medium,0.757,2.18,312.82,293.62,312.82,293.62,32.913,12.533,0.93,298.355,190.048,112.361,Built-up,50.0,955.6022338867188,0.7413915852262982,8.11259423209053e-07,0.5137915007768711,0.46554797772980594,1.0,52.0,dist_quarry_km,4.7445,Classified as Mining/Extraction (100% confidence). moderately persistent (persistence score 46/100). Intensity score 25/100. Overall risk: 45/100.,0.0,0.0,0.0,1.0,0.0,0.0,0.0,0.41,0.37,N21,VIIRS,n,2.0NRT,N,50.0,50.0,,,,0,medium
26.87142,73.51697,Rajasthan,2687_7352,2026-08-30,2021.0,Mining/Extraction,1.0,Mining/Extraction,51.3,High,0.749,1.0,304.58,291.92,304.58,291.92,32.754,12.552,0.976,298.336,189.972,112.519,Built-up,50.0,955.6022338867188,0.7450530918139344,0.9771599684342459,0.4987745122578801,0.13738372015376782,1.0,52.0,dist_quarry_km,4.7693,Classified as Mining/Extraction (100% confidence). moderately persistent (persistence score 65/100). Intensity score 15/100. Overall risk: 51/100.,0.0,0.0,0.0,1.0,0.0,0.0,0.0,0.46,0.47,N21,VIIRS,n,2.0NRT,N,50.0,50.0,,,,0,medium
26.88006,73.51327,Rajasthan,2688_7351,2026-08-29,2040.0,Mining/Extraction,1.0,Mining/Extraction,44.6,Medium,0.755,1.88,306.75,293.71,306.75,293.71,33.72,12.615,0.957,298.305,190.319,111.494,Built-up,50.0,1122.6195068359375,0.7413915852262982,8.11259423209053e-07,0.5108158125219076,0.44757236204587086,1.0,51.0,dist_quarry_km,4.7246,Classified as Mining/Extraction (100% confidence). moderately persistent (persistence score 45/100). Intensity score 23/100. Overall risk: 45/100.,0.0,0.0,0.0,1.0,0.0,0.0,0.0,0.41,0.37,N21,VIIRS,n,2.0NRT,N,50.0,50.0,,,,0,medium
26.90533,93.00866,Assam,2691_9301,2026-08-29,633.0,Agricultural Burning,0.5828,Other/Unknown,6.5,Low,0.308,1.84,332.56,288.37,332.56,288.37,14.706,27.835,21.472,12.68,149.057,51.443,Cropland,40.0,90.33563995361328,0.13070098600339122,1.9459707062786123e-21,,,0.5,2.0,recurrence_score,1.5371,Classified as Agricultural Burning (58% confidence). low persistence / first-seen (persistence score 7/100). Intensity score 23/100. Overall risk: 6/100.,0.5828,0.0,0.0,0.0,0.4172,0.0,0.0,0.39,0.44,N21,VIIRS,n,2.0NRT,D,50.0,40.0,,,,0,n/a
27.03239,94.89097,Assam,2703_9489,2026-08-29,1900.0,Mining/Extraction,1.0,Mining/Extraction,44.3,Medium,0.759,2.51,318.81,289.44,318.81,289.44,1.946,6.512,1.862,1.956,11.46,20.346,Tree cover,10.0,873.2699584960938,0.7413915852262982,8.11259423209053e-07,0.5179972215527624,0.2075078693580572,1.0,51.0,dist_quarry_km,4.3356,Classified as Mining/Extraction (100% confidence). moderately persistent (persistence score 42/100). Intensity score 27/100. Overall risk: 44/100.,0.0,0.0,0.0,1.0,0.0,0.0,0.0,0.42,0.45,N21,VIIRS,n,2.0NRT,N,50.0,10.0,,,,0,medium
27.31635,95.26728,Assam,2732_9527,2026-08-29,1900.0,Other/Unknown,0.9999,Other/Unknown,26.4,Medium,0.365,3.49,308.66,290.67,308.66,290.67,3.04,14.115,6.247,6.223,3.447,62.716,Tree cover,10.0,1213.8167724609375,0.7413915852262982,8.302217133485085e-07,0.5296327327426722,0.44649993496945434,1.0,51.0,dist_industrial_zone_km,0.8673,Classified as Other/Unknown (100% confidence). moderately persistent (persistence score 46/100). Intensity score 33/100. Overall risk: 26/100.,0.0,0.0,1e-04,0.0,0.9999,0.0,0.0,0.4,0.44,N21,VIIRS,n,2.0NRT,N,50.0,10.0,,,,0,n/a
27.32357,95.2765,Assam,2732_9528,2026-08-29,1900.0,Industrial,1.0,Industrial,51.9,High,0.765,3.6,309.66,291.31,309.66,291.31,1.828,13.075,6.352,6.318,3.681,63.893,Tree cover,10.0,1332.698974609375,0.7413915852262982,6.743495761743051e-07,0.5295853993150985,0.32450668266408633,1.0,51.0,dist_industrial_zone_km,4.144,Classified as Industrial (100% confidence). moderately persistent (persistence score 44/100). Intensity score 33/100. Overall risk: 52/100.,0.0,0.0,1.0,0.0,0.0,0.0,0.0,0.4,0.44,N21,VIIRS,n,2.0NRT,N,50.0,10.0,,,,0,medium
27.37929,95.33325,Assam,2738_9533,2026-08-29,1900.0,Industrial,1.0,Industrial,46.9,Medium,0.755,2.06,317.58,285.78,317.58,285.78,0.277,8.411,10.531,10.46,9.916,72.185,Tree cover,10.0,1319.01904296875,0.6214684848679675,6.438970309105835e-07,0.5099938611092981,0.3126579370288318,1.0,28.0,dist_industrial_zone_km,4.2035,Classified as Industrial (100% confidence). moderately persistent (persistence score 39/100). Intensity score 24/100. Overall risk: 47/100.,0.0,0.0,1.0,0.0,0.0,0.0,0.0,0.4,0.44,N21,VIIRS,n,2.0NRT,N,50.0,10.0,,,,0,medium
27.37714,95.33408,Assam,2738_9533,2026-09-02,659.0,Industrial,1.0,Industrial,61.4,High,0.765,3.63,337.86,293.68,337.86,293.68,0.512,8.224,10.585,10.512,9.885,72.038,Tree cover,10.0,1319.01904296875,0.6283260283811849,0.9117224885582168,0.5292166786753182,0.33052482089596374,1.0,28.0,dist_industrial_zone_km,4.223,Classified as Industrial (100% confidence). moderately persistent (persistence score 63/100). Intensity score 33/100. Overall risk: 61/100.,0.0,0.0,1.0,0.0,0.0,0.0,0.0,0.45,0.39,N21,VIIRS,n,2.0NRT,D,50.0,10.0,,,,0,medium
27.42038,70.86834,Rajasthan,2742_7087,2026-09-15,756.0,Wildfire,0.9999,Wildfire,27.0,Medium,0.323,5.08,337.77,305.56,337.77,305.56,25.921,31.612,30.331,511.494,77.171,234.621,Shrubland,20.0,31.732324600219727,0.26140197200678245,5.345772962226013e-13,0.44559129412237425,0.4142135623730951,1.0,4.0,landcover_code,3.1462,Classified as Wildfire (100% confidence). low persistence / first-seen (persistence score 27/100). Intensity score 39/100. Overall risk: 27/100.,0.0,0.0,0.0,0.0,1e-04,0.0,0.9999,0.46,0.47,N21,VIIRS,n,2.0NRT,D,50.0,20.0,,,,0,n/a
27.43725,70.85397,Rajasthan,2744_7085,2026-08-28,835.0,Other/Unknown,1.0,Other/Unknown,14.9,Low,0.35,3.56,340.27,313.15,340.27,313.15,26.273,30.173,29.906,511.4,75.524,235.623,,,,0.0,0.0,,,0.5,1.0,landcover_code,1.4874,Classified as Other/Unknown (100% confidence). low persistence / first-seen (persistence score 0/100). Intensity score 33/100. Overall risk: 15/100.,0.0,0.0,0.0,0.0,1.0,0.0,0.0,0.43,0.38,N21,VIIRS,l,2.0NRT,D,20.0,,,,,0,n/a
27.45659,70.43187,Rajasthan,2746_7043,2026-08-30,756.0,Other/Unknown,1.0,Other/Unknown,17.5,Low,0.35,9.08,344.42,308.22,344.42,308.22,7.259,16.628,22.738,542.976,34.005,276.174,,,,0.0,0.0,,,0.5,2.0,landcover_code,1.4225,Classified as Other/Unknown (100% confidence). low persistence / first-seen (persistence score 0/100). Intensity score 50/100. Overall risk: 18/100.,0.0,0.0,0.0,0.0,1.0,0.0,0.0,0.49,0.49,N21,VIIRS,n,2.0NRT,D,50.0,,,,,0,n/a
27.45579,70.42984,Rajasthan,2746_7043,2026-08-30,756.0,Other/Unknown,1.0,Other/Unknown,31.2,Medium,0.35,7.92,344.07,308.36,344.07,308.36,7.322,16.68,22.811,543.19,33.826,276.387,,,,0.13070098600339122,1.0,,,0.5,2.0,landcover_code,1.323,Classified as Other/Unknown (100% confidence). moderately persistent (persistence score 57/100). Intensity score 47/100. Overall risk: 31/100.,0.0,0.0,0.0,0.0,1.0,0.0,0.0,0.49,0.49,N21,VIIRS,n,2.0NRT,D,50.0,,,,,0,n/a
27.50346,91.71323,,2750_9171,2026-08-27,712.0,Wildfire,0.9999,Wildfire,19.9,Low,0.35,6.5,333.87,299.61,333.87,299.61,69.955,171.552,26.428,115.244,149.374,164.397,Grassland,30.0,64.95956420898438,0.0,0.0,,,0.5,1.0,dist_industrial_zone_km,3.0771,Classified as Wildfire (100% confidence). low persistence / first-seen (persistence score 0/100). Intensity score 44/100. Overall risk: 20/100.,0.0,0.0,0.0,0.0,1e-04,0.0,0.9999,0.44,0.38,N21,VIIRS,n,2.0NRT,D,50.0,30.0,,,,0,n/a
27.62523,70.73109,Rajasthan,2763_7073,2026-08-30,756.0,Other/Unknown,1.0,Other/Unknown,13.6,Low,0.35,2.05,341.31,309.66,341.31,309.66,34.786,22.358,38.056,508.109,64.051,244.35,,,,0.0,0.0,,,0.5,1.0,landcover_code,1.4461,Classified as Other/Unknown (100% confidence). low persistence / first-seen (persistence score 0/100). Intensity score 24/100. Overall risk: 14/100.,0.0,0.0,0.0,0.0,1.0,0.0,0.0,0.47,0.48,N21,VIIRS,n,2.0NRT,D,50.0,,,,,0,n/a
27.7317,96.28381,ArunachalPradesh,2773_9628,2026-09-22,724.0,Wildfire,0.9983,Wildfire,30.5,Medium,0.335,3.72,341.46,292.33,341.46,292.33,14.671,96.689,44.179,43.554,111.467,167.393,Tree cover,10.0,6.156435012817383,0.7413915852262982,4.151108566742542e-07,0.4704320394503,0.24937597064564423,1.0,51.0,landcover_code,2.861,Classified as Wildfire (100% confidence). moderately persistent (persistence score 41/100). Intensity score 34/100. Overall risk: 30/100.,0.0,0.0,0.0,0.0,0.0017,0.0,0.9983,0.4,0.6,N21,VIIRS,n,2.0NRT,D,50.0,10.0,,,,0,n/a
27.76173,96.05025,ArunachalPradesh,2776_9605,2026-09-11,729.0,Wildfire,0.9994,Wildfire,37.8,Medium,0.42,30.46,367.0,291.32,367.0,291.32,10.124,78.728,37.046,37.166,92.37,151.498,Tree cover,10.0,19.455310821533203,0.5740802179970582,5.188885708428167e-08,0.6399391387639073,0.32982691849475376,1.0,21.0,landcover_code,3.2729,Classified as Wildfire (100% confidence). moderately persistent (persistence score 41/100). Intensity score 75/100. Overall risk: 38/100.,0.0,0.0,0.0,0.0,0.0006,0.0,0.9994,0.49,0.65,N21,VIIRS,h,2.0NRT,D,90.0,10.0,,,,0,n/a
27.76085,96.31447,ArunachalPradesh,2776_9631,2026-09-11,729.0,Wildfire,0.9999,Wildfire,34.2,Medium,0.393,12.89,367.0,291.15,367.0,291.15,16.567,100.846,48.606,47.975,115.519,171.734,Tree cover,10.0,9.532490730285645,0.5342354236036424,1.9818255809373572e-07,0.5867842859425075,0.42387416539960393,1.0,17.0,landcover_code,3.254,Classified as Wildfire (100% confidence). moderately persistent (persistence score 40/100). Intensity score 57/100. Overall risk: 34/100.,0.0,0.0,0.0,0.0,1e-04,0.0,0.9999,0.5,0.66,N21,VIIRS,h,2.0NRT,D,90.0,10.0,,,,0,n/a
27.9212,96.75629,ArunachalPradesh,2792_9676,2026-09-12,712.0,Wildfire,1.0,Wildfire,33.6,Medium,0.43,20.58,367.0,297.66,367.0,297.66,61.533,147.687,92.539,92.149,162.468,217.688,Tree cover,10.0,3.073256731033325,0.26140197200678245,7.615408481856145e-15,0.6596346825621513,0.4193581554616324,1.0,4.0,landcover_code,3.2924,Classified as Wildfire (100% confidence). moderately persistent (persistence score 32/100). Intensity score 67/100. Overall risk: 34/100.,0.0,0.0,0.0,0.0,0.0,0.0,1.0,0.55,0.51,N21,VIIRS,h,2.0NRT,D,90.0,10.0,,,,0,n/a
27.99545,94.19669,,2800_9420,2026-09-11,729.0,Wildfire,0.9991,Wildfire,20.2,Low,0.35,7.15,367.0,293.37,367.0,293.37,62.807,96.794,100.407,108.915,106.369,145.533,Tree cover,10.0,213.53208923339844,0.0,0.0,,,0.5,1.0,landcover_code,3.4663,Classified as Wildfire (100% confidence). low persistence / first-seen (persistence score 0/100). Intensity score 45/100. Overall risk: 20/100.,0.0,0.0,0.0,0.0,0.0009,0.0,0.9991,0.37,0.58,N21,VIIRS,h,2.0NRT,D,90.0,10.0,,,,0,n/a
28.11855,95.48516,ArunachalPradesh,2812_9549,2026-08-28,652.0,Wildfire,1.0,Wildfire,28.0,Medium,0.341,3.0,332.86,295.18,332.86,295.18,60.283,86.706,65.757,65.713,79.127,151.992,Tree cover,10.0,10.845398902893066,0.4521511235672025,2.61503453181893e-07,0.4829316346547529,0.5033596243335773,1.0,11.0,landcover_code,3.2558,Classified as Wildfire (100% confidence). moderately persistent (persistence score 35/100). Intensity score 30/100. Overall risk: 28/100.,0.0,0.0,0.0,0.0,0.0,0.0,1.0,0.41,0.37,N21,VIIRS,n,2.0NRT,D,50.0,10.0,,,,0,n/a
28.35046,77.2559,Haryana,2835_7726,2026-08-29,2040.0,Industrial,1.0,Industrial,44.5,Medium,0.749,0.81,305.23,282.68,305.23,282.68,1.295,10.195,4.796,30.231,56.157,10.029,Cropland,40.0,4894.7939453125,0.7413915852262982,5.110614121133299e-07,0.4980400100393196,0.19806464222016926,1.0,51.0,dist_industrial_zone_km,4.2304,Classified as Industrial (100% confidence). moderately persistent (persistence score 41/100). Intensity score 13/100. Overall risk: 44/100.,0.0,0.0,1.0,0.0,0.0,0.0,0.0,0.39,0.37,N21,VIIRS,n,2.0NRT,N,50.0,40.0,,,,0,medium
28.37196,77.2264,Haryana,2837_7723,2026-08-29,2040.0,Mining/Extraction,1.0,Mining/Extraction,27.6,Medium,0.75,2.13,322.5,285.43,322.5,285.43,0.714,13.393,1.441,30.86,59.868,6.299,Bare / sparse vegetation,60.0,1757.412109375,0.13070098600339122,8.615851166441646e-14,,,0.5,3.0,dist_quarry_km,4.037,Classified as Mining/Extraction (100% confidence). low persistence / first-seen (persistence score 7/100). Intensity score 25/100. Overall risk: 28/100.,0.0,0.0,0.0,1.0,0.0,0.0,0.0,0.39,0.36,N21,VIIRS,n,2.0NRT,N,50.0,60.0,,,,0,medium
28.3724,77.22649,Haryana,2837_7723,2026-09-09,2034.0,Mining/Extraction,1.0,Mining/Extraction,47.7,Medium,0.75,2.67,329.26,295.72,329.26,295.72,0.704,13.395,1.392,30.908,59.898,6.28,Bare / sparse vegetation,60.0,1757.412109375,0.20715616162265582,0.7755723809168673,,,0.5,3.0,dist_quarry_km,4.1481,Classified as Mining/Extraction (100% confidence). moderately persistent (persistence score 49/100). Intensity score 28/100. Overall risk: 48/100.,0.0,0.0,0.0,1.0,0.0,0.0,0.0,0.38,0.36,N21,VIIRS,n,2.0NRT,N,50.0,60.0,,,,0,medium
28.55451,77.08445,NCTofDelhi,2855_7708,2026-09-15,756.0,Industrial,1.0,Industrial,33.5,Medium,0.75,3.83,335.42,303.98,335.42,303.98,0.737,4.212,20.401,33.84,84.279,7.831,Built-up,50.0,6504.7666015625,0.13070098600339122,2.795876179096994e-19,,,0.5,2.0,dist_industrial_zone_km,4.1549,Classified as Industrial (100% confidence). low persistence / first-seen (persistence score 7/100). Intensity score 34/100. Overall risk: 34/100.,0.0,0.0,1.0,0.0,0.0,0.0,0.0,0.38,0.36,N21,VIIRS,n,2.0NRT,D,50.0,50.0,,,,0,medium
28.70671,76.85614,Haryana,2871_7686,2026-08-25,2014.0,Industrial,1.0,Industrial,25.6,Medium,0.75,1.35,306.17,283.28,306.17,283.28,1.687,23.267,46.145,38.201,104.486,24.102,,,,0.0,0.0,,,0.5,1.0,dist_industrial_zone_km,4.3288,Classified as Industrial (100% confidence). low persistence / first-seen (persistence score 0/100). Intensity score 19/100. Overall risk: 26/100.,0.0,0.0,1.0,0.0,0.0,0.0,0.0,0.39,0.44,N21,VIIRS,n,2.0NRT,N,50.0,,,,,0,medium
28.74356,76.92766,Haryana,2874_7693,2026-09-14,2040.0,Other/Unknown,1.0,Other/Unknown,25.6,Medium,0.36,2.58,325.16,294.51,325.16,294.51,3.84,15.225,40.853,40.315,110.225,18.958,Cropland,40.0,349.2720031738281,0.7413915852262982,4.6594618245804125e-07,0.5205434282859591,0.4661544692073175,1.0,51.0,dist_industrial_zone_km,1.1314,Classified as Other/Unknown (100% confidence). moderately persistent (persistence score 46/100). Intensity score 28/100. Overall risk: 26/100.,0.0,0.0,0.0,0.0,1.0,0.0,0.0,0.39,0.36,N21,VIIRS,n,2.0NRT,N,50.0,40.0,,,,0,n/a
28.74562,76.92708,Haryana,2875_7693,2026-08-29,2040.0,Other/Unknown,0.9999,Other/Unknown,22.6,Low,0.348,0.66,301.37,281.89,301.37,281.89,3.913,15.191,40.901,40.362,110.439,19.119,Grassland,30.0,946.7805786132812,0.7413915852262982,6.743495761743051e-07,0.49585009529520746,0.3545760608168244,1.0,51.0,dist_industrial_zone_km,1.7553,Classified as Other/Unknown (100% confidence). moderately persistent (persistence score 44/100). Intensity score 11/100. Overall risk: 23/100.,0.0,0.0,0.0,0.0,0.9999,0.0,0.0,0.39,0.36,N21,VIIRS,n,2.0NRT,N,50.0,30.0,,,,0,n/a
28.77172,76.69999,Haryana,2877_7670,2026-09-22,1949.0,Other/Unknown,0.6084,Other/Unknown,13.3,Low,0.311,3.09,327.55,295.74,327.55,295.74,2.168,36.333,54.83,23.316,100.139,40.689,Cropland,40.0,246.13491821289065,0.20715616162265582,2.935277016985219e-07,,,0.5,3.0,dist_industrial_zone_km,0.8034,Classified as Other/Unknown (61% confidence). low persistence / first-seen (persistence score 10/100). Intensity score 31/100. Overall risk: 13/100.,0.3915,0.0,1e-04,0.0,0.6084,0.0,0.0,0.47,0.64,N21,VIIRS,n,2.0NRT,N,50.0,40.0,,,,0,n/a
29.43284,77.00395,Haryana,2943_7700,2026-08-29,2040.0,Industrial,1.0,Industrial,44.7,Medium,0.763,3.7,329.48,286.1,329.48,286.1,0.117,12.669,50.514,68.539,173.571,68.333,Cropland,40.0,1170.8052978515625,0.303478291430754,7.975572545926316e-15,0.5255402517990806,0.36602540378443865,1.0,5.0,dist_industrial_zone_km,4.1376,Classified as Industrial (100% confidence). low persistence / first-seen (persistence score 29/100). Intensity score 34/100. Overall risk: 45/100.,0.0,0.0,1.0,0.0,0.0,0.0,0.0,0.39,0.36,N21,VIIRS,n,2.0NRT,N,50.0,40.0,,,,0,medium
29.45728,76.87041,Haryana,2946_7687,2026-08-27,2118.0,Industrial,1.0,Industrial,47.0,Medium,0.744,1.12,308.61,291.22,308.61,291.22,0.554,1.048,58.799,81.2,174.477,56.904,Tree cover,10.0,5435.4013671875,0.7413915852262982,6.438970309105835e-07,0.4879798164486036,0.40251898736776587,1.0,51.0,dist_power_plant_km,2.3995,Classified as Industrial (100% confidence). moderately persistent (persistence score 44/100). Intensity score 16/100. Overall risk: 47/100.,0.0,0.0,1.0,0.0,0.0,0.0,0.0,0.35,0.57,N21,VIIRS,n,2.0NRT,N,50.0,10.0,,,,0,medium
29.45856,76.89088,Haryana,2946_7689,2026-08-29,816.0,Industrial,1.0,Industrial,52.0,High,0.76,4.19,334.02,295.66,334.02,295.66,0.722,1.786,57.087,79.213,175.468,58.846,Built-up,50.0,6441.52392578125,0.7413915852262982,4.5530395694275716e-07,0.5202913493298066,0.24174014613915623,1.0,53.0,dist_power_plant_km,2.0836,Classified as Industrial (100% confidence). moderately persistent (persistence score 43/100). Intensity score 36/100. Overall risk: 52/100.,0.0,0.0,1.0,0.0,0.0,0.0,0.0,0.5,0.41,N21,VIIRS,n,2.0NRT,D,50.0,50.0,,,,0,medium
29.46117,76.89161,Haryana,2946_7689,2026-08-29,2040.0,Industrial,1.0,Industrial,64.1,High,0.76,4.24,328.7,287.95,328.7,287.95,0.471,1.705,56.862,79.126,175.76,58.995,Built-up,50.0,6441.52392578125,0.7450530918139344,1.0,0.5205178831932362,0.16520695491219686,1.0,53.0,dist_power_plant_km,2.1477,Classified as Industrial (100% confidence). moderately persistent (persistence score 67/100). Intensity score 36/100. Overall risk: 64/100.,0.0,0.0,1.0,0.0,0.0,0.0,0.0,0.39,0.36,N21,VIIRS,n,2.0NRT,N,50.0,50.0,,,,0,medium
29.45788,76.89092,Haryana,2946_7689,2026-08-29,2040.0,Industrial,1.0,Industrial,64.1,High,0.76,4.24,321.48,291.28,321.48,291.28,0.779,1.833,57.127,79.213,175.402,58.829,Built-up,50.0,6441.52392578125,0.7486448511604031,1.0,0.52012373893527,0.1638197021065479,1.0,53.0,dist_power_plant_km,2.1359,Classified as Industrial (100% confidence). moderately persistent (persistence score 67/100). Intensity score 36/100. Overall risk: 64/100.,0.0,0.0,1.0,0.0,0.0,0.0,0.0,0.39,0.36,N21,VIIRS,n,2.0NRT,N,50.0,50.0,,,,0,medium
29.47326,76.85646,Haryana,2947_7686,2026-09-06,1949.0,Industrial,1.0,Industrial,52.7,High,0.756,4.33,324.33,290.26,324.33,290.26,0.863,1.958,58.962,82.463,175.51,56.15,Tree cover,10.0,6049.1962890625,0.7413915852262982,3.784659032745841e-07,0.5114554949873111,0.3249077681454699,1.0,51.0,dist_industrial_zone_km,2.4987,Classified as Industrial (100% confidence). moderately persistent (persistence score 44/100). Intensity score 36/100. Overall risk: 53/100.,0.0,0.0,1.0,0.0,0.0,0.0,0.0,0.47,0.64,N21,VIIRS,n,2.0NRT,N,50.0,10.0,,,,0,medium
29.47515,76.85677,Haryana,2948_7686,2026-09-06,1949.0,Industrial,1.0,Industrial,54.0,High,0.765,5.28,331.04,290.31,331.04,290.31,1.032,2.009,58.826,82.426,175.713,56.246,Built-up,50.0,7092.5068359375,0.7413915852262982,3.784659032745841e-07,0.530365086801682,0.32906367776701656,1.0,52.0,dist_industrial_zone_km,2.5629,Classified as Industrial (100% confidence). moderately persistent (persistence score 44/100). Intensity score 40/100. Overall risk: 54/100.,0.0,0.0,1.0,0.0,0.0,0.0,0.0,0.47,0.64,N21,VIIRS,n,2.0NRT,N,50.0,50.0,,,,0,medium
29.47525,76.85799,Haryana,2948_7686,2026-09-06,2129.0,Industrial,1.0,Industrial,64.0,High,0.757,3.96,324.48,289.53,324.48,289.53,0.998,1.907,58.719,82.307,175.773,56.362,Built-up,50.0,7092.5068359375,0.7450530918139344,1.0,0.5133032320782424,0.21348212611094788,1.0,52.0,dist_power_plant_km,2.0852,Classified as Industrial (100% confidence). moderately persistent (persistence score 67/100). Intensity score 35/100. Overall risk: 64/100.,0.0,0.0,1.0,0.0,0.0,0.0,0.0,0.54,0.68,N21,VIIRS,n,2.0NRT,N,50.0,50.0,,,,0,medium
29.90769,74.95112,Punjab,2991_7495,2026-08-27,2118.0,Industrial,1.0,Industrial,52.3,High,0.743,4.03,324.48,295.82,324.48,295.82,1.17,2.384,63.0,42.105,204.182,30.547,Built-up,50.0,9256.3388671875,0.7413915852262982,8.694863210279636e-07,0.48667065900282613,0.37082754807062596,1.0,52.0,dist_industrial_zone_km,4.2542,Classified as Industrial (100% confidence). moderately persistent (persistence score 44/100). Intensity score 35/100. Overall risk: 52/100.,0.0,0.0,1.0,0.0,0.0,0.0,0.0,0.53,0.5,N21,VIIRS,n,2.0NRT,N,50.0,50.0,,,,0,medium
29.90875,74.95228,Punjab,2991_7495,2026-08-29,816.0,Industrial,1.0,Industrial,65.3,High,0.757,6.19,338.01,303.3,338.01,303.3,1.047,2.23,63.14,41.98,204.274,30.429,Built-up,50.0,9256.3388671875,0.7450530918139344,0.9548416039104165,0.5139253194631848,0.14755240292412117,1.0,52.0,dist_industrial_zone_km,4.3317,Classified as Industrial (100% confidence). moderately persistent (persistence score 65/100). Intensity score 43/100. Overall risk: 65/100.,0.0,0.0,1.0,0.0,0.0,0.0,0.0,0.42,0.38,N21,VIIRS,n,2.0NRT,D,50.0,50.0,,,,0,medium
30.18717,74.48603,Punjab,3019_7449,2026-08-31,2142.0,Industrial,1.0,Industrial,25.2,Medium,0.75,1.24,305.14,289.73,305.14,289.73,1.842,25.953,96.709,48.517,246.847,40.554,,,,0.0,0.0,,,0.5,1.0,dist_industrial_zone_km,4.3217,Classified as Industrial (100% confidence). low persistence / first-seen (persistence score 0/100). Intensity score 17/100. Overall risk: 25/100.,0.0,0.0,1.0,0.0,0.0,0.0,0.0,0.57,0.69,N21,VIIRS,n,2.0NRT,N,50.0,,,,,0,medium
30.34867,74.23013,Punjab,3035_7423,2026-08-26,731.0,Other/Unknown,1.0,Other/Unknown,23.6,Low,0.348,6.85,338.78,299.85,338.78,299.85,14.09,18.443,121.136,72.132,272.936,66.387,Cropland,40.0,393.52783203125,0.26140197200678245,6.842589391649287e-11,0.4966667160485049,0.4142135623730951,1.0,4.0,dist_industrial_zone_km,0.6904,Classified as Other/Unknown (100% confidence). low persistence / first-seen (persistence score 28/100). Intensity score 45/100. Overall risk: 24/100.,0.0,0.0,0.0,0.0,1.0,0.0,0.0,0.6,0.53,N21,VIIRS,n,2.0NRT,D,50.0,40.0,,,,0,n/a
30.43859,73.86054,,3044_7386,2026-08-28,835.0,Other/Unknown,0.9999,Other/Unknown,14.8,Low,0.35,3.39,342.03,304.05,342.03,304.05,14.861,51.951,141.05,107.548,298.144,89.661,,,,0.0,0.0,,,0.5,1.0,landcover_code,1.3184,Classified as Other/Unknown (100% confidence). low persistence / first-seen (persistence score 0/100). Intensity score 32/100. Overall risk: 15/100.,0.0,0.0,1e-04,0.0,0.9999,0.0,0.0,0.43,0.46,N21,VIIRS,n,2.0NRT,D,50.0,,,,,0,n/a
30.49965,75.93306,Punjab,3050_7593,2026-09-23,848.0,Industrial,1.0,Industrial,55.8,High,0.797,12.66,346.53,297.92,346.53,297.92,1.367,60.594,32.46,72.801,270.752,47.612,Cropland,40.0,456.9604187011719,0.4341792774341453,2.090748489479304e-09,0.594770543057355,0.5095242484777092,1.0,10.0,dist_industrial_zone_km,4.3809,Classified as Industrial (100% confidence). moderately persistent (persistence score 38/100). Intensity score 57/100. Overall risk: 56/100.,0.0,0.0,1.0,0.0,0.0,0.0,0.0,0.44,0.63,N21,VIIRS,n,2.0NRT,D,50.0,40.0,,,,0,medium
30.61643,74.1008,,3062_7410,2026-09-13,835.0,Other/Unknown,0.9999,Other/Unknown,21.2,Low,0.35,30.79,351.89,301.53,351.89,301.53,8.318,36.001,126.364,85.754,305.168,59.434,Grassland,30.0,,0.0,0.0,,,0.5,1.0,dist_industrial_zone_km,1.5642,Classified as Other/Unknown (100% confidence). low persistence / first-seen (persistence score 0/100). Intensity score 75/100. Overall risk: 21/100.,0.0,0.0,1e-04,0.0,0.9999,0.0,0.0,0.44,0.46,N21,VIIRS,n,2.0NRT,D,50.0,30.0,,,,0,n/a
30.85914,74.36917,,3086_7437,2026-09-11,731.0,Other/Unknown,1.0,Other/Unknown,29.1,Medium,0.447,21.78,347.79,301.96,347.79,301.96,19.326,46.99,89.176,72.328,321.024,24.3,Cropland,40.0,,0.3669240563744024,4.411315797218118e-11,0.6939355383746919,0.35894886201759185,1.0,7.0,landcover_code,0.7779,Classified as Other/Unknown (100% confidence). moderately persistent (persistence score 36/100). Intensity score 68/100. Overall risk: 29/100.,0.0,0.0,0.0,0.0,1.0,0.0,0.0,0.57,0.52,N21,VIIRS,n,2.0NRT,D,50.0,40.0,,,,0,n/a
30.98238,74.5671,Punjab,3098_7457,2026-09-24,828.0,Industrial,1.0,Industrial,61.8,High,0.808,21.27,352.28,300.61,352.28,300.61,1.696,61.943,66.083,68.704,328.938,8.465,Cropland,40.0,407.2155456542969,0.6143521058105431,2.2408087478617524e-09,0.6158664832392176,0.41770921801119126,1.0,26.0,dist_industrial_zone_km,4.2828,Classified as Industrial (100% confidence). moderately persistent (persistence score 43/100). Intensity score 67/100. Overall risk: 62/100.,0.0,0.0,1.0,0.0,0.0,0.0,0.0,0.39,0.44,N21,VIIRS,n,2.0NRT,D,50.0,40.0,,,,0,medium
31.09241,74.68892,,3109_7469,2026-09-02,839.0,Other/Unknown,1.0,Other/Unknown,24.9,Low,0.342,4.61,335.77,295.36,335.77,295.36,12.781,55.115,49.223,73.859,338.267,20.655,Cropland,40.0,319.1768798828125,0.5228039440135649,9.245543252430775e-08,0.4847214247354428,0.46022545132740844,1.0,17.0,dist_industrial_zone_km,0.76,Classified as Other/Unknown (100% confidence). moderately persistent (persistence score 37/100). Intensity score 37/100. Overall risk: 25/100.,0.0,0.0,0.0,0.0,1.0,0.0,0.0,0.6,0.53,N21,VIIRS,n,2.0NRT,D,50.0,40.0,,,,0,n/a
31.08549,74.68503,Punjab,3109_7469,2026-09-23,848.0,Other/Unknown,1.0,Other/Unknown,29.5,Medium,0.35,5.83,347.92,298.6,347.92,298.6,11.932,55.876,50.03,73.291,337.589,19.806,Cropland,40.0,319.1768798828125,0.5342354236036424,0.6155722066724582,0.5009218739553898,0.42624007855002644,1.0,17.0,dist_industrial_zone_km,0.8369,Classified as Other/Unknown (100% confidence). moderately persistent (persistence score 53/100). Intensity score 42/100. Overall risk: 30/100.,0.0,0.0,0.0,0.0,1.0,0.0,0.0,0.38,0.58,N21,VIIRS,n,2.0NRT,D,50.0,40.0,,,,0,n/a
31.1214,74.69007,Punjab,3112_7469,2026-09-01,720.0,Other/Unknown,1.0,Other/Unknown,26.8,Medium,0.364,10.48,350.72,292.99,350.72,292.99,11.69,53.146,46.92,76.811,341.402,23.741,Cropland,40.0,,0.4341792774341453,2.868235197263045e-07,0.5272507475954765,0.4716932499646293,1.0,11.0,dist_industrial_zone_km,0.7924,Classified as Other/Unknown (100% confidence). moderately persistent (persistence score 35/100). Intensity score 53/100. Overall risk: 27/100.,0.0,0.0,0.0,0.0,1.0,0.0,0.0,0.42,0.61,N21,VIIRS,n,2.0NRT,D,50.0,40.0,,,,0,n/a
31.1218,74.69038,Punjab,3112_7469,2026-09-01,720.0,Other/Unknown,1.0,Other/Unknown,34.1,Medium,0.379,13.13,353.18,293.24,353.18,293.24,11.639,53.097,46.868,76.842,341.44,23.792,Cropland,40.0,,0.4521511235672025,1.0,0.5574205535490533,0.48798570746498243,1.0,11.0,dist_industrial_zone_km,0.8052,Classified as Other/Unknown (100% confidence). moderately persistent (persistence score 62/100). Intensity score 57/100. Overall risk: 34/100.,0.0,0.0,0.0,0.0,1.0,0.0,0.0,0.42,0.61,N21,VIIRS,n,2.0NRT,D,50.0,40.0,,,,0,n/a
31.12882,74.65296,,3113_7465,2026-09-02,839.0,Other/Unknown,1.0,Other/Unknown,25.1,Medium,0.342,7.4,339.88,294.93,339.88,294.93,8.417,55.662,49.069,78.922,342.935,23.731,Cropland,40.0,,0.303478291430754,3.501263668533999e-11,0.48431764551657347,0.659921274470384,1.0,6.0,dist_industrial_zone_km,1.1434,Classified as Other/Unknown (100% confidence). moderately persistent (persistence score 33/100). Intensity score 46/100. Overall risk: 25/100.,0.0,0.0,0.0,0.0,1.0,0.0,0.0,0.6,0.53,N21,VIIRS,n,2.0NRT,D,50.0,40.0,,,,0,n/a
31.12541,74.65491,,3113_7465,2026-09-12,854.0,Other/Unknown,1.0,Other/Unknown,31.4,Medium,0.364,10.59,352.97,293.6,352.97,293.6,8.672,55.704,49.164,78.5,342.525,23.387,Cropland,40.0,,0.337857147626047,0.7937005259840998,0.5272978293057103,0.5907487679987747,1.0,6.0,dist_industrial_zone_km,1.1679,Classified as Other/Unknown (100% confidence). moderately persistent (persistence score 54/100). Intensity score 53/100. Overall risk: 31/100.,0.0,0.0,0.0,0.0,1.0,0.0,0.0,0.47,0.64,N21,VIIRS,n,2.0NRT,D,50.0,40.0,,,,0,n/a
31.19342,75.00808,Punjab,3119_7501,2026-09-20,805.0,Other/Unknown,1.0,Other/Unknown,24.0,Low,0.354,6.05,345.39,307.03,345.39,307.03,5.993,25.813,23.928,79.632,344.643,48.418,Cropland,40.0,258.9479675292969,0.26140197200678245,2.7387102961469576e-07,0.5071661759230442,0.580771330556046,1.0,4.0,dist_industrial_zone_km,1.1923,Classified as Other/Unknown (100% confidence). moderately persistent (persistence score 31/100). Intensity score 42/100. Overall risk: 24/100.,0.0,0.0,0.0,0.0,1.0,0.0,0.0,0.38,0.36,N21,VIIRS,n,2.0NRT,D,50.0,40.0,,,,0,n/a
31.35996,74.52962,,3136_7453,2026-08-29,816.0,Other/Unknown,1.0,Other/Unknown,15.2,Low,0.35,3.94,330.29,301.52,330.29,301.52,15.489,59.228,50.208,107.169,370.58,49.805,,,,0.0,0.0,,,0.5,2.0,landcover_code,1.4199,Classified as Other/Unknown (100% confidence). low persistence / first-seen (persistence score 0/100). Intensity score 35/100. Overall risk: 15/100.,0.0,0.0,0.0,0.0,1.0,0.0,0.0,0.42,0.38,N21,VIIRS,l,2.0NRT,D,20.0,,,,,0,n/a
31.3634,74.529,,3136_7453,2026-08-29,816.0,Other/Unknown,1.0,Other/Unknown,28.5,Medium,0.35,2.79,331.33,299.83,331.33,299.83,15.578,59.265,50.229,107.543,370.966,50.192,,,,0.13070098600339122,1.0,,,0.5,2.0,landcover_code,1.3511,Classified as Other/Unknown (100% confidence). moderately persistent (persistence score 57/100). Intensity score 29/100. Overall risk: 28/100.,0.0,0.0,0.0,0.0,1.0,0.0,0.0,0.42,0.38,N21,VIIRS,n,2.0NRT,D,50.0,,,,,0,n/a
31.35772,74.54604,,3136_7455,2026-09-12,854.0,Other/Unknown,1.0,Other/Unknown,17.7,Low,0.35,9.77,355.26,294.68,355.26,294.68,13.918,57.687,48.684,106.319,369.986,49.329,,,,0.0,0.0,,,0.5,1.0,landcover_code,1.3309,Classified as Other/Unknown (100% confidence). low persistence / first-seen (persistence score 0/100). Intensity score 51/100. Overall risk: 18/100.,0.0,0.0,0.0,0.0,1.0,0.0,0.0,0.46,0.64,N21,VIIRS,n,2.0NRT,D,50.0,,,,,0,n/a
31.37593,74.53367,,3138_7453,2026-09-20,805.0,Other/Unknown,1.0,Other/Unknown,15.2,Low,0.35,4.01,338.41,306.12,338.41,306.12,15.329,58.764,49.675,108.643,372.223,51.499,,,,0.0,0.0,,,0.5,1.0,landcover_code,1.378,Classified as Other/Unknown (100% confidence). low persistence / first-seen (persistence score 0/100). Intensity score 35/100. Overall risk: 15/100.,0.0,0.0,0.0,0.0,1.0,0.0,0.0,0.39,0.36,N21,VIIRS,n,2.0NRT,D,50.0,,,,,0,n/a
31.53692,75.11433,Punjab,3154_7511,2026-08-29,816.0,Other/Unknown,0.9999,Other/Unknown,22.8,Low,0.322,2.62,330.56,297.72,330.56,297.72,2.427,16.728,11.816,73.818,347.957,83.643,Cropland,40.0,312.3376159667969,0.4836511198071519,1.4013623074097756e-07,0.4443564341670351,0.440413958348795,1.0,13.0,dist_industrial_zone_km,1.1065,Classified as Other/Unknown (100% confidence). moderately persistent (persistence score 35/100). Intensity score 28/100. Overall risk: 23/100.,0.0,0.0,1e-04,0.0,0.9999,0.0,0.0,0.44,0.39,N21,VIIRS,n,2.0NRT,D,50.0,40.0,,,,0,n/a
31.53888,75.11586,Punjab,3154_7512,2026-08-28,835.0,Other/Unknown,0.9999,Other/Unknown,27.0,Medium,0.366,7.68,337.82,297.31,337.82,297.31,2.217,16.91,11.733,73.558,347.708,83.905,Cropland,40.0,353.891845703125,0.5828521095705937,7.80294927075974e-09,0.5327743673397668,0.4118946903331969,1.0,23.0,dist_industrial_zone_km,1.0438,Classified as Other/Unknown (100% confidence). moderately persistent (persistence score 40/100). Intensity score 47/100. Overall risk: 27/100.,0.0,0.0,1e-04,0.0,0.9999,0.0,0.0,0.52,0.5,N21,VIIRS,n,2.0NRT,D,50.0,40.0,,,,0,n/a
31.53816,75.11701,Punjab,3154_7512,2026-08-28,835.0,Other/Unknown,0.9999,Other/Unknown,31.9,Medium,0.351,5.36,339.95,297.84,339.95,297.84,2.141,16.81,11.607,73.581,347.756,83.901,Cropland,40.0,353.891845703125,0.5912340079040808,1.0,0.502329528598778,0.36433243140115906,1.0,23.0,dist_industrial_zone_km,1.0819,Classified as Other/Unknown (100% confidence). moderately persistent (persistence score 64/100). Intensity score 40/100. Overall risk: 32/100.,0.0,0.0,1e-04,0.0,0.9999,0.0,0.0,0.52,0.5,N21,VIIRS,n,2.0NRT,D,50.0,40.0,,,,0,n/a
31.59328,75.044,Punjab,3159_7504,2026-09-14,816.0,Industrial,1.0,Industrial,51.7,High,0.759,6.8,342.13,298.84,342.13,298.84,1.243,24.83,20.142,71.75,343.84,85.475,Cropland,40.0,1437.216552734375,0.5106344530534098,2.758759171304421e-09,0.5177782165018322,0.38962375970992613,1.0,15.0,dist_industrial_zone_km,4.2168,Classified as Industrial (100% confidence). moderately persistent (persistence score 37/100). Intensity score 45/100. Overall risk: 52/100.,0.0,0.0,1.0,0.0,0.0,0.0,0.0,0.44,0.39,N21,VIIRS,n,2.0NRT,D,50.0,40.0,,,,0,medium
31.60231,75.07355,Punjab,3160_7507,2026-09-20,805.0,Other/Unknown,0.9994,Other/Unknown,23.2,Low,0.333,2.74,336.15,306.91,336.15,306.91,2.04,24.761,18.024,69.384,342.063,87.721,Cropland,40.0,3498.450439453125,0.5228039440135649,5.310170162560584e-08,0.46548000414837803,0.38799321943564175,1.0,16.0,dist_industrial_zone_km,0.988,Classified as Other/Unknown (100% confidence). moderately persistent (persistence score 36/100). Intensity score 29/100. Overall risk: 23/100.,0.0,0.0,0.0006,0.0,0.9994,0.0,0.0,0.38,0.36,N21,VIIRS,n,2.0NRT,D,50.0,40.0,,,,0,n/a
31.60827,75.17979,Punjab,3161_7518,2026-09-20,805.0,Other/Unknown,1.0,Other/Unknown,25.8,Medium,0.352,5.97,335.5,308.53,335.5,308.53,5.323,24.403,10.853,63.973,338.653,86.739,Cropland,40.0,413.244384765625,0.5552083144780106,1.2484718833215566e-07,0.5047151379977464,0.39825975878500275,1.0,19.0,dist_industrial_zone_km,1.1733,Classified as Other/Unknown (100% confidence). moderately persistent (persistence score 38/100). Intensity score 42/100. Overall risk: 26/100.,0.0,0.0,0.0,0.0,1.0,0.0,0.0,0.38,0.36,N21,VIIRS,l,2.0NRT,D,20.0,40.0,,,,0,n/a
31.61932,75.07414,Punjab,3162_7507,2026-09-20,805.0,Other/Unknown,0.9998,Other/Unknown,23.2,Low,0.323,2.29,336.64,306.43,336.64,306.43,2.609,26.554,18.94,67.761,340.237,89.392,Cropland,40.0,1016.0296020507812,0.5828521095705937,2.457775009373013e-09,0.44651493880123777,0.3732518228087347,1.0,22.0,dist_industrial_zone_km,0.9722,Classified as Other/Unknown (100% confidence). moderately persistent (persistence score 37/100). Intensity score 26/100. Overall risk: 23/100.,0.0,0.0,1e-04,0.0,0.9998,0.0,0.0,0.38,0.36,N21,VIIRS,n,2.0NRT,D,50.0,40.0,,,,0,n/a
31.6539,74.51457,,3165_7451,2026-09-12,854.0,Other/Unknown,1.0,Other/Unknown,17.0,Low,0.35,7.67,352.95,294.19,352.95,294.19,5.53,67.209,58.314,104.288,355.579,82.38,,,,0.0,0.0,,,0.5,1.0,landcover_code,1.4032,Classified as Other/Unknown (100% confidence). low persistence / first-seen (persistence score 0/100). Intensity score 47/100. Overall risk: 17/100.,0.0,0.0,0.0,0.0,1.0,0.0,0.0,0.46,0.64,N21,VIIRS,n,2.0NRT,D,50.0,,,,,0,n/a
31.65273,74.51737,,3165_7452,2026-09-20,805.0,Other/Unknown,1.0,Other/Unknown,14.9,Low,0.35,3.54,336.55,308.08,336.55,308.08,5.268,66.913,58.019,104.127,355.586,82.22,,,,0.0,0.0,,,0.5,1.0,landcover_code,1.4378,Classified as Other/Unknown (100% confidence). low persistence / first-seen (persistence score 0/100). Intensity score 33/100. Overall risk: 15/100.,0.0,0.0,0.0,0.0,1.0,0.0,0.0,0.39,0.36,N21,VIIRS,l,2.0NRT,D,20.0,,,,,0,n/a
31.69444,75.1629,Punjab,3169_7516,2026-09-20,805.0,Other/Unknown,1.0,Other/Unknown,21.8,Low,0.324,1.79,335.75,307.85,335.75,307.85,12.331,33.861,20.154,56.231,329.852,79.442,Cropland,40.0,1159.0224609375,0.5106344530534098,2.4016393505774082e-09,0.4472329308085139,0.33243697515541304,1.0,15.0,dist_industrial_zone_km,0.8097,Classified as Other/Unknown (100% confidence). moderately persistent (persistence score 34/100). Intensity score 22/100. Overall risk: 22/100.,0.0,0.0,0.0,0.0,1.0,0.0,0.0,0.38,0.36,N21,VIIRS,n,2.0NRT,D,50.0,40.0,,,,0,n/a
31.74446,75.0144,Punjab,3174_7501,2026-09-14,816.0,Other/Unknown,1.0,Other/Unknown,26.0,Medium,0.349,5.87,343.54,296.25,343.54,296.25,2.807,41.524,32.434,60.449,328.691,84.004,Cropland,40.0,1342.8157958984375,0.6143521058105431,3.4758187515169666e-09,0.4988000023039947,0.3217977134256874,1.0,26.0,dist_industrial_zone_km,1.0533,Classified as Other/Unknown (100% confidence). moderately persistent (persistence score 39/100). Intensity score 42/100. Overall risk: 26/100.,0.0,0.0,0.0,0.0,1.0,0.0,0.0,0.44,0.39,N21,VIIRS,n,2.0NRT,D,50.0,40.0,,,,0,n/a
31.87895,74.67175,Punjab,3188_7467,2026-09-22,726.0,Other/Unknown,1.0,Other/Unknown,25.7,Medium,0.352,5.43,338.32,296.25,338.32,296.25,12.569,70.9,64.059,79.966,326.634,101.506,Cropland,40.0,321.9868469238281,0.5552083144780106,2.4016393505774082e-09,0.5045415417644423,0.4341380400106174,1.0,19.0,dist_industrial_zone_km,0.7672,Classified as Other/Unknown (100% confidence). moderately persistent (persistence score 39/100). Intensity score 40/100. Overall risk: 26/100.,0.0,0.0,0.0,0.0,1.0,0.0,0.0,0.32,0.55,N21,VIIRS,n,2.0NRT,D,50.0,40.0,,,,0,n/a
31.92019,74.74754,Punjab,3192_7475,2026-09-20,805.0,Other/Unknown,1.0,Other/Unknown,24.2,Low,0.333,3.4,336.52,301.5,336.52,301.5,11.223,70.315,64.056,71.678,319.525,93.059,Cropland,40.0,263.0382995605469,0.5228039440135649,7.86488002999363e-08,0.46575370372057384,0.49832027678746305,1.0,16.0,dist_industrial_zone_km,0.8234,Classified as Other/Unknown (100% confidence). moderately persistent (persistence score 37/100). Intensity score 32/100. Overall risk: 24/100.,0.0,0.0,0.0,0.0,1.0,0.0,0.0,0.38,0.36,N21,VIIRS,n,2.0NRT,D,50.0,40.0,,,,0,n/a
31.93145,74.73269,Punjab,3193_7473,2026-09-20,805.0,Other/Unknown,1.0,Other/Unknown,23.7,Low,0.35,3.72,333.28,301.94,333.28,301.94,12.916,72.131,65.934,72.61,318.947,93.783,Cropland,40.0,241.5067443847656,0.41431232324531164,9.0343747527027e-08,0.5008749991067719,0.5031206762934596,1.0,9.0,dist_industrial_zone_km,0.7686,Classified as Other/Unknown (100% confidence). moderately persistent (persistence score 35/100). Intensity score 34/100. Overall risk: 24/100.,0.0,0.0,0.0,0.0,1.0,0.0,0.0,0.38,0.36,N21,VIIRS,n,2.0NRT,D,50.0,40.0,,,,0,n/a
32.32051,76.85158,HimachalPradesh,3232_7685,2026-08-30,758.0,Wildfire,0.9998,Wildfire,25.1,Medium,0.289,3.22,332.07,303.55,332.07,303.55,29.587,22.388,26.68,131.992,255.565,27.896,Grassland,30.0,14.428502082824709,0.26140197200678245,2.365411895466154e-08,0.37714907595878466,0.4142135623730951,1.0,4.0,landcover_code,3.0713,Classified as Wildfire (100% confidence). low persistence / first-seen (persistence score 25/100). Intensity score 31/100. Overall risk: 25/100.,0.0,0.0,0.0,0.0,0.0002,0.0,0.9998,0.38,0.36,N21,VIIRS,n,2.0NRT,D,50.0,30.0,,,,0,n/a
34.19078,74.22848,,3419_7423,2026-08-30,758.0,Wildfire,0.999,Wildfire,17.5,Low,0.35,3.13,330.02,299.59,330.02,299.59,12.391,30.927,14.837,81.844,180.73,21.992,Tree cover,10.0,488.795166015625,0.0,0.0,,,0.5,1.0,landcover_code,3.4142,Classified as Wildfire (100% confidence). low persistence / first-seen (persistence score 0/100). Intensity score 31/100. Overall risk: 18/100.,0.0,0.0,0.0,0.0,0.001,0.0,0.999,0.4,0.37,N21,VIIRS,n,2.0NRT,D,50.0,10.0,,,,0,n/a
34.31184,76.76282,,3431_7676,2026-08-27,714.0,Other/Unknown,1.0,Other/Unknown,18.3,Low,0.35,11.73,367.0,307.05,367.0,307.05,61.383,56.629,59.901,162.038,61.754,60.176,,,,0.0,0.0,,,0.5,1.0,landcover_code,1.4253,Classified as Other/Unknown (100% confidence). low persistence / first-seen (persistence score 0/100). Intensity score 55/100. Overall risk: 18/100.,0.0,0.0,0.0,0.0,1.0,0.0,0.0,0.33,0.55,N21,VIIRS,h,2.0NRT,D,90.0,,,,,0,n/a
8.19619,77.55958,TamilNadu,820_7756,2026-08-31,731.0,Mining/Extraction,1.0,Mining/Extraction,29.6,Medium,0.75,3.4,330.48,293.99,330.48,293.99,3.171,6.949,0.661,166.647,56.075,9.718,Tree cover,10.0,375.3928527832031,0.13070098600339122,7.564689930120827e-10,,,0.5,2.0,dist_quarry_km,5.0399,Classified as Mining/Extraction (100% confidence). low persistence / first-seen (persistence score 7/100). Intensity score 32/100. Overall risk: 30/100.,0.0,0.0,0.0,1.0,0.0,0.0,0.0,0.4,0.6,N21,VIIRS,n,2.0NRT,D,50.0,10.0,,,,0,medium
8.49523,77.96259,TamilNadu,850_7796,2026-09-02,835.0,Other/Unknown,1.0,Other/Unknown,20.6,Low,0.35,25.01,352.28,301.69,352.28,301.69,17.263,13.08,19.664,133.615,97.243,20.336,,,,0.0,0.0,,,0.5,1.0,landcover_code,1.4461,Classified as Other/Unknown (100% confidence). low persistence / first-seen (persistence score 0/100). Intensity score 71/100. Overall risk: 21/100.,0.0,0.0,0.0,0.0,1.0,0.0,0.0,0.51,0.49,N21,VIIRS,n,2.0NRT,D,50.0,,,,,0,n/a
8.56604,78.08351,TamilNadu,857_7808,2026-08-28,828.0,Other/Unknown,0.9999,Other/Unknown,13.5,Low,0.35,1.94,332.18,303.65,332.18,303.65,3.265,14.766,21.158,121.22,111.605,26.569,,,,0.0,0.0,,,0.5,1.0,landcover_code,1.4397,Classified as Other/Unknown (100% confidence). low persistence / first-seen (persistence score 0/100). Intensity score 23/100. Overall risk: 14/100.,0.0,0.0,1e-04,0.0,0.9999,0.0,0.0,0.41,0.45,N21,VIIRS,l,2.0NRT,D,20.0,,,,,0,n/a
8.60969,77.83566,TamilNadu,861_7784,2026-08-28,828.0,Other/Unknown,1.0,Other/Unknown,16.3,Low,0.35,6.03,339.17,306.85,339.17,306.85,16.723,9.362,3.633,129.147,86.246,24.242,,,,0.0,0.0,,,0.5,1.0,landcover_code,0.852,Classified as Other/Unknown (100% confidence). low persistence / first-seen (persistence score 0/100). Intensity score 42/100. Overall risk: 16/100.,0.0,0.0,0.0,0.0,1.0,0.0,0.0,0.39,0.44,N21,VIIRS,n,2.0NRT,D,50.0,,,,,0,n/a
8.60741,77.97129,TamilNadu,861_7797,2026-08-29,809.0,Other/Unknown,0.9999,Other/Unknown,17.7,Low,0.35,5.38,337.16,294.04,337.16,294.04,13.746,6.681,8.677,121.962,100.538,27.186,Tree cover,10.0,652.7162475585938,0.13070098600339122,9.753686588449657e-10,,,0.5,3.0,dist_quarry_km,1.0732,Classified as Other/Unknown (100% confidence). low persistence / first-seen (persistence score 7/100). Intensity score 40/100. Overall risk: 18/100.,0.0,0.0,0.0,0.0,0.9999,0.0,0.0,0.39,0.36,N21,VIIRS,n,2.0NRT,D,50.0,10.0,,,,0,n/a
8.60666,77.96648,TamilNadu,861_7797,2026-09-01,714.0,Other/Unknown,1.0,Other/Unknown,33.5,Medium,0.35,16.02,345.72,293.74,345.72,293.74,14.263,6.538,8.412,122.275,100.005,27.498,Tree cover,10.0,652.7162475585938,0.20715616162265582,0.9330329915368074,,,0.5,3.0,dist_quarry_km,1.1286,Classified as Other/Unknown (100% confidence). moderately persistent (persistence score 57/100). Intensity score 61/100. Overall risk: 34/100.,0.0,0.0,0.0,0.0,1.0,0.0,0.0,0.79,0.78,N21,VIIRS,n,2.0NRT,D,50.0,10.0,,,,0,n/a
8.6202,77.77351,TamilNadu,862_7777,2026-09-03,816.0,Other/Unknown,0.9999,Other/Unknown,20.3,Low,0.35,23.1,354.2,313.01,354.2,313.01,11.483,10.019,3.299,132.01,80.115,18.995,,,,0.0,0.0,,,0.5,1.0,landcover_code,0.8404,Classified as Other/Unknown (100% confidence). low persistence / first-seen (persistence score 0/100). Intensity score 69/100. Overall risk: 20/100.,0.0,0.0,1e-04,0.0,0.9999,0.0,0.0,0.41,0.37,N21,VIIRS,n,2.0NRT,D,50.0,,,,,0,n/a
8.62075,77.77719,TamilNadu,862_7778,2026-09-03,816.0,Other/Unknown,1.0,Other/Unknown,31.3,Medium,0.503,31.99,348.05,312.84,348.05,312.84,11.872,9.973,2.913,131.726,80.517,19.168,Grassland,30.0,54.69566345214844,0.26140197200678245,8.048712886382306e-08,0.8062773042294288,0.6860040768117236,1.0,4.0,dist_quarry_km,1.0606,Classified as Other/Unknown (100% confidence). moderately persistent (persistence score 40/100). Intensity score 76/100. Overall risk: 31/100.,0.0,0.0,0.0,0.0,1.0,0.0,0.0,0.41,0.37,N21,VIIRS,n,2.0NRT,D,50.0,30.0,,,,0,n/a
8.6472,77.50002,TamilNadu,865_7750,2026-09-02,835.0,Other/Unknown,0.9998,Other/Unknown,15.2,Low,0.35,3.96,340.26,304.49,340.26,304.49,2.167,15.878,2.708,126.33,54.241,23.554,,,,0.0,0.0,,,0.5,1.0,landcover_code,1.1001,Classified as Other/Unknown (100% confidence). low persistence / first-seen (persistence score 0/100). Intensity score 35/100. Overall risk: 15/100.,0.0,0.0,0.0002,0.0,0.9998,0.0,0.0,0.47,0.48,N21,VIIRS,n,2.0NRT,D,50.0,,,,,0,n/a
8.64932,77.84006,TamilNadu,865_7784,2026-08-29,809.0,Other/Unknown,1.0,Other/Unknown,21.8,Low,0.345,3.29,343.62,300.52,343.62,300.52,13.973,11.498,5.547,125.194,88.091,21.756,Tree cover,10.0,1275.4306640625,0.26140197200678245,8.626396879198424e-08,0.4897514356128406,0.45699709935629784,1.0,4.0,dist_quarry_km,1.4836,Classified as Other/Unknown (100% confidence). low persistence / first-seen (persistence score 28/100). Intensity score 32/100. Overall risk: 22/100.,0.0,0.0,0.0,0.0,1.0,0.0,0.0,0.38,0.36,N21,VIIRS,n,2.0NRT,D,50.0,10.0,,,,0,n/a
8.67362,78.03297,TamilNadu,867_7803,2026-08-29,2046.0,Other/Unknown,0.9999,Other/Unknown,14.6,Low,0.35,1.52,305.07,283.77,305.07,283.77,6.513,9.881,12.391,112.368,109.069,17.808,Tree cover,10.0,525.2948608398438,0.13070098600339122,1.6961394136501822e-15,,,0.5,2.0,dist_industrial_zone_km,1.3183,Classified as Other/Unknown (100% confidence). low persistence / first-seen (persistence score 7/100). Intensity score 20/100. Overall risk: 15/100.,0.0,0.0,0.0,0.0,0.9999,0.0,0.0,0.52,0.5,N21,VIIRS,n,2.0NRT,N,50.0,10.0,,,,0,n/a
8.67955,77.47332,TamilNadu,868_7747,2026-09-22,720.0,Mining/Extraction,1.0,Mining/Extraction,33.9,Medium,0.75,14.12,355.6,288.24,355.6,288.24,4.72,13.125,1.49,121.79,53.926,24.474,,,,0.0,0.0,,,0.5,1.0,dist_quarry_km,4.3501,Classified as Mining/Extraction (100% confidence). low persistence / first-seen (persistence score 0/100). Intensity score 59/100. Overall risk: 34/100.,0.0,0.0,0.0,1.0,0.0,0.0,0.0,0.65,0.73,N21,VIIRS,l,2.0NRT,D,20.0,,,,,0,medium
8.69465,78.05344,TamilNadu,869_7805,2026-09-01,714.0,Other/Unknown,0.9999,Other/Unknown,23.6,Low,0.373,5.99,333.02,296.0,333.02,296.0,4.52,12.598,14.937,109.296,111.921,14.981,Tree cover,10.0,669.8311157226562,0.26140197200678245,3.4736935191555577e-12,0.5466968490721142,0.4218967138672756,1.0,4.0,dist_industrial_zone_km,1.7347,Classified as Other/Unknown (100% confidence). low persistence / first-seen (persistence score 29/100). Intensity score 42/100. Overall risk: 24/100.,0.0,0.0,0.0,0.0,0.9999,0.0,0.0,0.77,0.77,N21,VIIRS,n,2.0NRT,D,50.0,10.0,,,,0,n/a
8.71279,77.97305,TamilNadu,871_7797,2026-08-28,828.0,Other/Unknown,0.9999,Other/Unknown,19.6,Low,0.35,7.52,343.0,308.96,343.0,308.96,6.977,6.339,7.698,111.529,104.246,17.333,Grassland,30.0,188.63922119140625,0.20715616162265582,1.2169757913095558e-19,,,0.5,3.0,dist_industrial_zone_km,0.9941,Classified as Other/Unknown (100% confidence). low persistence / first-seen (persistence score 10/100). Intensity score 46/100. Overall risk: 20/100.,0.0,0.0,1e-04,0.0,0.9999,0.0,0.0,0.4,0.44,N21,VIIRS,n,2.0NRT,D,50.0,30.0,,,,0,n/a
8.73938,77.75655,TamilNadu,874_7776,2026-08-31,731.0,Other/Unknown,0.9995,Other/Unknown,16.6,Low,0.35,3.62,342.22,300.04,342.22,300.04,2.364,8.5,7.991,122.645,83.756,8.907,Shrubland,20.0,249.4773406982422,0.13070098600339122,6.633654182647441e-12,,,0.5,2.0,dist_industrial_zone_km,0.6836,Classified as Other/Unknown (100% confidence). low persistence / first-seen (persistence score 7/100). Intensity score 33/100. Overall risk: 17/100.,1e-04,0.0,0.0004,0.0,0.9995,0.0,0.0,0.38,0.59,N21,VIIRS,n,2.0NRT,D,50.0,20.0,,,,0,n/a
8.74081,78.09372,TamilNadu,874_7809,2026-08-31,2008.0,Industrial,1.0,Industrial,29.3,Medium,0.75,0.88,309.71,295.3,309.71,295.3,1.595,7.205,16.566,102.795,117.77,9.649,Tree cover,10.0,525.4503173828125,0.20715616162265582,2.512147933894045e-15,,,0.5,4.0,dist_industrial_zone_km,4.3457,Classified as Industrial (100% confidence). low persistence / first-seen (persistence score 10/100). Intensity score 14/100. Overall risk: 29/100.,0.0,0.0,1.0,0.0,0.0,0.0,0.0,0.44,0.38,N21,VIIRS,n,2.0NRT,N,50.0,10.0,,,,0,medium
8.7414,78.08978,TamilNadu,874_7809,2026-08-31,2008.0,Industrial,1.0,Industrial,52.6,High,0.732,0.94,308.15,295.37,308.15,295.37,1.929,7.612,16.444,102.911,117.385,9.53,Tree cover,10.0,525.4503173828125,0.26140197200678245,1.0,0.4632745927437721,0.7186171568202282,1.0,4.0,dist_industrial_zone_km,4.1228,Classified as Industrial (100% confidence). moderately persistent (persistence score 57/100). Intensity score 14/100. Overall risk: 53/100.,0.0,0.0,1.0,0.0,0.0,0.0,0.0,0.44,0.38,N21,VIIRS,n,2.0NRT,N,50.0,10.0,,,,0,medium
8.75016,78.08366,TamilNadu,875_7808,2026-08-29,809.0,Other/Unknown,0.9999,Other/Unknown,25.1,Medium,0.359,6.22,337.4,300.03,337.4,300.03,3.1,7.415,15.406,102.3,117.088,8.51,Cropland,40.0,836.0592651367188,0.4521511235672025,2.6550850812802965e-08,0.5173305547267067,0.4016454291162251,1.0,11.0,dist_industrial_zone_km,1.0863,Classified as Other/Unknown (100% confidence). moderately persistent (persistence score 35/100). Intensity score 43/100. Overall risk: 25/100.,0.0,0.0,1e-04,0.0,0.9999,0.0,0.0,0.39,0.36,N21,VIIRS,n,2.0NRT,D,50.0,40.0,,,,0,n/a
8.75985,77.6738,TamilNadu,876_7767,2026-08-29,809.0,Waste/Landfill,1.0,Waste/Landfill,26.6,Medium,0.75,1.58,337.27,304.89,337.27,304.89,4.331,0.964,4.163,126.994,77.082,0.712,Shrubland,20.0,1166.3468017578125,0.20715616162265582,1.9507373176899346e-09,,,0.5,3.0,dist_waste_site_km,12.3928,Classified as Waste/Landfill (100% confidence). low persistence / first-seen (persistence score 10/100). Intensity score 21/100. Overall risk: 27/100.,0.0,0.0,0.0,0.0,0.0,1.0,0.0,0.38,0.36,N21,VIIRS,n,2.0NRT,D,50.0,20.0,,,,0,medium
8.84051,77.56339,TamilNadu,884_7756,2026-09-12,848.0,Other/Unknown,1.0,Other/Unknown,16.4,Low,0.35,6.23,351.95,300.81,351.95,300.81,7.084,2.555,10.009,120.097,73.162,15.349,,,,0.0,0.0,,,0.5,1.0,landcover_code,1.357,Classified as Other/Unknown (100% confidence). low persistence / first-seen (persistence score 0/100). Intensity score 43/100. Overall risk: 16/100.,0.0,0.0,0.0,0.0,1.0,0.0,0.0,0.4,0.6,N21,VIIRS,n,2.0NRT,D,50.0,,,,,0,n/a
8.83991,77.94456,TamilNadu,884_7794,2026-09-23,839.0,Other/Unknown,1.0,Other/Unknown,25.8,Medium,0.394,10.74,367.0,298.06,367.0,298.06,10.247,8.169,9.895,101.21,107.246,15.04,Grassland,30.0,114.74251556396484,0.303478291430754,1.6817545206196507e-19,0.5882231969165496,0.39549280914840523,1.0,5.0,dist_quarry_km,0.9495,Classified as Other/Unknown (100% confidence). moderately persistent (persistence score 31/100). Intensity score 53/100. Overall risk: 26/100.,0.0,0.0,0.0,0.0,1.0,0.0,0.0,0.33,0.55,N21,VIIRS,h,2.0NRT,D,90.0,30.0,,,,0,n/a
8.86089,77.99239,TamilNadu,886_7799,2026-08-28,828.0,Other/Unknown,1.0,Other/Unknown,15.2,Low,0.35,3.92,337.56,308.96,337.56,308.96,4.757,4.271,4.475,96.339,112.98,10.432,,,,0.0,0.0,,,0.5,2.0,landcover_code,1.3425,Classified as Other/Unknown (100% confidence). low persistence / first-seen (persistence score 0/100). Intensity score 35/100. Overall risk: 15/100.,0.0,0.0,0.0,0.0,1.0,0.0,0.0,0.4,0.44,N21,VIIRS,l,2.0NRT,D,20.0,,,,,0,n/a
8.8614,77.99268,TamilNadu,886_7799,2026-08-28,828.0,Other/Unknown,1.0,Other/Unknown,29.1,Medium,0.35,3.59,337.88,308.55,337.88,308.55,4.694,4.247,4.41,96.274,113.035,10.423,,,,0.13070098600339122,1.0,,,0.5,2.0,landcover_code,1.243,Classified as Other/Unknown (100% confidence). moderately persistent (persistence score 57/100). Intensity score 33/100. Overall risk: 29/100.,0.0,0.0,0.0,0.0,1.0,0.0,0.0,0.4,0.44,N21,VIIRS,l,2.0NRT,D,20.0,,,,,0,n/a
8.8745,77.98587,TamilNadu,887_7799,2026-08-29,809.0,Other/Unknown,0.9999,Other/Unknown,23.2,Low,0.367,5.31,338.37,303.04,338.37,303.04,4.346,5.372,3.973,95.472,113.072,11.707,Cropland,40.0,110.058349609375,0.26140197200678245,2.81979071553487e-15,0.5342380020302522,0.4142135623730951,1.0,4.0,dist_industrial_zone_km,1.0325,Classified as Other/Unknown (100% confidence). low persistence / first-seen (persistence score 29/100). Intensity score 40/100. Overall risk: 23/100.,0.0,0.0,0.0,0.0,0.9999,0.0,0.0,0.39,0.36,N21,VIIRS,n,2.0NRT,D,50.0,40.0,,,,0,n/a
8.86698,78.1198,TamilNadu,887_7812,2026-08-31,2008.0,Industrial,1.0,Industrial,39.5,Medium,0.741,0.48,308.69,296.2,308.69,296.2,1.72,4.617,5.763,88.855,125.797,6.205,Grassland,30.0,361.7069091796875,0.4521511235672025,7.170587993157624e-08,0.48139609235508624,0.3983740671611147,1.0,11.0,dist_industrial_zone_km,4.2292,Classified as Industrial (100% confidence). moderately persistent (persistence score 34/100). Intensity score 8/100. Overall risk: 40/100.,0.0,0.0,1.0,0.0,0.0,0.0,0.0,0.44,0.38,N21,VIIRS,n,2.0NRT,N,50.0,30.0,,,,0,medium
8.88936,77.75757,TamilNadu,889_7776,2026-09-02,835.0,Other/Unknown,0.9999,Other/Unknown,16.8,Low,0.35,7.23,344.57,306.66,344.57,306.66,4.344,2.888,3.091,110.265,92.909,16.445,,,,0.0,0.0,,,0.5,1.0,landcover_code,1.304,Classified as Other/Unknown (100% confidence). low persistence / first-seen (persistence score 0/100). Intensity score 46/100. Overall risk: 17/100.,0.0,0.0,0.0,0.0,0.9999,0.0,0.0,0.5,0.49,N21,VIIRS,n,2.0NRT,D,50.0,,,,,0,n/a
8.91982,78.07803,TamilNadu,892_7808,2026-09-23,839.0,Other/Unknown,0.9999,Other/Unknown,18.6,Low,0.35,7.43,367.0,295.65,367.0,295.65,4.449,3.816,3.575,85.819,124.372,10.366,Grassland,30.0,145.2437286376953,0.13070098600339122,3.09470910342809e-12,,,0.5,3.0,dist_industrial_zone_km,1.0056,Classified as Other/Unknown (100% confidence). low persistence / first-seen (persistence score 7/100). Intensity score 46/100. Overall risk: 19/100.,0.0,0.0,1e-04,0.0,0.9999,0.0,0.0,0.34,0.56,N21,VIIRS,h,2.0NRT,D,90.0,30.0,,,,0,n/a
8.91761,78.07673,TamilNadu,892_7808,2026-09-23,839.0,Other/Unknown,0.9999,Other/Unknown,30.6,Medium,0.35,4.49,367.0,295.45,367.0,295.45,4.412,3.535,3.309,86.103,124.129,10.125,Grassland,30.0,145.2437286376953,0.20715616162265582,1.0,,,0.5,3.0,dist_industrial_zone_km,1.0522,Classified as Other/Unknown (100% confidence). moderately persistent (persistence score 60/100). Intensity score 37/100. Overall risk: 31/100.,0.0,0.0,0.0,0.0,0.9999,0.0,0.0,0.34,0.56,N21,VIIRS,h,2.0NRT,D,90.0,30.0,,,,0,n/a
8.93458,77.4248,TamilNadu,893_7742,2026-08-31,731.0,Other/Unknown,1.0,Other/Unknown,14.3,Low,0.35,2.81,331.74,296.67,331.74,296.67,6.729,13.892,17.948,101.731,71.835,33.821,,,,0.0,0.0,,,0.5,1.0,landcover_code,1.4018,Classified as Other/Unknown (100% confidence). low persistence / first-seen (persistence score 0/100). Intensity score 29/100. Overall risk: 14/100.,0.0,0.0,0.0,0.0,1.0,0.0,0.0,0.4,0.6,N21,VIIRS,n,2.0NRT,D,50.0,,,,,0,n/a
8.93206,77.96355,TamilNadu,893_7796,2026-08-30,750.0,Other/Unknown,1.0,Other/Unknown,23.7,Low,0.34,6.73,336.81,292.55,336.81,292.55,7.37,8.386,4.706,91.704,114.219,17.415,Shrubland,20.0,115.23467254638672,0.303478291430754,3.0498918652438405e-08,0.47963627050088986,0.3739217603163444,1.0,5.0,dist_industrial_zone_km,1.2167,Classified as Other/Unknown (100% confidence). low persistence / first-seen (persistence score 28/100). Intensity score 44/100. Overall risk: 24/100.,0.0,0.0,0.0,0.0,1.0,0.0,0.0,0.53,0.42,N21,VIIRS,n,2.0NRT,D,50.0,20.0,,,,0,n/a
8.95153,77.77248,TamilNadu,895_7777,2026-09-01,854.0,Other/Unknown,0.9999,Other/Unknown,15.3,Low,0.35,4.11,336.6,300.01,336.6,300.01,11.431,5.348,2.573,104.304,98.506,23.298,,,,0.0,0.0,,,0.5,2.0,landcover_code,0.8821,Classified as Other/Unknown (100% confidence). low persistence / first-seen (persistence score 0/100). Intensity score 35/100. Overall risk: 15/100.,0.0,0.0,1e-04,0.0,0.9999,0.0,0.0,0.53,0.67,N21,VIIRS,n,2.0NRT,D,50.0,,,,,0,n/a
8.95145,77.77085,TamilNadu,895_7777,2026-09-01,854.0,Other/Unknown,0.9999,Other/Unknown,29.4,Medium,0.35,4.04,345.86,300.27,345.86,300.27,11.375,5.241,2.426,104.442,98.363,23.212,,,,0.13070098600339122,1.0,,,0.5,2.0,landcover_code,0.8227,Classified as Other/Unknown (100% confidence). moderately persistent (persistence score 57/100). Intensity score 35/100. Overall risk: 29/100.,0.0,0.0,0.0,0.0,0.9999,0.0,0.0,0.53,0.67,N21,VIIRS,n,2.0NRT,D,50.0,,,,,0,n/a
8.95756,77.42812,TamilNadu,896_7743,2026-08-31,731.0,Other/Unknown,0.9999,Other/Unknown,16.8,Low,0.35,7.03,343.07,299.6,343.07,299.6,5.584,14.373,15.56,100.891,74.215,35.034,,,,0.0,0.0,,,0.5,2.0,landcover_code,1.3973,Classified as Other/Unknown (100% confidence). low persistence / first-seen (persistence score 0/100). Intensity score 45/100. Overall risk: 17/100.,0.0,0.0,0.0,0.0,0.9999,0.0,0.0,0.4,0.6,N21,VIIRS,n,2.0NRT,D,50.0,,,,,0,n/a
8.95907,77.42636,TamilNadu,896_7743,2026-08-31,731.0,Other/Unknown,1.0,Other/Unknown,30.7,Medium,0.35,6.43,336.72,299.34,336.72,299.34,5.341,14.618,15.346,100.643,74.262,35.29,,,,0.13070098600339122,1.0,,,0.5,2.0,landcover_code,1.2979,Classified as Other/Unknown (100% confidence). moderately persistent (persistence score 57/100). Intensity score 43/100. Overall risk: 31/100.,0.0,0.0,0.0,0.0,1.0,0.0,0.0,0.4,0.6,N21,VIIRS,n,2.0NRT,D,50.0,,,,,0,n/a
8.96052,77.90134,TamilNadu,896_7790,2026-08-29,809.0,Industrial,1.0,Industrial,40.9,Medium,0.61,2.91,337.09,300.26,337.09,300.26,14.879,1.259,6.911,93.635,110.316,24.702,Cropland,40.0,105.13359832763672,0.303478291430754,5.474071513319441e-10,0.21998564999966727,0.5358869978321865,1.0,5.0,dist_power_plant_km,7.9388,Classified as Industrial (100% confidence). low persistence / first-seen (persistence score 24/100). Intensity score 30/100. Overall risk: 41/100.,0.0,0.0,1.0,0.0,0.0,0.0,0.0,0.39,0.36,N21,VIIRS,n,2.0NRT,D,50.0,40.0,,,,0,medium
8.98586,77.47747,TamilNadu,899_7748,2026-09-02,835.0,Other/Unknown,0.9999,Other/Unknown,15.1,Low,0.35,3.8,338.9,304.56,338.9,304.56,10.602,11.265,15.283,104.475,79.736,33.218,,,,0.0,0.0,,,0.5,1.0,landcover_code,1.1829,Classified as Other/Unknown (100% confidence). low persistence / first-seen (persistence score 0/100). Intensity score 34/100. Overall risk: 15/100.,0.0,0.0,1e-04,0.0,0.9999,0.0,0.0,0.48,0.48,N21,VIIRS,n,2.0NRT,D,50.0,,,,,0,n/a
8.99345,77.86612,TamilNadu,899_7787,2026-08-28,828.0,Agricultural Burning,0.5526,Other/Unknown,8.2,Low,0.305,4.63,337.63,307.56,337.63,307.56,18.966,2.935,10.815,93.648,109.426,30.002,Cropland,40.0,319.2586975097656,0.20715616162265582,7.685245921847696e-08,,,0.5,3.0,recurrence_score,1.2463,Classified as Agricultural Burning (55% confidence). low persistence / first-seen (persistence score 10/100). Intensity score 37/100. Overall risk: 8/100.,0.5526,0.0,0.0,0.0,0.4474,0.0,0.0,0.4,0.44,N21,VIIRS,n,2.0NRT,D,50.0,40.0,,,,0,n/a
9.04664,77.71947,TamilNadu,905_7772,2026-09-02,835.0,Other/Unknown,0.9999,Other/Unknown,16.1,Low,0.35,5.58,339.28,306.41,339.28,306.41,20.712,7.91,9.947,102.095,101.525,31.809,,,,0.0,0.0,,,0.5,2.0,landcover_code,0.8241,Classified as Other/Unknown (100% confidence). low persistence / first-seen (persistence score 0/100). Intensity score 41/100. Overall risk: 16/100.,0.0,0.0,0.0,0.0,0.9999,0.0,0.0,0.5,0.49,N21,VIIRS,n,2.0NRT,D,50.0,,,,,0,n/a
9.04555,77.72089,TamilNadu,905_7772,2026-09-02,835.0,Other/Unknown,0.9999,Other/Unknown,30.2,Medium,0.35,5.52,341.89,305.84,341.89,305.84,20.722,7.863,9.778,102.04,101.544,31.711,,,,0.13070098600339122,1.0,,,0.5,2.0,landcover_code,0.8189,Classified as Other/Unknown (100% confidence). moderately persistent (persistence score 57/100). Intensity score 41/100. Overall risk: 30/100.,0.0,0.0,0.0,0.0,0.9999,0.0,0.0,0.5,0.49,N21,VIIRS,n,2.0NRT,D,50.0,,,,,0,n/a
9.06493,77.68907,TamilNadu,906_7769,2026-08-28,828.0,Agricultural Burning,0.7263,Other/Unknown,9.1,Low,0.323,4.13,340.71,305.91,340.71,305.91,21.332,10.01,13.266,103.659,100.785,33.551,Cropland,40.0,260.4245910644531,0.20715616162265582,2.6550850812802965e-08,,,0.5,3.0,recurrence_score,1.2723,Classified as Agricultural Burning (73% confidence). low persistence / first-seen (persistence score 10/100). Intensity score 35/100. Overall risk: 9/100.,0.7263,0.0,0.0,0.0,0.2737,0.0,0.0,0.39,0.44,N21,VIIRS,n,2.0NRT,D,50.0,40.0,,,,0,n/a
9.06696,77.89515,TamilNadu,907_7790,2026-08-31,2008.0,Other/Unknown,0.9999,Other/Unknown,12.1,Low,0.35,0.92,314.44,295.57,314.44,295.57,12.819,8.215,12.688,85.7,117.081,33.613,,,,0.0,0.0,,,0.5,1.0,landcover_code,1.1173,Classified as Other/Unknown (100% confidence). low persistence / first-seen (persistence score 0/100). Intensity score 14/100. Overall risk: 12/100.,0.0,0.0,1e-04,0.0,0.9999,0.0,0.0,0.45,0.39,N21,VIIRS,n,2.0NRT,N,50.0,,,,,0,n/a
9.07731,77.57346,TamilNadu,908_7757,2026-08-28,828.0,Other/Unknown,0.9999,Other/Unknown,15.2,Low,0.35,4.03,342.45,305.29,342.45,305.29,23.854,3.375,20.301,110.9,94.049,36.793,,,,0.0,0.0,,,0.5,2.0,landcover_code,1.18,Classified as Other/Unknown (100% confidence). low persistence / first-seen (persistence score 0/100). Intensity score 35/100. Overall risk: 15/100.,0.0,0.0,0.0,0.0,0.9999,0.0,0.0,0.38,0.43,N21,VIIRS,n,2.0NRT,D,50.0,,,,,0,n/a
9.0767,77.56914,TamilNadu,908_7757,2026-08-28,828.0,Other/Unknown,0.9999,Other/Unknown,29.9,Medium,0.35,4.9,338.85,306.27,338.85,306.27,23.403,3.005,19.834,110.465,93.723,36.881,,,,0.13070098600339122,1.0,,,0.5,2.0,landcover_code,1.1745,Classified as Other/Unknown (100% confidence). moderately persistent (persistence score 57/100). Intensity score 38/100. Overall risk: 30/100.,0.0,0.0,0.0,0.0,0.9999,0.0,0.0,0.57,0.43,N21,VIIRS,n,2.0NRT,D,50.0,,,,,0,n/a
9.08281,77.96626,TamilNadu,908_7797,2026-08-27,848.0,Other/Unknown,0.9998,Other/Unknown,22.3,Low,0.326,3.55,331.57,294.28,331.57,294.28,11.578,7.627,12.064,78.847,124.219,31.139,Shrubland,20.0,120.3937759399414,0.303478291430754,8.429369702178827e-08,0.45270432190392235,0.5113929999685998,1.0,5.0,landcover_code,-0.7351,Classified as Other/Unknown (100% confidence). low persistence / first-seen (persistence score 30/100). Intensity score 33/100. Overall risk: 22/100.,0.0,0.0,1e-04,0.0,0.9998,0.0,1e-04,0.43,0.62,N21,VIIRS,n,2.0NRT,D,50.0,20.0,,,,0,n/a
9.11347,77.46972,TamilNadu,911_7747,2026-09-01,854.0,Other/Unknown,1.0,Other/Unknown,25.4,Medium,0.383,9.51,367.0,299.16,367.0,299.16,17.992,11.051,9.157,98.838,91.601,45.224,Shrubland,20.0,313.40631103515625,0.303478291430754,1.3478745123747529e-09,0.5665711463714367,0.4250038575905209,1.0,5.0,dist_quarry_km,1.5621,Classified as Other/Unknown (100% confidence). moderately persistent (persistence score 31/100). Intensity score 51/100. Overall risk: 25/100.,0.0,0.0,0.0,0.0,1.0,0.0,0.0,0.51,0.66,N21,VIIRS,h,2.0NRT,D,90.0,20.0,,,,0,n/a
9.11486,77.77372,TamilNadu,911_7777,2026-08-30,750.0,Other/Unknown,0.9998,Other/Unknown,22.0,Low,0.321,3.44,331.27,292.81,331.27,292.81,11.091,2.511,17.021,92.851,111.134,40.441,Shrubland,20.0,269.755126953125,0.337857147626047,2.98023223876953e-08,0.442653458589346,0.378654877435747,1.0,6.0,landcover_code,-0.7023,Classified as Other/Unknown (100% confidence). low persistence / first-seen (persistence score 29/100). Intensity score 32/100. Overall risk: 22/100.,0.0,0.0,1e-04,0.0,0.9998,0.0,1e-04,0.54,0.42,N21,VIIRS,n,2.0NRT,D,50.0,20.0,,,,0,n/a
9.12569,77.41118,TamilNadu,913_7741,2026-09-02,835.0,Other/Unknown,0.9999,Other/Unknown,14.2,Low,0.35,2.64,334.03,303.06,334.03,303.06,16.124,17.275,4.448,92.288,90.068,49.901,,,,0.0,0.0,,,0.5,1.0,landcover_code,0.9069,Classified as Other/Unknown (100% confidence). low persistence / first-seen (persistence score 0/100). Intensity score 28/100. Overall risk: 14/100.,0.0,0.0,0.0,0.0,0.9999,0.0,0.0,0.47,0.48,N21,VIIRS,n,2.0NRT,D,50.0,,,,,0,n/a
9.18647,77.63859,TamilNadu,919_7764,2026-08-27,848.0,Other/Unknown,1.0,Other/Unknown,12.0,Low,0.35,0.83,330.03,292.53,330.03,292.53,16.306,10.518,13.638,101.686,108.102,47.259,,,,0.0,0.0,,,0.5,2.0,landcover_code,1.3982,Classified as Other/Unknown (100% confidence). low persistence / first-seen (persistence score 0/100). Intensity score 13/100. Overall risk: 12/100.,0.0,0.0,0.0,0.0,1.0,0.0,0.0,0.41,0.6,N21,VIIRS,n,2.0NRT,D,50.0,,,,,0,n/a
9.18691,77.63944,TamilNadu,919_7764,2026-08-27,848.0,Other/Unknown,1.0,Other/Unknown,26.8,Medium,0.35,1.26,331.4,291.35,331.4,291.35,16.323,10.452,13.551,101.581,108.195,47.299,,,,0.13070098600339122,1.0,,,0.5,2.0,landcover_code,1.3706,Classified as Other/Unknown (100% confidence). moderately persistent (persistence score 57/100). Intensity score 18/100. Overall risk: 27/100.,0.0,0.0,0.0,0.0,1.0,0.0,0.0,0.41,0.6,N21,VIIRS,n,2.0NRT,D,50.0,,,,,0,n/a
9.18652,77.78751,TamilNadu,919_7779,2026-08-28,828.0,Other/Unknown,1.0,Other/Unknown,19.1,Low,0.35,15.58,350.7,307.2,350.7,307.2,4.671,5.57,12.018,87.284,118.079,48.534,,,,0.0,0.0,,,0.5,1.0,landcover_code,1.3646,Classified as Other/Unknown (100% confidence). low persistence / first-seen (persistence score 0/100). Intensity score 61/100. Overall risk: 19/100.,0.0,0.0,0.0,0.0,1.0,0.0,0.0,0.4,0.44,N21,VIIRS,n,2.0NRT,D,50.0,,,,,0,n/a
9.20358,77.94232,TamilNadu,920_7794,2026-08-27,848.0,Other/Unknown,1.0,Other/Unknown,15.5,Low,0.35,4.47,343.32,296.38,343.32,296.38,7.076,6.98,23.974,72.045,131.141,44.587,,,,0.0,0.0,,,0.5,1.0,landcover_code,1.3683,Classified as Other/Unknown (100% confidence). low persistence / first-seen (persistence score 0/100). Intensity score 37/100. Overall risk: 16/100.,0.0,0.0,0.0,0.0,1.0,0.0,0.0,0.43,0.62,N21,VIIRS,n,2.0NRT,D,50.0,,,,,0,n/a
9.20698,77.93936,TamilNadu,921_7794,2026-08-27,848.0,Agricultural Burning,0.6309,Other/Unknown,9.9,Low,0.313,9.27,332.0,296.61,332.0,296.61,6.582,6.491,23.533,72.085,131.171,45.053,Cropland,40.0,137.7498321533203,0.20715616162265582,5.774931385415409e-12,,,0.5,3.0,recurrence_score,1.2675,Classified as Agricultural Burning (63% confidence). low persistence / first-seen (persistence score 10/100). Intensity score 50/100. Overall risk: 10/100.,0.6309,0.0,0.0,0.0,0.369,0.0,0.0,0.43,0.62,N21,VIIRS,n,2.0NRT,D,50.0,40.0,,,,0,n/a
9.20535,78.30312,TamilNadu,921_7830,2026-08-31,731.0,Other/Unknown,0.9999,Other/Unknown,13.4,Low,0.35,1.84,332.69,302.34,332.69,302.34,13.517,3.316,19.645,46.252,162.074,15.912,,,,0.0,0.0,,,0.5,1.0,landcover_code,1.0683,Classified as Other/Unknown (100% confidence). low persistence / first-seen (persistence score 0/100). Intensity score 23/100. Overall risk: 13/100.,0.0,0.0,1e-04,0.0,0.9999,0.0,0.0,0.34,0.56,N21,VIIRS,n,2.0NRT,D,50.0,,,,,0,n/a
9.22205,78.65817,TamilNadu,922_7866,2026-08-31,731.0,Agricultural Burning,0.8729,Other/Unknown,7.6,Low,0.337,1.05,333.87,305.2,333.87,305.2,21.495,14.968,45.454,45.366,196.391,24.36,Cropland,40.0,174.59739685058594,0.13070098600339122,3.0871472058864208e-24,,,0.5,2.0,recurrence_score,1.5511,Classified as Agricultural Burning (87% confidence). low persistence / first-seen (persistence score 7/100). Intensity score 16/100. Overall risk: 8/100.,0.8729,0.0,0.0,0.0,0.127,0.0,0.0,0.32,0.55,N21,VIIRS,l,2.0NRT,D,20.0,40.0,,,,0,n/a
9.25096,77.98447,TamilNadu,925_7798,2026-09-03,816.0,Other/Unknown,1.0,Other/Unknown,22.7,Low,0.35,48.71,343.73,303.2,343.73,303.2,8.514,3.881,18.971,65.216,138.13,48.353,,,,0.0,0.0,,,0.5,1.0,landcover_code,1.3663,Classified as Other/Unknown (100% confidence). low persistence / first-seen (persistence score 0/100). Intensity score 85/100. Overall risk: 23/100.,0.0,0.0,0.0,0.0,1.0,0.0,0.0,0.42,0.38,N21,VIIRS,n,2.0NRT,D,50.0,,,,,0,n/a
9.26581,77.91255,TamilNadu,927_7791,2026-08-28,828.0,Industrial,1.0,Industrial,48.1,Medium,0.749,5.95,344.05,295.15,344.05,295.15,1.156,0.767,19.094,70.985,133.803,52.211,Shrubland,20.0,639.79736328125,0.337857147626047,2.6957490247495107e-09,0.49815000844212043,0.4531092549799415,1.0,6.0,dist_power_plant_km,2.5327,Classified as Industrial (100% confidence). moderately persistent (persistence score 31/100). Intensity score 42/100. Overall risk: 48/100.,0.0,0.0,1.0,0.0,0.0,0.0,0.0,0.4,0.44,N21,VIIRS,n,2.0NRT,D,50.0,20.0,,,,0,medium
9.2775,78.39238,TamilNadu,928_7839,2026-08-28,828.0,Other/Unknown,0.9999,Other/Unknown,16.9,Low,0.35,4.12,332.61,300.75,332.61,300.75,7.38,6.215,25.661,35.447,174.691,13.377,Shrubland,20.0,179.1461944580078,0.13070098600339122,1.440205096411353e-24,,,0.5,2.0,dist_industrial_zone_km,1.2902,Classified as Other/Unknown (100% confidence). low persistence / first-seen (persistence score 7/100). Intensity score 35/100. Overall risk: 17/100.,0.0,0.0,0.0,0.0,0.9999,0.0,0.0,0.43,0.46,N21,VIIRS,n,2.0NRT,D,50.0,20.0,,,,0,n/a
9.27803,78.39629,TamilNadu,928_7840,2026-08-28,828.0,Other/Unknown,0.9999,Other/Unknown,16.9,Low,0.35,4.12,348.85,302.26,348.85,302.26,7.231,6.336,26.076,35.286,175.078,13.259,Tree cover,10.0,189.017333984375,0.13070098600339122,2.715483399622633e-11,,,0.5,3.0,dist_industrial_zone_km,1.3057,Classified as Other/Unknown (100% confidence). low persistence / first-seen (persistence score 7/100). Intensity score 35/100. Overall risk: 17/100.,0.0,0.0,0.0,0.0,0.9999,0.0,0.0,0.43,0.46,N21,VIIRS,n,2.0NRT,D,50.0,10.0,,,,0,n/a
9.28223,78.3957,TamilNadu,928_7840,2026-08-28,828.0,Other/Unknown,0.9999,Other/Unknown,30.2,Medium,0.35,3.85,342.73,301.7,342.73,301.7,7.68,6.785,25.945,34.848,175.29,13.715,Tree cover,10.0,189.017333984375,0.20715616162265582,1.0,,,0.5,3.0,dist_industrial_zone_km,1.3522,Classified as Other/Unknown (100% confidence). moderately persistent (persistence score 60/100). Intensity score 34/100. Overall risk: 30/100.,0.0,0.0,0.0,0.0,0.9999,0.0,0.0,0.43,0.46,N21,VIIRS,n,2.0NRT,D,50.0,10.0,,,,0,n/a
9.30188,77.40331,TamilNadu,930_7740,2026-08-29,2046.0,Other/Unknown,1.0,Other/Unknown,19.8,Low,0.315,0.96,309.77,290.41,309.77,290.41,3.489,17.043,7.936,87.877,86.99,58.474,Tree cover,10.0,539.071533203125,0.3669240563744024,1.5960904124871435e-11,0.42973886189171373,0.45802548711447777,1.0,7.0,dist_industrial_zone_km,1.2981,Classified as Other/Unknown (100% confidence). moderately persistent (persistence score 30/100). Intensity score 15/100. Overall risk: 20/100.,0.0,0.0,0.0,0.0,1.0,0.0,0.0,0.46,0.47,N21,VIIRS,n,2.0NRT,N,50.0,10.0,,,,0,n/a
9.33282,78.42058,TamilNadu,933_7842,2026-08-28,828.0,Other/Unknown,0.9999,Other/Unknown,16.6,Low,0.35,6.56,341.42,303.56,341.42,303.56,11.518,10.178,27.676,28.761,180.763,18.482,,,,0.0,0.0,,,0.5,1.0,landcover_code,1.2097,Classified as Other/Unknown (100% confidence). low persistence / first-seen (persistence score 0/100). Intensity score 44/100. Overall risk: 17/100.,0.0,0.0,1e-04,0.0,0.9999,0.0,0.0,0.44,0.46,N21,VIIRS,n,2.0NRT,D,50.0,,,,,0,n/a
9.37102,77.52661,TamilNadu,937_7753,2026-08-28,828.0,Agricultural Burning,0.8542,Other/Unknown,8.9,Low,0.335,3.24,334.6,305.85,334.6,305.85,4.984,3.295,3.277,101.161,98.713,69.616,Cropland,40.0,358.0877990722656,0.13070098600339122,4.41401467408706e-08,,,0.5,2.0,recurrence_score,1.5513,Classified as Agricultural Burning (85% confidence). low persistence / first-seen (persistence score 7/100). Intensity score 31/100. Overall risk: 9/100.,0.8542,0.0,0.0,0.0,0.1458,0.0,0.0,0.38,0.43,N21,VIIRS,l,2.0NRT,D,20.0,40.0,,,,0,n/a
9.37401,78.6227,TamilNadu,937_7862,2026-08-28,828.0,Other/Unknown,0.9999,Other/Unknown,16.1,Low,0.35,5.53,341.48,302.93,341.48,302.93,11.181,9.12,28.91,28.819,186.716,26.412,,,,0.0,0.0,,,0.5,1.0,landcover_code,1.0863,Classified as Other/Unknown (100% confidence). low persistence / first-seen (persistence score 0/100). Intensity score 41/100. Overall risk: 16/100.,0.0,0.0,1e-04,0.0,0.9999,0.0,0.0,0.45,0.47,N21,VIIRS,n,2.0NRT,D,50.0,,,,,0,n/a
9.38556,77.56399,TamilNadu,939_7756,2026-08-27,848.0,Industrial,1.0,Industrial,34.8,Medium,0.75,4.92,330.37,292.71,330.37,292.71,0.933,3.998,5.707,99.519,102.555,70.333,Tree cover,10.0,769.6910400390625,0.13070098600339122,5.091893949859452e-25,,,0.5,2.0,dist_industrial_zone_km,4.3332,Classified as Industrial (100% confidence). low persistence / first-seen (persistence score 7/100). Intensity score 39/100. Overall risk: 35/100.,0.0,0.0,1.0,0.0,0.0,0.0,0.0,0.4,0.6,N21,VIIRS,n,2.0NRT,D,50.0,10.0,,,,0,medium
9.39075,78.88336,TamilNadu,939_7888,2026-08-26,726.0,Other/Unknown,1.0,Other/Unknown,14.4,Low,0.35,2.89,336.06,291.74,336.06,291.74,4.867,3.11,50.158,50.074,170.327,5.638,,,,0.0,0.0,,,0.5,1.0,landcover_code,1.3803,Classified as Other/Unknown (100% confidence). low persistence / first-seen (persistence score 0/100). Intensity score 29/100. Overall risk: 14/100.,0.0,0.0,0.0,0.0,1.0,0.0,0.0,0.4,0.6,N21,VIIRS,n,2.0NRT,D,50.0,,,,,0,n/a
9.40914,78.81119,TamilNadu,941_7881,2026-08-28,828.0,Other/Unknown,0.9999,Other/Unknown,14.9,Low,0.35,1.73,334.12,300.42,334.12,300.42,4.984,10.475,42.172,42.086,172.327,9.041,Tree cover,10.0,446.3943176269531,0.13070098600339122,3.115458025752465e-17,,,0.5,3.0,dist_industrial_zone_km,1.5159,Classified as Other/Unknown (100% confidence). low persistence / first-seen (persistence score 7/100). Intensity score 22/100. Overall risk: 15/100.,1e-04,0.0,1e-04,0.0,0.9999,0.0,0.0,0.46,0.47,N21,VIIRS,n,2.0NRT,D,50.0,10.0,,,,0,n/a
9.40697,78.81196,TamilNadu,941_7881,2026-08-28,828.0,Other/Unknown,0.9999,Other/Unknown,30.2,Medium,0.35,3.78,338.76,301.08,338.76,301.08,4.816,10.29,42.36,42.274,172.494,8.799,Tree cover,10.0,446.3943176269531,0.20715616162265582,1.0,,,0.5,3.0,dist_industrial_zone_km,1.5599,Classified as Other/Unknown (100% confidence). moderately persistent (persistence score 60/100). Intensity score 34/100. Overall risk: 30/100.,0.0,0.0,1e-04,0.0,0.9999,0.0,0.0,0.46,0.47,N21,VIIRS,n,2.0NRT,D,50.0,10.0,,,,0,n/a
9.4172,77.50932,TamilNadu,942_7751,2026-08-28,828.0,Mining/Extraction,1.0,Mining/Extraction,26.7,Medium,0.75,3.45,337.26,307.6,337.26,307.6,2.399,8.475,1.46,99.451,96.202,68.9,,,,0.0,0.0,,,0.5,2.0,dist_quarry_km,4.3539,Classified as Mining/Extraction (100% confidence). low persistence / first-seen (persistence score 0/100). Intensity score 32/100. Overall risk: 27/100.,0.0,0.0,0.0,1.0,0.0,0.0,0.0,0.38,0.43,N21,VIIRS,l,2.0NRT,D,20.0,,,,,0,medium
9.41918,77.50965,TamilNadu,942_7751,2026-08-31,731.0,Mining/Extraction,1.0,Mining/Extraction,49.2,Medium,0.75,2.45,335.16,299.91,335.16,299.91,2.583,8.645,1.682,99.502,96.217,68.695,,,,0.13070098600339122,0.9330329915368074,,,0.5,2.0,dist_quarry_km,4.3563,Classified as Mining/Extraction (100% confidence). moderately persistent (persistence score 53/100). Intensity score 27/100. Overall risk: 49/100.,0.0,0.0,0.0,1.0,0.0,0.0,0.0,0.38,0.59,N21,VIIRS,n,2.0NRT,D,50.0,,,,,0,medium
9.42272,78.75917,TamilNadu,942_7876,2026-08-29,809.0,Other/Unknown,0.9999,Other/Unknown,17.7,Low,0.35,3.76,331.63,290.73,331.63,290.73,6.758,16.285,36.449,36.362,173.961,14.189,Tree cover,10.0,314.1198425292969,0.20715616162265582,1.1556929065538487e-08,,,0.5,3.0,dist_industrial_zone_km,1.5396,Classified as Other/Unknown (100% confidence). low persistence / first-seen (persistence score 10/100). Intensity score 34/100. Overall risk: 18/100.,0.0,0.0,0.0,0.0,0.9999,0.0,0.0,0.4,0.37,N21,VIIRS,n,2.0NRT,D,50.0,10.0,,,,0,n/a
9.44347,77.66592,TamilNadu,944_7767,2026-08-30,750.0,Agricultural Burning,0.7633,Other/Unknown,9.7,Low,0.326,7.48,337.18,295.43,337.18,295.43,2.048,14.966,3.884,86.712,113.106,72.31,Cropland,40.0,473.27923583984375,0.13070098600339122,1.0665421215427397e-24,,,0.5,3.0,recurrence_score,1.5425,Classified as Agricultural Burning (76% confidence). low persistence / first-seen (persistence score 7/100). Intensity score 46/100. Overall risk: 10/100.,0.7633,0.0,0.0006,0.0,0.2361,0.0,0.0,0.55,0.42,N21,VIIRS,n,2.0NRT,D,50.0,40.0,,,,0,n/a
9.44426,77.67081,TamilNadu,944_7767,2026-08-30,750.0,Agricultural Burning,0.504,Other/Unknown,17.6,Low,0.3,16.1,348.44,298.89,348.44,298.89,2.573,15.148,3.356,86.183,113.636,72.485,Cropland,40.0,473.27923583984375,0.20715616162265582,1.0,,,0.5,3.0,recurrence_score,1.1568,Classified as Agricultural Burning (50% confidence). moderately persistent (persistence score 60/100). Intensity score 62/100. Overall risk: 18/100.,0.504,0.0,0.0002,0.0,0.4958,0.0,0.0,0.54,0.42,N21,VIIRS,n,2.0NRT,D,50.0,40.0,,,,0,n/a
9.44579,77.66801,TamilNadu,945_7767,2026-08-30,750.0,Agricultural Burning,0.64,Other/Unknown,11.1,Low,0.314,17.27,351.06,297.64,351.06,297.64,2.259,15.068,3.681,86.402,113.32,72.19,Cropland,40.0,309.56787109375,0.20715616162265582,2.5305382471647086e-17,,,0.5,4.0,recurrence_score,1.2611,Classified as Agricultural Burning (64% confidence). low persistence / first-seen (persistence score 10/100). Intensity score 63/100. Overall risk: 11/100.,0.64,0.0,0.0002,0.0,0.3598,0.0,0.0,0.54,0.42,N21,VIIRS,n,2.0NRT,D,50.0,40.0,,,,0,n/a
9.44849,77.66959,TamilNadu,945_7767,2026-09-02,835.0,Other/Unknown,0.9997,Other/Unknown,34.8,Medium,0.43,21.3,341.36,308.53,341.36,308.53,2.45,14.732,3.564,86.128,113.477,72.007,Cropland,40.0,309.56787109375,0.26140197200678245,0.9330329915368074,0.6607563687658172,0.6476602706167442,1.0,4.0,dist_industrial_zone_km,0.74,Classified as Other/Unknown (100% confidence). moderately persistent (persistence score 59/100). Intensity score 67/100. Overall risk: 35/100.,0.0,0.0,0.0002,0.0,0.9997,0.0,0.0,0.5,0.49,N21,VIIRS,n,2.0NRT,D,50.0,40.0,,,,0,n/a
9.46896,78.68177,TamilNadu,947_7868,2026-09-02,835.0,Other/Unknown,0.9999,Other/Unknown,17.3,Low,0.35,4.74,340.97,299.01,340.97,299.01,4.265,12.046,26.526,26.44,174.35,24.078,Tree cover,10.0,286.7950744628906,0.13070098600339122,1.267592848764147e-08,,,0.5,2.0,dist_industrial_zone_km,1.5156,Classified as Other/Unknown (100% confidence). low persistence / first-seen (persistence score 7/100). Intensity score 38/100. Overall risk: 17/100.,0.0,0.0,1e-04,0.0,0.9999,0.0,0.0,0.58,0.52,N21,VIIRS,n,2.0NRT,D,50.0,10.0,,,,0,n/a
9.49544,78.76971,TamilNadu,950_7877,2026-08-29,809.0,Wildfire,0.9994,Wildfire,20.9,Low,0.35,4.96,340.22,281.45,340.22,281.45,13.263,19.995,34.241,34.163,166.513,19.548,Tree cover,10.0,300.7772216796875,0.13070098600339122,1.0594389606422784e-19,,,0.5,2.0,landcover_code,3.4269,Classified as Wildfire (100% confidence). low persistence / first-seen (persistence score 7/100). Intensity score 39/100. Overall risk: 21/100.,0.0,0.0,0.0,0.0,0.0006,0.0,0.9994,0.4,0.37,N21,VIIRS,n,2.0NRT,D,50.0,10.0,,,,0,n/a
9.53326,78.18642,TamilNadu,953_7819,2026-08-28,828.0,Mining/Extraction,1.0,Mining/Extraction,35.6,Medium,0.75,11.28,344.34,307.81,344.34,307.81,3.221,3.828,1.415,31.882,170.033,49.413,Shrubland,20.0,300.7857971191406,0.13070098600339122,3.866021117887037e-16,,,0.5,2.0,dist_quarry_km,4.508,Classified as Mining/Extraction (100% confidence). low persistence / first-seen (persistence score 7/100). Intensity score 54/100. Overall risk: 36/100.,0.0,0.0,0.0,1.0,0.0,0.0,0.0,0.42,0.45,N21,VIIRS,n,2.0NRT,D,50.0,20.0,,,,0,medium
9.52986,78.55909,TamilNadu,953_7856,2026-08-31,731.0,Other/Unknown,1.0,Other/Unknown,19.6,Low,0.35,10.57,344.82,295.68,344.82,295.68,9.625,8.657,11.51,11.422,177.164,35.594,Tree cover,10.0,402.3238525390625,0.13070098600339122,4.583566078126293e-12,,,0.5,2.0,dist_industrial_zone_km,1.3185,Classified as Other/Unknown (100% confidence). low persistence / first-seen (persistence score 7/100). Intensity score 53/100. Overall risk: 20/100.,0.0,0.0,0.0,0.0,1.0,0.0,0.0,0.32,0.55,N21,VIIRS,n,2.0NRT,D,50.0,10.0,,,,0,n/a
9.53541,78.18616,TamilNadu,954_7819,2026-08-28,828.0,Mining/Extraction,1.0,Mining/Extraction,30.8,Medium,0.75,7.91,344.4,306.73,344.4,306.73,3.421,3.993,1.453,31.867,170.009,49.626,,,,0.0,0.0,,,0.5,1.0,dist_quarry_km,4.407,Classified as Mining/Extraction (100% confidence). low persistence / first-seen (persistence score 0/100). Intensity score 47/100. Overall risk: 31/100.,0.0,0.0,0.0,1.0,0.0,0.0,0.0,0.42,0.46,N21,VIIRS,n,2.0NRT,D,50.0,,,,,0,medium
9.55345,78.51564,TamilNadu,955_7852,2026-08-28,828.0,Other/Unknown,1.0,Other/Unknown,23.1,Low,0.35,54.45,341.09,308.43,341.09,308.43,6.028,12.765,6.106,6.016,178.285,34.64,,,,0.0,0.0,,,0.5,1.0,landcover_code,1.3113,Classified as Other/Unknown (100% confidence). low persistence / first-seen (persistence score 0/100). Intensity score 87/100. Overall risk: 23/100.,0.0,0.0,0.0,0.0,1.0,0.0,0.0,0.45,0.47,N21,VIIRS,n,2.0NRT,D,50.0,,,,,0,n/a
9.56769,77.5301,TamilNadu,957_7753,2026-09-01,1947.0,Wildfire,0.9209,Wildfire,19.8,Low,0.342,3.24,311.36,286.65,311.36,286.65,11.124,18.777,10.143,96.982,98.299,53.569,Grassland,30.0,147.6165313720703,0.20715616162265582,3.318856351600364e-09,,,0.5,4.0,landcover_code,2.9118,Classified as Wildfire (92% confidence). low persistence / first-seen (persistence score 10/100). Intensity score 31/100. Overall risk: 20/100.,0.0,0.0,0.0,0.0,0.0791,0.0,0.9209,0.63,0.54,N21,VIIRS,n,2.0NRT,N,50.0,30.0,,,,0,n/a
9.57271,77.53027,TamilNadu,957_7753,2026-09-01,1947.0,Wildfire,0.9976,Wildfire,32.6,Medium,0.333,2.62,304.62,286.81,304.62,286.81,11.349,18.553,10.278,96.855,98.361,53.054,Grassland,30.0,147.6165313720703,0.26140197200678245,1.0,0.46692337763389535,0.4142135623730951,1.0,4.0,landcover_code,3.2534,Classified as Wildfire (100% confidence). moderately persistent (persistence score 52/100). Intensity score 28/100. Overall risk: 33/100.,0.0,0.0,0.0,0.0,0.0024,0.0,0.9976,0.63,0.54,N21,VIIRS,n,2.0NRT,N,50.0,30.0,,,,0,n/a
9.57194,77.53596,TamilNadu,957_7754,2026-09-01,1947.0,Other/Unknown,0.9999,Other/Unknown,15.8,Low,0.35,2.62,318.87,286.52,318.87,286.52,10.757,18.004,9.657,96.259,98.976,53.358,Tree cover,10.0,136.2432403564453,0.13070098600339122,3.318856351600364e-09,,,0.5,2.0,dist_quarry_km,1.0669,Classified as Other/Unknown (100% confidence). low persistence / first-seen (persistence score 7/100). Intensity score 28/100. Overall risk: 16/100.,0.0,0.0,0.0,0.0,0.9999,0.0,1e-04,0.63,0.54,N21,VIIRS,n,2.0NRT,N,50.0,10.0,,,,0,n/a
9.58125,77.54169,TamilNadu,958_7754,2026-09-01,1947.0,Other/Unknown,0.9999,Other/Unknown,15.1,Low,0.35,3.82,309.06,288.53,309.06,288.53,10.759,17.05,9.453,95.445,99.689,52.633,,,,0.0,0.0,,,0.5,2.0,landcover_code,0.9381,Classified as Other/Unknown (100% confidence). low persistence / first-seen (persistence score 0/100). Intensity score 34/100. Overall risk: 15/100.,0.0,0.0,0.0,0.0,0.9999,0.0,0.0,0.63,0.54,N21,VIIRS,n,2.0NRT,N,50.0,,,,,0,n/a
9.58245,77.54297,TamilNadu,958_7754,2026-09-01,1947.0,Other/Unknown,1.0,Other/Unknown,30.8,Medium,0.35,6.72,326.75,289.94,326.75,289.94,10.721,16.874,9.385,95.282,99.841,52.564,,,,0.13070098600339122,1.0,,,0.5,2.0,landcover_code,0.8702,Classified as Other/Unknown (100% confidence). moderately persistent (persistence score 57/100). Intensity score 44/100. Overall risk: 31/100.,0.0,0.0,0.0,0.0,1.0,0.0,0.0,0.63,0.54,N21,VIIRS,n,2.0NRT,N,50.0,,,,,0,n/a
9.58051,77.54716,TamilNadu,958_7755,2026-09-01,1947.0,Other/Unknown,0.9999,Other/Unknown,16.7,Low,0.35,3.82,331.25,289.78,331.25,289.78,10.222,16.514,8.877,94.871,100.279,52.941,Tree cover,10.0,124.5428695678711,0.13070098600339122,3.318856351600364e-09,,,0.5,3.0,dist_quarry_km,0.9681,Classified as Other/Unknown (100% confidence). low persistence / first-seen (persistence score 7/100). Intensity score 34/100. Overall risk: 17/100.,0.0,0.0,0.0,0.0,0.9999,0.0,1e-04,0.63,0.54,N21,VIIRS,n,2.0NRT,N,50.0,10.0,,,,0,n/a
9.58175,77.54842,TamilNadu,958_7755,2026-09-01,1947.0,Other/Unknown,0.9999,Other/Unknown,31.5,Medium,0.35,6.28,322.31,289.54,322.31,289.54,10.194,16.337,8.816,94.71,100.429,52.868,Tree cover,10.0,124.5428695678711,0.20715616162265582,1.0,,,0.5,3.0,dist_quarry_km,1.0013,Classified as Other/Unknown (100% confidence). moderately persistent (persistence score 60/100). Intensity score 43/100. Overall risk: 32/100.,0.0,0.0,0.0,0.0,0.9999,0.0,0.0,0.63,0.54,N21,VIIRS,n,2.0NRT,N,50.0,10.0,,,,0,n/a
9.58542,77.54805,TamilNadu,959_7755,2026-09-01,1947.0,Other/Unknown,0.9999,Other/Unknown,15.1,Low,0.35,3.82,310.36,289.06,310.36,289.06,10.477,16.24,9.047,94.674,100.426,52.477,,,,0.0,0.0,,,0.5,1.0,landcover_code,0.9382,Classified as Other/Unknown (100% confidence). low persistence / first-seen (persistence score 0/100). Intensity score 34/100. Overall risk: 15/100.,0.0,0.0,0.0,0.0,0.9999,0.0,0.0,0.63,0.54,N21,VIIRS,n,2.0NRT,N,50.0,,,,,0,n/a
9.5979,77.7906,TamilNadu,960_7779,2026-09-01,854.0,Other/Unknown,0.9999,Other/Unknown,19.6,Low,0.35,18.25,343.48,299.17,343.48,299.17,9.018,8.319,13.47,68.363,127.038,66.598,,,,0.0,0.0,,,0.5,1.0,landcover_code,1.3663,Classified as Other/Unknown (100% confidence). low persistence / first-seen (persistence score 0/100). Intensity score 64/100. Overall risk: 20/100.,0.0,0.0,0.0,0.0,0.9999,0.0,0.0,0.54,0.68,N21,VIIRS,n,2.0NRT,D,50.0,,,,,0,n/a
9.59852,77.79555,TamilNadu,960_7780,2026-09-01,854.0,Other/Unknown,0.9999,Other/Unknown,20.1,Low,0.35,12.55,335.09,296.83,335.09,296.83,9.111,7.855,13.521,67.819,127.585,66.936,Grassland,30.0,523.8241577148438,0.13070098600339122,2.5928565246877873e-11,,,0.5,2.0,dist_industrial_zone_km,1.3025,Classified as Other/Unknown (100% confidence). low persistence / first-seen (persistence score 7/100). Intensity score 56/100. Overall risk: 20/100.,0.0,0.0,1e-04,0.0,0.9999,0.0,0.0,0.54,0.68,N21,VIIRS,n,2.0NRT,D,50.0,30.0,,,,0,n/a
9.6286,78.5695,TamilNadu,963_7857,2026-08-29,809.0,Other/Unknown,1.0,Other/Unknown,13.0,Low,0.35,1.55,330.03,290.39,330.03,290.39,11.678,19.519,11.688,11.659,168.119,24.729,,,,0.0,0.0,,,0.5,2.0,landcover_code,1.207,Classified as Other/Unknown (100% confidence). low persistence / first-seen (persistence score 0/100). Intensity score 20/100. Overall risk: 13/100.,0.0,0.0,0.0,0.0,1.0,0.0,0.0,0.4,0.37,N21,VIIRS,n,2.0NRT,D,50.0,,,,,0,n/a
9.63193,78.56899,TamilNadu,963_7857,2026-08-29,809.0,Other/Unknown,1.0,Other/Unknown,27.2,Medium,0.35,1.55,332.81,289.55,332.81,289.55,11.781,19.89,11.788,11.762,167.882,24.395,,,,0.13070098600339122,1.0,,,0.5,2.0,landcover_code,1.1478,Classified as Other/Unknown (100% confidence). moderately persistent (persistence score 57/100). Intensity score 20/100. Overall risk: 27/100.,0.0,0.0,0.0,0.0,1.0,0.0,0.0,0.4,0.37,N21,VIIRS,n,2.0NRT,D,50.0,,,,,0,n/a
9.6418,77.65417,TamilNadu,964_7765,2026-08-31,731.0,Other/Unknown,0.9995,Other/Unknown,21.2,Low,0.335,2.09,330.61,299.92,330.61,299.92,10.649,3.893,11.395,82.189,112.709,52.996,Tree cover,10.0,715.2035522460938,0.303478291430754,7.006811537048877e-08,0.4703161975780043,0.5081707469078532,1.0,5.0,landcover_code,-0.7472,Classified as Other/Unknown (100% confidence). moderately persistent (persistence score 30/100). Intensity score 24/100. Overall risk: 21/100.,0.0,0.0,0.0002,0.0,0.9995,0.0,0.0003,0.37,0.58,N21,VIIRS,n,2.0NRT,D,50.0,10.0,,,,0,n/a
9.65658,77.64974,TamilNadu,966_7765,2026-08-31,731.0,Other/Unknown,0.9996,Other/Unknown,18.5,Low,0.35,7.4,339.31,304.18,339.31,304.18,12.354,5.021,12.823,82.468,112.468,51.402,Shrubland,20.0,388.5923767089844,0.13070098600339122,4.832526397358803e-17,,,0.5,3.0,dist_power_plant_km,0.4202,Classified as Other/Unknown (100% confidence). low persistence / first-seen (persistence score 7/100). Intensity score 46/100. Overall risk: 18/100.,1e-04,0.0,1e-04,0.0,0.9996,0.0,0.0002,0.37,0.58,N21,VIIRS,n,2.0NRT,D,50.0,20.0,,,,0,n/a
9.65597,77.64645,TamilNadu,966_7765,2026-08-31,731.0,Other/Unknown,0.9997,Other/Unknown,30.5,Medium,0.35,4.33,331.61,303.13,331.61,303.13,12.361,5.295,12.67,82.834,112.101,51.232,Shrubland,20.0,388.5923767089844,0.20715616162265582,1.0,,,0.5,3.0,dist_industrial_zone_km,0.4697,Classified as Other/Unknown (100% confidence). moderately persistent (persistence score 60/100). Intensity score 36/100. Overall risk: 30/100.,1e-04,0.0,1e-04,0.0,0.9997,0.0,1e-04,0.37,0.58,N21,VIIRS,l,2.0NRT,D,20.0,20.0,,,,0,n/a
9.66702,77.4543,TamilNadu,967_7745,2026-08-30,2025.0,Wildfire,0.9997,Wildfire,17.1,Low,0.35,0.68,301.83,284.41,301.83,284.41,24.181,25.946,22.643,99.222,91.582,40.494,Tree cover,10.0,139.38380432128906,0.20715616162265582,6.334088999546106e-12,,,0.5,3.0,landcover_code,3.4221,Classified as Wildfire (100% confidence). low persistence / first-seen (persistence score 10/100). Intensity score 11/100. Overall risk: 17/100.,0.0,0.0,0.0,0.0,0.0003,0.0,0.9997,0.4,0.37,N21,VIIRS,n,2.0NRT,N,50.0,10.0,,,,0,n/a
9.66644,77.4579,TamilNadu,967_7746,2026-08-30,2025.0,Wildfire,0.9997,Wildfire,17.6,Low,0.35,0.88,301.05,284.78,301.05,284.78,23.839,25.546,22.289,99.571,91.956,40.661,Tree cover,10.0,137.74105834960938,0.20715616162265582,2.4369307141939635e-13,,,0.5,3.0,landcover_code,3.4221,Classified as Wildfire (100% confidence). low persistence / first-seen (persistence score 10/100). Intensity score 14/100. Overall risk: 18/100.,0.0,0.0,0.0,0.0,0.0003,0.0,0.9997,0.4,0.37,N21,VIIRS,n,2.0NRT,N,50.0,10.0,,,,0,n/a
9.68469,78.36857,TamilNadu,968_7837,2026-08-28,828.0,Other/Unknown,1.0,Other/Unknown,18.8,Low,0.35,13.95,345.19,307.1,345.19,307.1,6.984,14.144,15.667,6.919,172.052,34.373,,,,0.0,0.0,,,0.5,1.0,landcover_code,1.3956,Classified as Other/Unknown (100% confidence). low persistence / first-seen (persistence score 0/100). Intensity score 59/100. Overall risk: 19/100.,0.0,0.0,0.0,0.0,1.0,0.0,0.0,0.44,0.46,N21,VIIRS,n,2.0NRT,D,50.0,,,,,0,n/a
9.69329,77.82059,TamilNadu,969_7782,2026-08-29,809.0,Agricultural Burning,0.859,Other/Unknown,9.7,Low,0.336,5.11,338.36,305.19,338.36,305.19,14.995,2.116,3.058,63.428,131.604,62.265,Cropland,40.0,318.9766845703125,0.13070098600339122,1.440205096411353e-24,,,0.5,2.0,recurrence_score,1.5444,Classified as Agricultural Burning (86% confidence). low persistence / first-seen (persistence score 7/100). Intensity score 39/100. Overall risk: 10/100.,0.859,0.0,0.0,0.0,0.141,0.0,0.0,0.39,0.36,N21,VIIRS,n,2.0NRT,D,50.0,40.0,,,,0,n/a
9.71414,78.92452,TamilNadu,971_7892,2026-08-31,731.0,Other/Unknown,1.0,Other/Unknown,21.4,Low,0.347,2.93,340.23,296.96,340.23,296.96,9.316,27.566,51.624,51.584,136.878,34.189,Bare / sparse vegetation,60.0,314.46044921875,0.26140197200678245,4.4436090703777594e-13,0.4938336459871496,0.4142135623730951,1.0,4.0,dist_industrial_zone_km,1.134,Classified as Other/Unknown (100% confidence). low persistence / first-seen (persistence score 28/100). Intensity score 30/100. Overall risk: 21/100.,0.0,0.0,0.0,0.0,1.0,0.0,0.0,0.61,0.53,N21,VIIRS,n,2.0NRT,D,50.0,60.0,,,,0,n/a
9.71987,77.97552,TamilNadu,972_7798,2026-08-28,828.0,Industrial,1.0,Industrial,51.6,High,0.756,8.76,346.61,304.06,346.61,304.06,8.257,0.306,8.091,46.286,148.84,74.007,Shrubland,20.0,319.0219116210937,0.4521511235672025,9.530912078887014e-10,0.5121601016944134,0.3246832731479638,1.0,11.0,dist_power_plant_km,8.1024,Classified as Industrial (100% confidence). moderately persistent (persistence score 33/100). Intensity score 49/100. Overall risk: 52/100.,0.0,0.0,1.0,0.0,0.0,0.0,0.0,0.41,0.45,N21,VIIRS,n,2.0NRT,D,50.0,20.0,,,,0,medium
9.72765,77.54507,TamilNadu,973_7755,2026-09-02,835.0,Other/Unknown,0.9999,Other/Unknown,20.9,Low,0.35,27.73,344.84,307.1,344.84,307.1,23.942,18.95,21.885,93.416,102.787,38.298,,,,0.0,0.0,,,0.5,1.0,landcover_code,1.4191,Classified as Other/Unknown (100% confidence). low persistence / first-seen (persistence score 0/100). Intensity score 73/100. Overall risk: 21/100.,0.0,0.0,0.0,0.0,0.9999,0.0,0.0,0.49,0.49,N21,VIIRS,n,2.0NRT,D,50.0,,,,,0,n/a
9.7306,78.41191,TamilNadu,973_7841,2026-08-31,731.0,Industrial,0.9999,Industrial,31.6,Medium,0.75,2.59,337.64,294.09,337.64,294.09,1.783,9.215,17.252,1.835,170.276,27.775,Cropland,40.0,332.8719787597656,0.13070098600339122,1.2356143784983939e-20,,,0.5,2.0,dist_industrial_zone_km,4.1062,Classified as Industrial (100% confidence). low persistence / first-seen (persistence score 7/100). Intensity score 28/100. Overall risk: 32/100.,1e-04,0.0,0.9999,0.0,0.0,0.0,0.0,0.33,0.55,N21,VIIRS,n,2.0NRT,D,50.0,40.0,,,,0,medium
9.75441,77.52235,TamilNadu,975_7752,2026-08-29,2046.0,Other/Unknown,1.0,Other/Unknown,14.8,Low,0.35,3.36,304.88,288.71,304.88,288.71,22.67,22.618,25.604,95.906,101.161,34.456,,,,0.0,0.0,,,0.5,1.0,landcover_code,1.4432,Classified as Other/Unknown (100% confidence). low persistence / first-seen (persistence score 0/100). Intensity score 32/100. Overall risk: 15/100.,0.0,0.0,0.0,0.0,1.0,0.0,0.0,0.46,0.47,N21,VIIRS,n,2.0NRT,N,50.0,,,,,0,n/a
9.75514,77.5182,TamilNadu,976_7752,2026-08-29,2046.0,Agricultural Burning,0.6663,Other/Unknown,8.4,Low,0.317,3.36,336.79,290.51,336.79,290.51,22.432,23.053,25.87,96.362,100.746,34.151,Cropland,40.0,528.5838012695312,0.20715616162265582,4.800341815181654e-12,,,0.5,4.0,recurrence_score,1.2672,Classified as Agricultural Burning (67% confidence). low persistence / first-seen (persistence score 10/100). Intensity score 32/100. Overall risk: 8/100.,0.6663,0.0,0.0,0.0,0.3337,0.0,0.0,0.46,0.47,N21,VIIRS,n,2.0NRT,N,50.0,40.0,,,,0,n/a
9.75646,77.51951,TamilNadu,976_7752,2026-08-29,2046.0,Other/Unknown,1.0,Other/Unknown,30.8,Medium,0.38,6.77,339.71,290.17,339.71,290.17,22.345,22.888,25.941,96.221,100.925,34.099,Cropland,40.0,528.5838012695312,0.26140197200678245,1.0,0.5593439648035594,0.5579752091068999,1.0,4.0,landcover_code,0.8213,Classified as Other/Unknown (100% confidence). moderately persistent (persistence score 57/100). Intensity score 44/100. Overall risk: 31/100.,0.0,0.0,0.0,0.0,1.0,0.0,0.0,0.46,0.47,N21,VIIRS,n,2.0NRT,N,50.0,40.0,,,,0,n/a
9.76943,78.36863,TamilNadu,977_7837,2026-08-31,731.0,Other/Unknown,0.9999,Other/Unknown,16.2,Low,0.35,3.13,332.83,289.29,332.83,289.29,4.549,9.648,12.542,4.536,164.067,30.731,Tree cover,10.0,306.6570129394531,0.13070098600339122,1.411621055109801e-09,,,0.5,2.0,dist_industrial_zone_km,1.3258,Classified as Other/Unknown (100% confidence). low persistence / first-seen (persistence score 7/100). Intensity score 31/100. Overall risk: 16/100.,0.0,0.0,0.0,0.0,0.9999,0.0,0.0,0.33,0.55,N21,VIIRS,n,2.0NRT,D,50.0,10.0,,,,0,n/a
9.80838,77.4108,TamilNadu,981_7741,2026-09-02,835.0,Other/Unknown,0.9999,Other/Unknown,14.3,Low,0.35,2.7,333.03,302.39,333.03,302.39,15.626,34.583,21.901,101.461,91.548,24.082,,,,0.0,0.0,,,0.5,1.0,landcover_code,1.3796,Classified as Other/Unknown (100% confidence). low persistence / first-seen (persistence score 0/100). Intensity score 28/100. Overall risk: 14/100.,0.0,0.0,0.0,0.0,0.9999,0.0,0.0,0.48,0.48,N21,VIIRS,n,2.0NRT,D,50.0,,,,,0,n/a
9.8097,77.88875,TamilNadu,981_7789,2026-08-31,731.0,Agricultural Burning,0.8629,Other/Unknown,9.4,Low,0.336,4.27,340.38,307.56,340.38,307.56,6.317,12.212,8.323,56.269,138.168,62.435,Cropland,40.0,284.8362121582031,0.13070098600339122,8.491077353788714e-10,,,0.5,2.0,recurrence_score,1.5446,Classified as Agricultural Burning (86% confidence). low persistence / first-seen (persistence score 7/100). Intensity score 36/100. Overall risk: 9/100.,0.8629,0.0,0.0,0.0,0.137,0.0,0.0,0.36,0.57,N21,VIIRS,n,2.0NRT,D,50.0,40.0,,,,0,n/a
9.8426,78.13952,TamilNadu,984_7814,2026-08-28,828.0,Other/Unknown,1.0,Other/Unknown,16.5,Low,0.35,6.3,339.23,305.62,339.23,305.62,4.843,6.261,7.722,30.467,144.561,54.813,,,,0.0,0.0,,,0.5,1.0,landcover_code,1.2973,Classified as Other/Unknown (100% confidence). low persistence / first-seen (persistence score 0/100). Intensity score 43/100. Overall risk: 16/100.,0.0,0.0,0.0,0.0,1.0,0.0,0.0,0.42,0.46,N21,VIIRS,n,2.0NRT,D,50.0,,,,,0,n/a
9.8565,78.18187,TamilNadu,986_7818,2026-08-29,809.0,Industrial,1.0,Industrial,43.7,Medium,0.739,2.82,331.13,302.4,331.13,302.4,0.976,11.023,3.331,26.929,145.312,50.205,Tree cover,10.0,535.078369140625,0.303478291430754,8.236842632101639e-08,0.4774216155859278,0.49871765470657364,1.0,5.0,dist_industrial_zone_km,4.0089,Classified as Industrial (100% confidence). moderately persistent (persistence score 30/100). Intensity score 29/100. Overall risk: 44/100.,0.0,0.0,1.0,0.0,0.0,0.0,0.0,0.39,0.36,N21,VIIRS,l,2.0NRT,D,20.0,10.0,,,,0,medium
9.88012,78.4716,TamilNadu,988_7847,2026-08-28,828.0,Industrial,1.0,Industrial,28.6,Medium,0.75,2.73,335.03,303.66,335.03,303.66,0.423,8.713,5.232,17.57,156.787,18.963,,,,0.0,0.0,,,0.5,1.0,dist_industrial_zone_km,4.4039,Classified as Industrial (100% confidence). low persistence / first-seen (persistence score 0/100). Intensity score 29/100. Overall risk: 29/100.,0.0,0.0,1.0,0.0,0.0,0.0,0.0,0.45,0.47,N21,VIIRS,n,2.0NRT,D,50.0,,,,,0,medium
9.91148,78.28306,TamilNadu,991_7828,2026-08-27,848.0,Industrial,1.0,Industrial,32.6,Medium,0.75,3.22,333.73,291.88,333.73,291.88,0.444,9.626,5.839,22.807,145.715,39.884,Tree cover,10.0,867.3855590820312,0.13070098600339122,6.334088999546106e-12,,,0.5,2.0,dist_industrial_zone_km,4.4749,Classified as Industrial (100% confidence). low persistence / first-seen (persistence score 7/100). Intensity score 31/100. Overall risk: 33/100.,0.0,0.0,1.0,0.0,0.0,0.0,0.0,0.46,0.64,N21,VIIRS,n,2.0NRT,D,50.0,10.0,,,,0,medium
9.96644,78.03188,TamilNadu,997_7803,2026-08-29,809.0,Industrial,1.0,Industrial,33.3,Medium,0.75,3.67,340.46,301.39,340.46,301.39,1.362,14.928,4.505,47.295,127.069,62.736,Tree cover,10.0,2045.4136962890625,0.13070098600339122,3.987786272963151e-15,,,0.5,2.0,dist_industrial_zone_km,4.2655,Classified as Industrial (100% confidence). low persistence / first-seen (persistence score 7/100). Intensity score 33/100. Overall risk: 33/100.,0.0,0.0,1.0,0.0,0.0,0.0,0.0,0.39,0.36,N21,VIIRS,n,2.0NRT,D,50.0,10.0,,,,0,medium
9.97713,76.37589,Kerala,998_7638,2026-08-30,2025.0,Mining/Extraction,1.0,Mining/Extraction,42.0,Medium,0.745,0.97,300.76,281.22,300.76,281.22,0.208,1.282,1.259,73.016,2.455,1.442,Built-up,50.0,6313.52685546875,0.7413915852262982,7.74624248844372e-07,0.49014127791489365,0.41779750543296834,1.0,51.0,dist_quarry_km,4.2716,Classified as Mining/Extraction (100% confidence). moderately persistent (persistence score 44/100). Intensity score 15/100. Overall risk: 42/100.,0.0,0.0,0.0,1.0,0.0,0.0,0.0,0.38,0.36,N21,VIIRS,n,2.0NRT,N,50.0,50.0,,,,0,medium
9.9884,77.44849,TamilNadu,999_7745,2026-09-02,835.0,Industrial,0.9999,Industrial,35.7,Medium,0.75,5.8,342.86,301.58,342.86,301.58,0.543,27.44,5.096,107.555,104.246,10.463,Cropland,40.0,1555.1214599609375,0.13070098600339122,7.006811537048877e-08,,,0.5,2.0,dist_industrial_zone_km,4.3636,Classified as Industrial (100% confidence). low persistence / first-seen (persistence score 7/100). Intensity score 42/100. Overall risk: 36/100.,1e-04,0.0,0.9999,0.0,0.0,0.0,0.0,0.49,0.49,N21,VIIRS,n,2.0NRT,D,50.0,40.0,,,,0,medium
9.98556,78.31762,TamilNadu,999_7832,2026-08-29,809.0,Other/Unknown,1.0,Other/Unknown,16.7,Low,0.35,6.83,342.21,309.43,342.21,309.43,4.614,18.107,9.112,28.662,141.1,38.83,,,,0.0,0.0,,,0.5,1.0,landcover_code,1.3112,Classified as Other/Unknown (100% confidence). low persistence / first-seen (persistence score 0/100). Intensity score 45/100. Overall risk: 17/100.,0.0,0.0,0.0,0.0,1.0,0.0,0.0,0.39,0.36,N21,VIIRS,n,2.0NRT,D,50.0,,,,,0,n/a
